id_noticia,ano,titulo,cluster,tsne_x,tsne_y,menciona_eletrico,menciona_hibrido,menciona_autonomo,menciona_diesel,menciona_suv
130764,2016,Honda NSX de 581 cv tem 1ª unidade entregue na Europa; preço equivale a R$ 667 mil,2,33.8336,55.217384,True,True,False,False,False
124063,2016,"Segredo: Hyundai ""New Tucson"" chega em agosto por R$ 140 mil",5,-15.776699,59.46655,False,False,False,False,False
123952,2016,Primeiros Shelby GT350 e Mustang GT 2016 são entregues no Brasil,5,-50.79626,-0.5301685,False,False,False,False,False
126574,2016,"Teste Rápido: agora com motor 1.2, Citroën C3 entra no clube da eficiência",4,41.89321,-18.449568,False,False,False,False,False
127388,2016,Colisão frontal entre Versa e Tsuru a 128 km/h deixa o veterano destruído - vídeo,5,-3.4729836,2.680333,False,False,False,False,False
127817,2016,Mitsubishi traz o primeiro automóvel com tração 4x4 para o Salão de São Paulo,5,5.758375,-30.945261,False,False,False,True,False
126696,2016,Teste CARPLACE: Novo Honda Civic resgata a ousadia e foco na dinâmica,2,28.353052,52.986412,False,False,False,False,False
127700,2016,Fiat lança Toro com motor Tigershark 2.4 de 186 cv por R$ 98.730,4,20.690075,22.877457,False,False,False,True,False
131827,2016,"Oficial - Novo Kia Picanto 2017 deixa design ""bonzinho"" de lado",0,-38.507256,50.795956,False,False,False,False,False
125395,2016,Avaliação: nova Triumph Street Twin é deliciosamente urbana,5,-0.32052827,1.1298314,False,False,False,False,False
125934,2016,Teste: Yamaha NMax 160 mostra suas armas para o Honda PCX 150,2,36.676125,52.9214,False,False,False,False,False
126044,2016,Ford Fusion Sport de 325 cv é lançado nos EUA por US$ 34.450,5,-54.65454,11.9112215,False,False,False,False,False
130171,2016,"Conheça Per Gillbrand, pai do downsizing e do Saab Turbo",5,9.934072,7.2294974,False,False,False,False,False
125643,2016,Nissan GT-R Nismo: versão preparada de 608 cv chega aos EUA por US$ 174.990,4,-2.6923401,-40.1316,False,False,False,False,False
126220,2016,Teste Rápido: VW Gol 1.0 duas portas volta ao básico com dignidade,5,-4.1181097,0.76140076,False,False,False,False,False
125358,2016,"Sucesso nos EUA, Dodge Journey deve se manter no mercado até 2018",5,-2.7749865,-2.5208576,False,False,False,False,False
125537,2016,Honda lança linha CG 125i e 160 Cargo 2016 com novidades - veja preços,2,30.245512,51.02068,False,False,False,False,False
131522,2016,Hyundai inicia produção do novo i30;  vendas começam em janeiro,0,-14.874485,62.062664,False,False,False,True,False
126290,2016,Novo Renault Mégane Sedan: substituto do Fluence aparece agora em vídeo,5,23.293257,-22.089872,False,False,False,False,False
125505,2016,"Com visual reestilizado, Chery Tiggo 3 é lançado na Argentina por US$ 22,7 mil",5,-36.999725,-29.34195,False,False,False,False,False
123224,2016,Yamaha já anuncia nova MT-09 Tracer em seu site por R$ 45.990,5,50.097908,43.765465,False,False,False,False,False
132213,2016,Ford Fusion vira alvo de investigação por possível falha nos freios,5,-53.946026,9.383954,False,False,False,False,False
131730,2016,Ford deve apresentar novo motor V8 4.8 no Salão de Detroit,0,-51.45848,-0.32388705,False,False,False,False,False
129263,2016,Transform 2025+ é o nome da virada de mesa da Volkswagen,5,-14.540786,2.6037629,True,False,True,True,False
125054,2016,Flagra pré-estreia: compare as diferenças entre o Fiat Mobi Easy e o Way,5,23.077234,19.287405,False,False,False,False,False
125195,2016,"Prima rica da S10, GMC Canyon estreia motor V6 de 312 cv e câmbio de oito marchas",4,-5.5282655,8.473081,False,False,False,False,False
130400,2016,"De onde veio a palavra MOIA, nome do ""Uber"" da Volkswagen?",5,-17.684721,4.5469036,False,False,False,False,False
123989,2016,Chevrolet Sonic 2017 ganha novo visual e mais tecnologia - veja fotos,5,3.2242906,18.0414,False,False,False,False,False
125257,2016,Honda City hatchback é revelado oficialmente - veja fotos,2,29.320751,53.721664,False,False,False,False,False
125252,2016,"Com cara nova, CVT e ESP, Lifan X60 chega ao Brasil até novembro",5,-0.51604414,-1.2262872,False,False,False,False,False
123130,2016,Volta Rápida: Jaguar XF bebe na fonte do XE e quer a liderança do segmento,5,-1.8844333,0.82883155,False,False,False,False,False
130265,2016,"Carros duas portas, peruas, câmbio manual – Mais do que tudo, salvem o direito às opções",5,3.394639,-12.545616,False,False,False,False,True
130693,2016,Picapes mais vendidas – Montana supera Saveiro pelo 2º mês seguido em novembro,1,79.429016,-13.037611,False,False,False,False,False
131108,2016,Mercedes-Benz mostra o Classe E Coupé antes do Salão de Detroit,4,-23.326735,-65.2215,False,False,True,True,False
131753,2016,Elon Musk sugere túneis como solução para congestionamentos,5,-1.9701661,-11.530478,False,False,True,False,False
129262,2016,"Renault Fluence fica mais caro e versão de topo vai a R$ 103,6 mil",4,9.510349,22.767662,False,False,False,False,False
128593,2016,Carplace agora é Motor1.com Brasil. O que muda?,5,-1.5260365,-7.651874,False,False,False,False,False
126272,2016,Mazda encerra parceria com a Ford e deve fazer próxima picape junto com a Isuzu,0,-58.110703,19.211342,False,False,False,False,False
132221,2016,"Conheça o divertido escritório da Hot Wheels pelo ""mannequin challenge""",5,-0.37687922,-9.116668,False,False,False,False,False
126186,2016,"Duster e Duster Oroch 2017: direção elétrica, regeneração de energia e câmbio automático na picape",5,24.094053,-23.1395,False,False,False,False,False
126085,2016,Volkswagen Santana com visual atualizado aparece em primeiras imagens,5,-16.779526,7.8547893,False,False,False,False,False
131612,2016,Novo Mercedes-Benz Classe E Coupé estreia com série Edition 1,0,-21.491514,-66.71864,False,False,True,True,False
130921,2016,Câmbio de 9 marchas da GM chegará a 10 modelos em 2017,5,1.4753461,15.810305,False,False,False,True,True
129936,2016,"Desejada no Brasil, Volvo V90 se torna viatura de polícia na Suécia",5,3.3864985,-6.6436577,False,False,False,False,False
126251,2016,Nissan Pathfinder 2017 estreia com visual atualizado e motor mais potente,5,-1.5390127,-42.64917,False,False,False,False,False
127385,2016,Citroën C4 Lounge S: série com visual esportivo chega por R$ 86.740,5,44.77964,-18.077318,False,False,False,False,False
132332,2016,Fundação Toyota colabora e Sorocaba economiza cerca de R$ 650 mil,5,-15.521409,37.97018,False,False,False,False,False
125239,2016,Audi lança financiamento com opção de recompra e aplicativo para cálculo,5,-54.761505,-36.970036,False,False,False,False,False
131247,2016,Dardo localizador e armadilha - os novos recursos da polícia para acabar com perseguições,5,4.127326,-10.706801,False,False,False,False,False
121850,2016,"Chrysler revela nova minivan Pacifica, sucessora da histórica Town & Country",5,-0.725348,1.1014067,False,False,False,False,False
132035,2016,Os cartões que recebemos também lhe desejam Feliz Natal!,5,-1.557584,-8.245809,False,False,False,False,False
126417,2016,Novo Michelin Pilot Sport 4 traz vantagens e mais segurança para esportivos,5,1.0561403,-0.054365966,False,False,False,False,False
130420,2016,Renault Sandero e Logan começam a ser produzidos na Argentina; Brasil vai de Kwid,0,26.116652,-24.965534,False,False,False,False,False
131069,2016,Importados têm segundo pior mês do ano em novembro; Sportage é o mais vendido,5,59.89022,4.9859967,False,False,False,False,False
127920,2016,Honda NXR 160 Bros 2017 chega com novas cores e preço inicial de R$ 9.990,2,30.160238,50.564693,False,False,False,False,False
124237,2016,Mais um flagra do Fiat Mobi: versão básica não tem limpador traseiro,5,23.02179,19.49002,False,False,False,False,False
130421,2016,Bentley comemora sucesso do Bentayga e já prepara carroceria cupê,5,-12.494697,-7.73207,False,False,False,False,True
131554,2016,Honda Odyssey 2018 tem primero teaser divulgado,2,30.457836,53.41381,False,False,False,False,False
132078,2016,Os 10 carros mais legais que dirigimos em 2016,0,-11.206909,-18.083761,False,True,True,True,True
131964,2016,Fiat convoca 500 para recall em pedal da embreagem,5,23.534868,21.109766,False,False,False,False,False
131715,2016,Peugeot não deve participar da próxima edição do Salão de Frankfurt,5,15.913476,2.872724,False,False,False,False,False
125858,2016,Brabus transforma Sprinter em van executiva de alto luxo de R$ 810 mil,5,-1.195229,-0.70284575,False,False,False,False,False
129552,2016,Honda Civic é o automóvel mais vendido no Canadá - veja o ranking,2,32.276196,11.97637,False,False,False,False,False
131761,2016,Lexus NX200t tem 515 unidades convocadas por falha no freio,5,9.759311,1.7369717,False,False,False,False,False
125982,2016,Novo Honda City Hatch tem primeiras imagens do interior reveladas,2,28.885225,54.255875,False,False,False,False,False
125379,2016,Nissan Sentra ganha versão SR turbo com visual esportivo e 190 cv,4,-1.5479007,-42.842148,False,False,False,False,False
132086,2016,Flagra - Renault Captur já roda emplacado em Santa Catarina,0,25.317898,-26.546677,False,False,False,False,True
131146,2016,Raridade - Fiat Coupé com apenas 1.300 km está à venda no Reino Unido,5,25.548292,21.167,False,False,False,False,False
131935,2016,Novo Chevrolet Tracker LT 2017 é exposto em shopping,4,-0.9485307,28.648973,False,False,True,False,False
124261,2016,"Recall: Mercedes convoca 3,5 mil unidades de Classe C e GLK no Brasil",5,-15.1796875,-65.484116,False,False,False,False,False
123555,2016,Hatches compactos: Fit lidera e New Fiesta tem pior resultado da história em fevereiro,5,-2.2619834,-1.3525754,False,False,False,False,False
126660,2016,Distrações ao volante: CESVI lista principais causas e efeitos,5,-1.6132191,-0.20626666,False,False,False,False,False
125801,2016,"Recall: Volkswagen convoca Gol, Voyage, Saveiro e Up! por falha no airbag",5,-15.908908,10.038077,False,False,False,False,False
130412,2016,Vídeo - Tempestade de neve provoca caos generalizado no trânsito,5,3.4853199,-10.363467,False,False,False,False,False
128702,2016,Tocada de Verstappen na chuva em Interlagos rende comparações com Senna,5,25.905842,-55.520267,False,False,False,False,False
130061,2016,Kia GT 2018: sedã de tração traseira estreia em janeiro - veja teaser,0,-38.85509,52.205437,False,False,False,False,False
125698,2016,Audi A3 Sportback ganha motor 1.0 TFSI três cilindros na Europa,5,-54.64165,-35.99593,False,False,False,False,False
125110,2016,Fiat Doblò 2017 chega apenas com motor 1.8 e preço inicial de R$ 76.890,5,21.582067,19.166622,False,False,False,False,False
123259,2016,"Desenvolvido no Brasil, Ford Ka está oficialmente confirmado para a Europa",5,-54.129406,10.757898,False,False,False,False,False
132188,2016,Vendas na Europa continuam a subir em novembro,1,39.347794,10.431242,False,False,False,False,True
127822,2016,Nissan Note e-Power é um elétrico que não precisa recarregar,0,-1.8245953,-45.589333,True,True,False,False,False
132144,2016,Nissan usará conectividades dos carros para melhorar pós-venda,5,2.2921069,-41.404503,False,False,False,False,False
123871,2016,"Teste CARPLACE: novo VW Jetta 1.4 TSI desafia o ""primo rico"" Audi A3 Sedan",5,-55.423943,-37.48904,False,False,False,False,False
121707,2016,FCA apresenta central Uconnect com Android Auto e Apple CarPlay,5,3.6493185,-1.3813623,False,False,False,False,False
125682,2016,Land Rover Discovery 2018 é revelado por completo - veja fotos e detalhes,5,-16.116423,-31.430996,False,False,False,False,False
125938,2016,Novo Hyundai Elantra chega ao Brasil em três versões a partir de R$ 84.990,4,-6.633576,64.11682,False,False,False,False,False
131299,2016,FCA conta os dias para celebrar liderança nas vendas em 2016,5,31.997906,16.159214,False,False,False,False,False
132388,2016,Mercedes-AMG S63 de Queen Latifah é roubado em posto de gasolina,5,-19.624426,-60.71333,False,False,False,False,False
128161,2016,Salão do Automóvel: Renault apresenta conceitos Sandero RS Grand Prix e Duster Extreme,5,23.610771,-21.54012,False,False,False,False,False
128099,2016,Salão do Automóvel: Mitsubishi ASX 2017 ganha cara nova e mais opções de acabamento,5,5.860589,-30.993471,False,False,False,False,False
125730,2016,Novo Civic Sedan estreia na Europa com motor 1.5 turbo de 182 cv e opção de câmbio manual,0,-5.7726574,7.8978415,False,False,False,False,False
132393,2016,Hyundai Creta indiano deve se inspirar no brasileiro e ganhar stop/start,0,-16.559769,61.901554,False,True,False,True,False
125051,2016,Audi apresenta acessório para carregamento sem fio de iPhone,5,-54.763752,-36.8217,False,False,False,False,False
129050,2016,SEM DX3: SUV compacto chinês surpreende com estilo assinado pela Pininfarina,5,-11.960505,-6.086075,False,False,False,False,True
125073,2016,"Flagra: sucessor do Discovery 4, novo Land Rover Discovery 2017 é pego na rua",5,-15.895884,-31.245281,False,False,False,False,False
130913,2016,Trailer de Velozes 8 surpreende com Toretto vilão,5,-0.8157651,-78.41089,False,False,False,True,False
131892,2016,"Rival do Prius, Hyundai Ioniq tem consumo médio de até 24,6 km/l",4,-23.190794,-9.555297,False,True,False,False,False
124427,2016,Teste CARPLACE: Audi TTS adiciona potência e tração na receita do cupê,5,-55.013103,-37.31895,False,False,False,False,False
126152,2016,"Ruim de loja, Volkswagen Jetta Hybrid deixará de ser oferecido nos EUA",5,-16.79991,7.442638,False,False,False,False,False
126033,2016,"Sonho de consumo nos anos 90 no Brasil, Kadett completa 80 anos de história",5,-5.212709,-4.0925145,False,False,False,False,False
123787,2016,Avaliação: Hyundai Azera 3.0 V6 é um dos últimos moicanos,5,-15.786051,59.436047,False,False,False,False,False
125872,2016,Intermot: Conheça a nova Honda CBR 1000RR em detalhes - fotos e vídeo,2,29.712511,52.973385,False,False,False,False,False
122476,2016,Fez até geladeira! Confira a história dos 91 anos da GM no Brasil,5,3.8954804,6.5401807,False,False,False,False,False
123510,2016,"Mistura de SUV e minivan, a nova (e bela) Renault Scenic estreia em Genebra - fotos",0,23.441343,-21.640297,False,False,False,False,True
131041,2016,Subaru Impreza desbanca Prius e é eleito Carro do Ano no Japão,5,-3.253164,-5.4495883,False,False,False,False,False
126436,2016,"Segredo: Novo Renault Mégane Sedan virá ao Brasil, mas ""no momento certo""",5,23.403109,-22.10259,False,False,False,False,False
122832,2016,"Indefinido no Brasil, Fiat Tipo será lançado no México como Dodge Neon",5,23.592731,18.603157,False,False,False,False,False
130208,2016,Assista ao vivo aos Autosport Awards aqui conosco!,5,21.06065,-47.10303,False,False,False,False,False
123541,2016,Jeep Cherokee fica R$ 30 mil mais barato - veja outros modelos da FCA com desconto,5,36.350513,-4.050032,False,False,False,False,False
126037,2016,Novo Citroën C4L tem primeiras fotos oficiais divulgadas,5,44.527718,-18.072567,False,False,False,False,False
125770,2016,"Honda PCX chega à linha 2017 com novas cores e preço inicial de R$ 10,3 mil",2,30.15585,50.688152,False,False,False,False,False
125048,2016,"Irmã da Chevrolet S10, picape Colorado 2017 ganha cinco estrelas em segurança",5,3.9624684,17.716122,False,False,False,False,False
125582,2016,Pesquisa: veja quem são os novos compradores de SUVs,5,-1.861646,-0.45774072,False,False,False,False,False
125047,2016,Próximo BMW i3 terá menos fibra de carbono para ficar mais barato,3,-69.146324,-10.341112,False,False,False,False,False
131129,2016,"Toyota C-HR é lançado no Japão com preço inicial equivalente a R$ 72,4 mil",4,-9.572104,40.642624,False,True,False,False,True
125828,2016,Novo Chevrolet Cruze 2017 é lançado a partir de R$ 89.990 - veja versões e preços,4,4.359059,20.217024,False,False,False,False,False
131504,2016,Lamborghini Aventador S 2017 chega com 740 cv e rodas traseiras esterçantes,4,-15.359272,-14.362197,False,False,False,False,False
128176,2016,"Volkswagen Golf estreia visual renovado, motor 1.5 TSI e novo câmbio DSG",0,-30.722694,24.772326,False,False,False,False,False
131555,2016,Fiat Ducato nacional tem produção encerrada e pode vir do México,5,26.392368,16.678188,False,False,False,False,False
132133,2016,Hyundai CAOA oferece HB20 com desconto de até R$ 7 mil,4,11.025032,14.137215,False,False,False,False,False
123418,2016,VW Phideon: novo sedã grande é para dono andar no banco de trás,5,-4.0276456,0.49273518,False,False,False,False,False
131176,2016,Torino 380 Concept é recriação de sedã argentino da Renault,0,18.837652,-17.480608,False,False,True,False,False
123031,2016,Volta Rápida: Toyota SW4 se reinventa para encarar concorrência premium,5,-12.08495,33.53625,False,False,False,False,False
131344,2016,Nova perua? Volkswagen Arteon pode ganhar carroceria Shooting Brake,0,-23.868338,7.1046247,False,False,False,False,False
125578,2016,"Americano roda 1,6 milhão de km com Toyota Tundra e ganha modelo 0km",5,-4.6630282,4.809346,False,False,False,False,False
122629,2016,Novo BMW X1 montado no Brasil chega em março com motor flex,3,-68.68383,-9.378653,False,False,False,False,False
131341,2016,Veja a revelação da Ferrari J50 no Japão - vídeo,5,14.194701,-62.81509,False,False,False,False,False
131149,2016,Lamborghini Murciélago é destruída pelo governo taiwanês,5,-5.176721,-14.895018,False,False,False,False,False
121783,2016,Vídeo: motorista de Lamborghini tenta a sorte ao atravessar alagamento,5,-5.2984757,-15.142605,False,False,False,False,False
126687,2016,Sedãs grandes mais vendidos: Fusion emplaca 10 vezes mais que vice-líder no 1º semestre,5,-2.0647202,-1.8594517,False,False,False,False,False
127697,2016,Comparativo Onix Joy Vs. Gol Trendline: Disputa racional,4,-26.955729,-4.003271,False,False,False,False,False
131566,2016,Recall - Jeep Cherokee é convocado por falha no câmbio,5,36.253754,-1.8573267,False,False,False,False,False
130296,2016,Mais de 90% das vendas de Fluence em novembro foram para PJ - veja o top 50,1,75.65685,17.337154,False,False,False,False,False
125535,2016,Novo Nissan Sentra 2017 chega às lojas em junho somente com câmbio CVT,5,-1.3776991,-42.70214,False,False,False,False,False
130167,2016,IPVA: Governo de SP não enviará carta a partir de 2017,5,12.807557,-7.356378,False,False,False,False,False
122713,2016,"Triumph atualiza a Tiger Sport 1050, rival da Kawasaki Versys",5,0.0036732075,1.1157781,False,False,False,False,False
125179,2016,"Jeep Renegade agora tem nova cor ""Cinza Antique"" por R$ 1.400",5,36.734318,-3.9197233,False,False,False,False,False
125304,2016,BMW Série 7 de Vladimir Putin se envolve em acidente e motorista morre - vídeo,3,-69.06661,-10.919293,False,False,False,False,False
123264,2016,Invencível: vídeo mostra Hilux sendo atacada por rinoceronte,5,1.3538417,-10.083679,False,False,False,False,False
132299,2016,"Freios automáticos evitaram mais mortes no atentado em Berlim, diz site",5,3.0433183,-7.6034007,False,False,False,False,False
131779,2016,"Citroën C3 WRC, para o Mundial de Rali, aparece em Abu Dhabi",5,47.136837,-19.931835,False,False,False,False,False
122353,2016,Toyota Corolla foi o carro mais vendido no mundo em 2015 - veja lista,5,-14.985726,40.78731,False,False,False,False,False
125907,2016,"Volta Rápida: Na terra com o Fiat Mobi Way, suspensão é ponto alto",5,23.706015,19.196226,False,False,False,False,False
125044,2016,Ford EcoSport 2017 fica mais caro e agora parte de R$ 69.800 - veja preços,5,-57.04323,10.67122,False,False,False,False,False
125387,2016,Honda Fit e HR-V chegam à linha 2017 mais equipados - veja preços,2,29.739305,51.435238,False,False,False,False,False
130394,2016,Hatches compactos – Peugeot 208 é único a crescer em relação a 2015,1,73.75452,-13.947009,False,False,False,False,False
131269,2016,Porsche liberará licença para ter seus modelos em jogos,5,-34.740753,-44.207623,False,False,False,False,False
125310,2016,"Insólita, Yamaha MT-09 de três rodas deverá ser lançada em 2018",5,50.202744,43.39678,False,False,False,False,False
124135,2016,Avaliação: Yamaha MT-09 Tracer e BMW S1000 XR - o fascínio das novas crossovers,3,50.844833,44.10583,False,False,False,False,False
123157,2016,Praieiro moderno: Citroën C4 Cactus ganha versão Rip Curl e Grip Control,5,44.81727,-18.104465,False,False,False,False,False
130243,2016,Vídeo mostra os detalhes do novo Ford Fiesta 2018,0,-49.486637,16.224308,False,False,False,True,False
131943,2016,Nissan Frontier encarna espírito natalino e vira ajudante de Papai Noel,5,-9.128317,-51.77851,False,False,False,False,False
131610,2016,Limite de velocidade nas marginais em SP volta a subir em janeiro; veja detalhes,5,9.763488,-5.2527685,False,False,False,False,False
131888,2016,"Triumph libera teaser da nova Street Triple 2017, que será apresentada em janeiro - vídeo",5,38.452324,32.7808,False,False,False,False,False
132069,2016,Ken Block brinca na neve com uma Ford F-150 Raptor,0,-52.90135,28.045,False,False,False,False,False
131226,2016,"Aguardada no Brasil, Kawasaki Versys-X 300 tem preços a partir de R$ 18 mil... nos EUA",4,39.400517,34.61594,False,False,False,False,False
128266,2016,Salão do Automóvel: T4 Xtreme é um conceito Troller com toques de Bronco,0,-62.741913,15.328649,False,False,False,True,True
122206,2016,BMW Motorrad passa a oferecer rastreador grátis para oito modelos,3,-69.75125,-10.353566,False,False,False,False,False
131969,2016,Neto de Fittipaldi se junta à academia de pilotos da Ferrari,5,19.531542,-56.46141,False,False,False,False,False
130806,2016,Linha Volkswagen passa por reajuste de preços,4,-17.567787,20.294584,False,False,False,False,False
130462,2016,Mercedes admite que considera Alonso para lugar de Rosberg,5,22.564493,-52.27955,False,False,False,False,False
131508,2016,Pop-up stores - Jeep e Vespa se aproximam dos clientes com lojas temporárias,5,-13.074997,-29.341097,False,False,False,False,False
126661,2016,Teste: Ducati Scrambler é o MINI Cooper das motos - no estilo e na diversão!,2,40.416374,40.06396,False,False,False,False,False
131845,2016,Honda alcança 100 milhões de unidades produzidas no mundo,2,31.615606,53.95551,False,False,False,False,False
131242,2016,Euro NCAP divulga prêmio com os melhores carros do ano em cada categoria,5,38.80974,-35.51155,False,False,False,False,False
122459,2016,Especialista lista cinco dicas para prolongar vida útil dos pneus,5,-1.5886118,0.014342465,False,False,False,False,False
130030,2016,"Cruze Hatch começa a ser vendido na Argentina por preço equivalente a R$ 78,6 mil",4,1.7381905,19.60234,False,False,False,False,False
125142,2016,Harley-Davidson apresenta novo motor e suspensão para a linha 2017,5,46.02457,28.707592,False,False,False,False,False
130805,2016,Vendas globais da Kia avançam quase 10% em novembro; Brasil vai mal,5,58.919735,5.5999675,False,False,False,False,False
128459,2016,Proprietários de Tesla estão recarregando seus carros com reboque,5,-6.2100787,-11.644914,True,False,False,False,True
130544,2016,PSA investirá US$ 320 milhões na Argentina para produzir novos compactos,5,22.588593,5.267079,False,True,False,False,False
126357,2016,"Audi A3: com vendas em baixa, versões de 2 portas e Cabriolet devem sair de linha",5,-54.830727,-36.503345,False,False,False,False,False
130046,2016,Peugeot fabricará sua inédita picape média na Tunísia,0,23.811335,6.68163,False,False,False,False,False
130934,2016,Flagra: Novo Mercedes Classe E Coupe cai na rede antes da estreia,0,-21.11531,-66.79082,False,False,False,False,False
126506,2016,Jeep Renegade começa a ser exportado para o Paraguai com motor 1.8 e-TorQ,5,37.789623,-3.5759614,False,False,False,False,False
126469,2016,"Esta é a nova Honda Freed, minivan baseada no Fit - veja fotos",2,29.82837,52.661816,False,False,False,False,False
128192,2016,Salão de SP: Kia traz Cadenza GDI e Optima GT apenas para degustação,5,-38.925396,52.745888,False,False,False,False,False
129955,2016,Chevrolet confirma S10 Advantage 2017 com preço de R$ 89.990,4,4.642107,21.23524,False,False,False,False,False
126095,2016,Fiat Qubo chega a linha 2016 com retoques no visual,5,22.342348,19.66268,False,False,False,False,False
130209,2016,Mercedes-Benz revela faróis HD que projetam informações na estrada,5,-18.284948,-61.657806,False,False,False,False,False
125084,2016,"BMW 2002 Hommage ""troca de roupa"" para Pebble Beach",3,-69.89839,-12.810784,False,False,False,False,False
131452,2016,Yamaha confirma participação no Dakar com piloto brasileiro,5,50.20565,42.87333,False,False,False,False,False
125462,2016,JAC T5 ganha reestilização e interior mais refinado na China,5,-2.877819,-0.69545704,False,False,False,False,False
132301,2016,Takata pode ser multada mais de US$ 1 bilhão por airbags defeituosos,5,2.3951876,-6.539441,False,False,False,False,False
126017,2016,"Mercedes GLE ganha série 450 AMG Black Editon de 367 cv por R$ 475,9 mil",5,-22.910086,-63.082653,False,False,False,False,False
131131,2016,Chevrolet celebra entrega das três primeiras unidades do Bolt,5,-4.25137,12.326313,True,False,False,False,False
131800,2016,Triumph inaugura no Brasil sua primeira loja outlet do mundo; descontos podem chegar até 60%,5,1.1489813,1.6992903,False,False,False,False,False
130546,2016,"Dodge Challenger GT 2017 é o primeiro com tração integral, mas sem V8",4,-16.405655,-18.99885,False,False,False,False,False
129229,2016,"Ainda sobre plataforma antiga, VW CC deixa de ser fabricado",0,-24.273935,6.558425,False,True,False,True,False
126720,2016,"SUV, sedã ou picape? Kicks, Cruze e Toro respondem a dúvida dos R$ 90 mil",0,-0.23342894,-1.6319888,False,False,False,False,True
130333,2016,"""Fabricantes economizam em segurança"", diz Latin NCAP",5,39.22972,-36.12351,False,False,False,False,False
125156,2016,"Novo Honda Civic 1.5 turbo de 174 cv é lançado na China por US$ 20,1 mil",2,26.196096,56.44262,False,False,False,False,False
125372,2016,"Flagra: Fiat Toro já roda nos EUA, onde será vendida como RAM",5,17.086643,35.869762,False,False,False,False,False
131925,2016,Honda City 2018 terá reestilização para se parecer com Civic,2,24.351288,60.15507,False,False,False,False,False
131279,2016,McLaren atinge a marca de 10.000 carros fabricados,5,-7.6839237,-8.76748,False,False,False,False,False
125900,2016,"""Porsche para o povo"", Zotye SR9 começa a ser vendido pelo equivalente a R$ 42 mil",5,-33.8869,-43.532917,False,False,False,False,False
124504,2016,Audi lança novo A4 no Brasil com preços a partir de R$ 159.990,4,-53.53174,-36.606384,False,False,False,False,False
121788,2016,"Na contramão de Civic e Corolla, Fluence fica mais barato e parte de R$ 69.990",4,-10.381365,32.574852,False,False,False,False,False
124326,2016,"Teste CARPLACE: Afinal, como anda (e quanto bebe) a Fiat Toro 1.8 Flex?",5,22.80153,18.879007,False,False,False,False,False
131237,2016,Jeep Renegade e Alfa Romeo Giulia e Giulietta viram carro de polícia,5,35.77214,-4.708908,False,False,False,True,False
131949,2016,Uber transfere XC90 autônomos barrados na Califórnia para o Arizona,5,2.8521545,-6.454531,False,False,True,False,False
131184,2016,O primeiro Porsche 911 conversível será leiloado,5,-1.3305578,-81.4763,False,False,False,False,False
130097,2016,Jeep Compass mostra força na estreia e bate até o Honda Civic,5,37.54931,-1.9287903,False,False,False,False,False
130087,2016,Nikola One e Nikola Two serão os novos caminhões elétricos do mundo,5,-19.63388,-10.973237,True,False,False,True,False
131124,2016,Latin NCAP divulgará resultado de nova avaliação nesta quinta-feira,5,39.27304,-36.089447,False,False,False,False,False
125618,2016,"Teste Rápido: Audi A1 Ambition 1.8 faz jus ao apelido ""foguetinho de bolso""",5,-55.2605,-37.393654,False,False,False,False,False
122404,2016,Porsche 718 Boxster é revelado com motores 4 cilindros biturbo - veja fotos,5,-33.811535,-44.17397,False,False,False,False,False
122823,2016,"SUV mais vendido do mundo, Ford Explorer ganha duas versões inéditas",5,-53.87676,11.287393,False,False,False,False,True
122732,2016,"""As mina pira"": mulheres dominam lista de interessados pelo Evoque conversível",5,-1.1979041,-0.008708164,False,False,False,False,False
123674,2016,Teste CARPLACE: Golf GTI nacional anda mais que o importado,4,-32.410526,28.722439,False,False,False,False,False
126056,2016,Chevrolet Cruze SW: projeção prevê visual da perua de nova geração,0,2.7765212,17.851437,False,False,False,False,False
131382,2016,Primeiro Ford GT 2017 sai da linha de montagem no Canadá,5,-48.587925,-3.0373006,False,False,False,False,False
131782,2016,Motorsport.com anuncia parceria com Corrida dos Campeões,5,22.442276,-45.988808,False,False,False,False,False
123430,2016,"Este é o novo Audi Q2, que estreia com visual ""quadradinho"" e motor 1.0 TFSI - veja fotos",0,-54.70534,-35.019318,False,False,False,False,False
121994,2016,Campeões de 2015 (hatches médios): vendas do segmento despencam 42%,5,-2.1870444,-1.8663763,False,False,False,False,False
129889,2016,"Pode arredondar? Especialista alerta para riscos do ""chorinho"" no abastecimento",5,6.0398283,-11.079562,False,False,False,True,False
131624,2016,Nissan March e Versa têm nota rebaixada pelo Latin NCAP após auditoria,5,40.750015,-35.997,False,False,False,False,False
126106,2016,Yamaha vai encerrar produção da XT 660Z Ténéré em breve,5,49.741253,42.862038,False,False,False,False,False
132084,2016,Chevrolet Agile chega ao fim da linha (de vez),5,1.7661049,13.9389105,False,False,False,False,False
130165,2016,Audi A3 comemora 20 anos de evoluções,0,-53.3415,-30.661562,False,False,False,False,False
130797,2016,Lexus LS 2018 estreia em janeiro com visual inspirado no descolado LC,0,-15.590098,-10.268399,False,True,False,False,False
128882,2016,Jeep Compass chega ao mercado americano com motor 2.4 Tigershark,4,41.52755,-4.0605793,False,False,False,True,False
130414,2016,Hatches médios -  Versão 1.0 turbina vendas do Golf em novembro,1,70.950905,-13.236846,False,False,False,False,False
126101,2016,Novo Ford GT abocanha 4 das 5 primeiras posições na Le Mans 2016,5,-53.78959,5.377564,False,False,False,False,False
130683,2016,Piaggio estreia no Brasil com quatro scooters e preços a partir de R$ 15.900,5,39.272488,34.656246,False,False,False,False,False
130575,2016,"Procurando piloto, Mercedes anuncia vaga na revista Autosport",5,22.37304,-51.954624,False,False,False,False,False
124220,2016,Futuro x presente: BMW i8 desafia M4 numa prova de arrancada - vídeo,3,-69.0681,-10.6478,False,False,False,False,False
125094,2016,Chevrolet Montana 2017 recebe mudanças mecânicas para ficar mais econômica,5,3.1858184,17.825981,False,False,False,False,False
130642,2016,Os mais seguros: veja a lista dos vencedores do Top Safety Pick+ 2017,5,2.2574835,-5.2821465,False,False,False,False,False
129626,2016,"Novo Hyundai Tucson 2017 - Versões, preços e equipamentos",4,-8.188904,62.386486,False,False,False,True,True
125442,2016,"Yamaha traz de volta a Neo, agora com motor 125 e novo design, por R$ 7.990",2,49.797897,43.823967,False,False,False,False,False
130690,2016,Volkswagen lança bicicletas no Brasil com preço inicial de R$ 9.463,5,-17.595284,7.4271755,False,False,False,False,False
124015,2016,Yamaha lança scooter NMax 160 e naked MT-03 no Brasil - veja preços e como andam,2,49.962463,43.44202,False,False,False,False,False
122337,2016,"Pedal de acelerador que ""vibra"" promete reduzir consumo e riscos no trânsito",5,-1.1790993,0.4420792,False,False,False,False,False
122072,2016,"Gol a diesel, CKD no Irã, Passat Iraque: 10 curiosidades sobre as exportações da VW",5,-15.589753,9.087647,False,False,False,True,False
130153,2016,Jaguar Land Rover homologa blindagem no Brasil para manter garantia de fábrica,5,-16.192446,-32.39804,False,False,False,False,False
125612,2016,"Novo Civic Hatch 2017 terá preço inicial de US$ 19,7 mil nos EUA",5,-1.3116875,4.6700296,False,False,False,False,False
126599,2016,"Triumph bate próprio recorde de velocidade em deserto de sal: 438,72 km/h!",5,-3.7643235,3.0171072,False,False,False,False,False
132404,2016,"Motorista toma susto na estrada com ""gelo voador""",5,2.8868842,-10.52702,False,False,False,False,True
129508,2016,Karmann-Ghia tem falência decretada,5,-9.586364,1.4911473,False,False,False,False,False
129345,2016,BMW i3 e Nissan Leaf no top 10 de vendas... da Noruega,5,38.13078,12.288328,False,True,False,False,False
131872,2016,"Após polêmica, Uber retira XC90 autônomo de circulação nos EUA",5,2.993332,-6.447724,False,False,True,False,False
125584,2016,"Recall: Jeep Renegade 1.8 Flex tem 24,6 mil unidades convocadas",5,37.049118,-2.2833464,False,False,False,False,False
129451,2016,Ford Mustang para crianças tem até controle de tração e estabilidade,5,-50.983257,-0.9787564,True,False,False,False,False
126980,2016,Especial: visitamos a nova fábrica da BMW Motorrad em Manaus (AM),3,-70.688385,-10.008386,False,False,False,False,False
122490,2016,"Inaugurada com 206 e Picasso, Peugeot-Citroën do Brasil comemora 15 anos",5,22.303236,4.8141217,False,False,False,False,False
125282,2016,Uma joia: conheça a miniatura do Bugatti Chiron que custa R$ 35 mil!,5,-1.0173786,-0.89870346,False,False,False,False,False
130415,2016,"Nas lojas desde outubro, Hyundai Elantra é lançado oficialmente",4,-8.270815,62.066708,False,False,False,False,False
130747,2016,"Ladrões usam ""dispositivo misterioso"" para roubar carros ""sem chave""",5,7.0020823,-7.0633354,False,False,False,False,False
121814,2016,Novo Toyota RAV4 2016 é lançado no Uruguai por US$ 45.990,5,-10.5806055,32.699154,False,False,False,False,False
126698,2016,Sedãs grandes mais vendidos: Fusion domina e Azera chega ao fundo do poço em julho,5,-2.0910304,-1.6648092,False,False,False,False,False
122305,2016,VW divulga versões e preços do Golf nacional: 1.6 parte de R$ 74.590,5,-30.528166,28.293161,False,False,False,False,False
126028,2016,Nissan lança revisão com preços fixos para modelos fora de linha - veja tabela,4,-4.225262,-42.823765,False,False,False,False,False
125124,2016,"No Brasil em 2017, novo Volkswagen Tiguan recebe motores de 220 e 240 cv",5,-25.598063,9.996808,False,False,False,False,False
131489,2016,"Recém-lançado no Brasil, Maserati Levante tem 12 unidades envolvidas em recall",5,9.746987,1.5521948,False,False,False,False,True
132284,2016,FCA poderia vender Alfa Romeo e Maserati para cobrir dívidas,5,-9.279803,-6.491931,False,False,False,False,False
132322,2016,Veja a lista com os carros mais baratos de reparar em 2016,5,1.4417938,-6.1328607,False,False,False,False,False
132382,2016,"Flagra - Honda City 2008, reestilizado, aparece limpo em site malaio",2,23.908657,60.345905,False,False,False,False,False
131603,2016,Toyota anuncia Rafael Chang como novo presidente para o Brasil,5,-16.529089,38.335976,False,False,False,False,False
126348,2016,Recall: Ford convoca Ranger para reparar falha no mecanismo do banco traseiro,5,-54.840755,9.716103,False,False,False,False,False
130263,2016,"Trekka, o ""Defender"" que a Skoda adotou",5,-17.732056,-27.53487,False,False,False,False,True
124518,2016,Cabe mais combustível do que a capacidade do tanque? Auditoria mostra que sim,5,-1.1551238,0.5230999,False,False,False,False,False
131343,2016,"Kia Niro alcança 32,5 km/l e entra para o Guinness, o livro dos recordes",0,-39.005314,51.369156,True,True,False,False,True
125820,2016,CARPLACE TV: Renault Mégane Sedan 2017 no Salão de Paris,5,23.498077,-21.57912,False,False,False,False,False
130689,2016,"“Agora posso voltar a ser amigo de Hamilton”, brinca Rosberg",5,22.236313,-53.611183,False,False,False,False,False
126177,2016,Volta Rápida: como andam as novas Yamaha Factor 125 flex e Fazer 150 UBS,5,50.08915,43.277832,False,False,False,False,False
131451,2016,Especial mercado - O que os brasileiros estão comprando,1,70.713425,-20.112782,False,False,False,False,True
125925,2016,Novo Honda CR-V 2017 é revelado com motor 1.5 turbo e mais tecnologia - veja fotos,2,29.212807,52.081028,False,False,False,False,False
125873,2016,Fiat Punto perde as versões T-Jet e Sporting na linha 2017,5,21.709852,19.428268,False,False,False,False,False
123762,2016,Honda CG 160 Start 2016 chega em abril por R$ 7.390,2,30.612091,51.31474,False,False,False,False,False
129150,2016,Volta Rápida: Como andam as novas Harley 2017 com motor Milwaukee-Eight,4,39.804733,35.69855,False,False,False,False,False
123488,2016,Mitsubishi L200 Triton 2017 ganha quatro novas versões e parte de R$ 89.990,4,10.218719,-32.09543,False,False,False,False,False
130126,2016,Focus e Renegade lideram ranking dos carros mais seguros do Brasil,5,37.412533,-35.21085,False,False,False,False,False
126212,2016,Patrulha Mirim: crianças se tornam fiscais dos pais em ação de segurança veicular,5,1.8923519,-0.5805084,False,False,False,False,False
125529,2016,Novo Ford Fusion 2017 chega mais tecnológico e potente - veja preços,5,-56.95292,10.670404,False,False,False,False,False
126438,2016,"Nova Honda CBR 1000RR Fireblade 2017 será mais leve, potente e agressiva",2,29.50409,51.913044,False,False,False,False,False
126665,2016,Teste CARPLACE: VW Gol 2017 tenta revanche contra o Hyundai HB20,4,-27.09136,-3.9255977,False,False,False,False,False
131652,2016,Ducati lança promoção com taxa zero em dezembro - veja preços,5,12.404605,13.517047,False,False,False,False,False
125335,2016,Teste CARPLACE: novo Audi A4 encara Jaguar XE na investida contra BMW e Mercedes,3,-56.515396,-38.463493,False,False,False,False,False
125437,2016,É racha! Novo BMW M2 desafia Mercedes A45 AMG na arrancada (vídeo),3,-18.790707,-59.19358,False,False,False,False,False
131510,2016,Suzuki Swift 2017 - Catálogo vazado antecipa visual e detalhes técnicos,0,3.509945,51.96977,False,True,False,False,False
126467,2016,Kia divulga tabela de revisões com preço fixo para todos os modelos,5,-40.5333,52.692432,False,False,False,False,False
121597,2016,Faróis a laser: você está disposto a pagar (caro) pela tecnologia?,5,-1.5347878,-0.184817,False,False,False,False,False
132357,2016,Urus é confirmado como primeiro Lamborghini híbrido plugin,5,-7.8611884,-17.023438,False,True,False,False,True
125796,2016,Novo tipo de camuflagem para carros de teste é arma da Ford contra os espiões,5,-56.08191,8.29708,False,False,False,False,False
130807,2016,Hyundai garante pódio entre montadoras pelo 3º mês seguido,5,-12.250215,70.07551,False,False,False,False,True
129097,2016,"Concorrente do A3 Sedan, BMW Série 1 Sedan aparece oficialmente na China",3,-66.01174,-8.694882,False,False,False,False,False
125655,2016,Hyundai: primeira greve geral em 12 anos paralisa produção na Coreia do Sul,5,-16.014046,59.45894,False,False,False,False,False
125290,2016,Duelo ianque: a esportividade da Indian Scout ou a tradição da Harley Forty-Eigth?,5,0.7250663,2.1907644,False,False,False,False,False
125211,2016,"Do Audi 100 ao novo TT RS, motor 5-cilindros da marca completa 40 anos",5,-52.980835,-35.257896,False,False,False,False,False
130163,2016,Contran suspende obrigatoriedade de cadeirinhas em veículos escolares,5,10.427951,-9.427076,False,False,False,False,False
127828,2016,Tesla Model S já está sendo vendido no Brasil por R$ 650 mil,5,-19.295122,-10.856805,True,False,True,False,False
125610,2016,"SUV do Cruze, novo Chevrolet Equinox estreia com pretensões globais e motores turbo",0,-3.2552407,17.489384,False,False,False,False,True
130569,2016,"Com fila de espera de três anos, Bugatti Chiron terá produção ampliada",5,-7.333249,-6.6071887,False,False,False,False,False
125696,2016,Volta Rápida: Nissan Sentra 2017 traz pouco para combater os novos rivais,5,-1.0847943,-42.69891,False,False,False,False,False
131736,2016,Mercedes-Benz deve apresentar pelo menos 11 novidades em 2017,0,-18.776842,-66.140144,False,False,False,False,False
130537,2016,Sedãs compactos - Ford Fiesta Sedan chega ao fundo do poço,1,75.37941,-12.227673,False,False,False,False,False
131937,2016,Veja a lista dos carros mais vendidos na Alemanha em novembro,5,39.512524,10.371313,False,False,False,False,False
131078,2016,EUA propõe lei para comunicação V2V obrigatória em prol de segurança,5,-0.833823,-80.56866,False,False,True,False,False
125489,2016,Envelopamento de carros exige cuidados e regularização da documentação,5,4.7651324,-10.712584,False,False,False,False,False
132215,2016,Ford comemora produção de 200 mil motores na fábrica de Camaçari (BA),5,-45.673306,6.9566708,False,False,False,False,False
122912,2016,Evento promete reunir o maior número de Hayabusas do Brasil,5,-2.0578113,-6.234179,False,False,False,False,False
125394,2016,"Fiat Uno 2017 estreia novos motores Firefly, direção elétrica e ESP  - veja preços",5,21.401917,19.378365,False,False,False,False,False
126260,2016,"Teste CARPLACE: Fiesta EcoBoost e up! TSI, os 1.0 turbo vieram para ficar",5,-2.8492432,0.14985147,False,False,False,False,False
132410,2016,Novo Chevrolet Cruze Sport6 já está mais caro,4,4.4360256,20.646662,False,False,False,False,False
131607,2016,Valentino Rossi vira customizador com Ford Ranger e Transit,0,-53.346222,25.74391,False,False,False,True,False
125175,2016,Nova BMW F 800 GS recebe suspensão eletrônica e chega por R$ 45.900,3,-72.92412,-8.526691,False,False,False,False,False
131288,2016,"Toyota C-HR ganha ""chamativos"" kits esportivos TRD e Modellista",4,-10.628905,37.100307,False,True,False,False,True
131178,2016,"Oettinger mostra kit de personalização para Golf GTI, GTD e R",5,-33.01205,28.461605,False,False,False,False,False
127982,2016,Salão do Automóvel: Nova Nissan Frontier chega em 2017 com 190 cv e sete marchas,5,-2.0097108,-42.390953,False,False,False,False,False
125070,2016,"Este é o novo JAC S1, mini-crossover com estilo aventureiro baseado no J2",5,-4.4782376,-1.5929757,False,False,False,False,False
130915,2016,"Detran-SP apreende VW Gol com 2.118 multas e R$ 16.226.906,42 em débitos",5,1.9982169,-8.728672,False,False,False,False,False
131887,2016,Veja o novo Peugeot 3008 DKR pilotado por Sébastien Loeb - vídeo,5,16.047113,2.542847,False,False,False,False,False
128693,2016,Nissan lança Sentra Nismo com visual esportivo e 190 cv,4,-3.5896266,-50.0556,False,False,False,False,False
126114,2016,Volta Rápida: Citroën C3 1.2 Puretech mostra que chique é ser econômico,5,45.52482,-18.761745,False,False,False,False,False
125966,2016,Nova Yamaha YZF-R6 2017 ganha componentes da R1 e pacote eletrônico,5,50.594208,43.333237,False,False,False,False,False
131345,2016,Renault Captur nacional será exposto em concessionárias antes do lançamento,0,25.15382,-26.032475,False,False,False,False,True
132234,2016,Suzuki apresentará prévia da nova geração do Jimny em abril,0,3.6000054,52.563713,False,False,False,False,True
125833,2016,Jaguar F-Pace chega ao Brasil com preço inicial de R$ 309.300,5,-0.2515063,-0.26691827,False,False,False,False,False
125436,2016,Segredo: GM terá Onix basicão no lugar de Celta e Classic,5,2.7873335,17.30288,False,False,False,False,False
131378,2016,Nissan Note Nismo: versão esportiva ganha opção de motor elétrico,4,-1.5807476,-46.535854,True,False,False,False,False
131766,2016,Software que bloqueia celular no carro pode virar realidade,5,9.728579,-10.472998,False,False,False,False,False
126200,2016,"Porsche inaugura concessionária em Recife, a 1º da marca no Nordeste",5,-34.284462,-43.935375,False,False,False,False,False
130460,2016,"Ford admite ""cortes"" em alguns segmentos para focar nos SUVs",5,-50.95685,9.57083,False,False,False,False,False
130350,2016,Recall - Volkswagen convoca Up! para reparar falha na seta e na tampa do tanque,5,9.729813,1.9799081,False,False,False,False,False
132339,2016,E os carros mais buscados do Brasil no Google foram...,0,-11.543311,18.185781,False,False,False,False,True
129160,2016,NextEV Nio EP9 é hipercarro chinês elétrico com raízes brasileiras,5,-19.056702,-15.208156,True,False,False,False,False
127419,2016,"Sem chance no Brasil, Fiat Fullback estreia na Bolívia pelo equivalente a R$ 90 mil",4,16.037277,27.118706,False,False,False,True,False
132062,2016,Nova família VW Gol só chega em 2018,0,-18.309982,13.366026,False,False,False,False,True
125676,2016,Honda lança nova CB190R na Argentina. Brasil será o próximo?,2,31.173273,48.00284,False,False,False,False,False
125640,2016,Recall: Yamaha vai trocar o chassi da XTZ 150 Crosser por risco de quebra,5,50.839333,43.239536,False,False,False,False,False
131597,2016,"Citroën lança manutenção com preço fixo para C3, C4 Lounge e Aircross",5,45.748463,-18.808323,False,False,False,False,False
127395,2016,Nissan Sentra Nismo de 240 cv pode ganhar versão de produção em novembro,5,-1.2396643,-42.920784,False,False,False,False,False
122249,2016,"Flagra: Volkswagen Ameo aparece ""limpo"" pela primeira vez",0,-19.25127,13.143726,False,False,False,True,False
126080,2016,"Volta Rápida: CVT no March e Versa faz mágica no consumo, mas pesa no bolso",5,-2.695753,1.9365014,False,False,False,False,False
131478,2016,Smart não vende mais carros no Brasil - Será o fim da operação?,5,-5.267606,-4.2222013,False,False,False,False,False
126746,2016,Ford e Jaguar Land Rover se aproximam novamente em nome dos autônomos,5,-16.833344,-33.128887,False,False,True,False,False
132079,2016,Motociclistas mulheres são homenageadas em calendário,5,41.273537,30.419552,False,False,False,False,False
121997,2016,Campeões de venda em 2015: sedãs médios têm pódio 100% japonês,5,-1.9843895,-1.5105618,False,False,False,False,False
125974,2016,Teste: Ford Fusion 2017 evolui para manter o absolutismo,4,-45.21422,13.55955,False,False,True,False,False
122356,2016,"Ford vai fechar operações no Japão e na Indonésia por ""falta de rentabilidade""",5,-53.921757,10.900964,False,False,False,False,False
131454,2016,Projeção mostra como será a versão perua do Porsche Panamera,0,-30.950836,-44.753376,False,False,False,False,False
126074,2016,LEGO lança kit de montar do VW Fusca original com 1.167 peças - veja fotos,5,-3.8260357,0.6002804,False,False,False,False,False
130815,2016,Hyundai Creta faz sucesso na Rússia e lidera vendas de SUVs; veja ranking,5,-12.22455,70.23901,False,False,False,False,False
130302,2016,Nissan diz que carros autônomos devem injetar 17 trilhões de euros na economia da Europa,5,2.8485394,-41.621494,False,False,True,False,False
126590,2016,Toyota quer fidelizar clientes com novo tipo de financiamento para Etios e Corolla,5,-14.873163,40.59771,False,False,False,False,False
125884,2016,Novos Renault Sandero e Logan 2017 são revelados com LED e assistente de partida em rampa,5,23.619064,-22.182024,False,False,False,False,False
130487,2016,Hyundai ix35 2017 recebe pequenas mudanças para acompanhar os novos irmãos,4,-8.310815,61.56038,False,False,True,False,True
125538,2016,Ford Ka+ estreia edições especiais Black e White com visual exclusivo,5,-54.245472,10.7483635,False,False,False,False,False
125881,2016,Flagra! Novos Prisma e Onix 2017 revelam mudanças na frente e traseira,5,3.1528695,17.84024,False,False,False,False,False
125441,2016,Vendas diretas: Fiat Mobi aparece no top 20 – confira lista completa de abril,5,23.147526,19.194405,False,False,False,False,False
130778,2016,FCA vai lançar modelo inédito na CES e não em Detroit,5,-5.5981784,-8.446365,False,False,False,False,False
128678,2016,Novo Civic Si troca o motor 2.4 aspirado pelo 1.5 turbo,2,26.554884,56.278706,False,False,False,False,False
125748,2016,Volkswagen anuncia novo plano de manutenção com revisões a cada 10.000 km,5,-4.0607295,3.122946,False,False,False,False,False
125322,2016,Jeep Renegade: novas cores e 55 mil unidades marcam 1º ano no Brasil,5,37.392616,-2.3447483,False,False,False,False,False
131370,2016,Porsche se despede da Audi em competições com vídeo,5,-33.12806,-39.867157,True,True,False,False,False
126084,2016,Novo Peugeot 3008 GT surpreende com motor de 180 cv... a diesel!,5,18.597305,3.8426633,False,False,False,True,False
130242,2016,Veja quais foram os carros mais vendidos no varejo em novembro,1,75.750084,17.272615,False,False,False,False,True
123329,2016,Vídeo: Ford explica como faz para camuflar seus carros de teste,5,-56.066856,8.2660885,False,False,False,False,False
130674,2016,Quase esportivos - 10 hatches prontos para receber versões mais divertidas,0,-35.015213,21.156796,False,False,False,False,False
125139,2016,"Kia Optima híbrido é lançado com 204 cv para encarar BMW, Audi e Mercedes",3,-56.780052,-38.77638,False,True,False,False,False
125675,2016,"Volkswagen C-Trek: perua ""aventureira"" do Bora aparece em fotos oficiais",5,-16.804565,7.7443514,False,False,False,False,False
122203,2016,DS3 2016: retoques no visual e nova gama de motores - veja fotos,5,-0.993171,2.0550075,False,False,False,False,False
130769,2016,"Com nova geração em 2017, Land Rover Discovery mostra sua história em fotos",5,-16.582352,-31.789026,False,False,False,False,True
127446,2016,Dodge Challenger Hellcat de 717 cv tem presença confirmada no Salão do Automóvel,4,-15.556627,-10.560298,False,False,False,False,False
125266,2016,"Baseado no Cruze antigo, Chevrolet Cavalier estreia como sedã ""popular"" - veja fotos",5,2.729839,17.586609,False,False,False,False,False
130404,2016,"Ladrão rouba BMW 550i e é ""preso"" no carro graças a bloqueio remoto",3,-68.433876,-11.6352,False,False,False,False,False
132224,2016,Toyota confirma apoio ao Rally Dakar com 42 unidades da Hilux e SW4,5,-16.442354,40.77895,False,False,False,False,False
126235,2016,Ducati comemora 90 anos com a exclusiva 1299 Panigale S Anniversario,5,0.87423694,1.922341,False,False,False,False,False
130555,2016,Unimog U 4023: museu de super brutos da Mercedes ganha nova atração,5,3.9963348,-7.5647173,False,False,False,False,False
131840,2016,Segredo: Toyota Corolla 2018 pode ser equipado com motores BMW,3,-10.99383,42.18024,False,True,False,False,False
131836,2016,Novo VW Tiguan de sete lugares será atração do Salão de Buenos Aires,0,-26.694557,10.364936,False,False,False,False,True
124530,2016,Ford Ranger 2017 Flex estreia a partir de R$ 99.500 - veja todas as versões e preços,4,-57.079662,10.668941,False,False,False,False,False
126134,2016,Honda lança nova família CB500 2016 com preço inicial de R$ 26 mil,2,30.19367,50.959126,False,False,False,False,False
125928,2016,Hyundai HB20: central multimídia ganha compatibilidade com Android Auto,4,-15.302905,59.331615,False,False,False,False,False
130455,2016,"Hella mostra conceito de iluminação holográfica, menor e mais leve",5,5.916227,-4.730462,True,True,False,False,False
131130,2016,Jaguar F-Type SVR chega ao Brasil por R$ 883.112,5,-17.788408,-25.531845,False,False,False,False,False
131260,2016,"Sucesso de vendas, Jeep Compass tem fila de espera de até dois meses",5,37.999054,-2.3898523,False,False,False,False,True
131543,2016,Carlos Ghosn é eleito presidente da Mitsubishi e passa a acumular três salários,5,8.516601,-38.535126,False,False,False,False,False
131168,2016,Nissan leva a Brasília van elétrica movida a hidrogênio de etanol,5,-2.2742574,-44.97559,True,True,False,False,False
121779,2016,Teste: Honda PCX 2016 resolve (quase) todas as falhas do anterior,2,28.467869,52.70516,False,False,False,False,False
132326,2016,Recall - Hyundai HB20 é convocado por risco de incêndio,5,-15.174344,56.945732,False,False,False,False,False
122865,2016,"Duster Oroch ""dá boas vindas"" a Fiat Toro com anúncio provocativo",5,22.933231,18.14451,False,False,False,False,False
130560,2016,"""Carros 3"" terá estande e personagem ""real"" no Salão de Detroit",5,-3.2369065,-26.584349,False,False,False,False,False
131227,2016,Por que os donos de VW afetados pelo Dieselgate os depenam antes de entregá-los?,5,-19.959135,4.241909,False,False,False,True,False
126078,2016,"Chevrolet Beat é confirmado em versões hatchback, sedã e aventureira",5,2.627306,17.47169,False,False,False,False,False
122125,2016,Peugeot 205 GTi é eleito melhor 'hot hatch' já produzido - veja lista,5,18.318527,2.542493,False,False,False,False,False
122980,2016,"VW lança novos Gol e Voyage 2017: veja versões, preços e conteúdos",5,-16.321075,19.774332,False,False,False,False,False
132249,2016,Ford confirma Fusion autônomo para o Salão de Detroit,5,-52.65033,11.1504965,False,False,True,False,False
131971,2016,BMW i8 reestilizado estreia no ano que vem com mais potência e autonomia,3,-63.242626,-12.564166,False,False,False,False,False
121745,2016,CES 2016: BMW apresenta capacete com head-up display para motos,3,-70.07943,-10.002781,False,False,False,False,False
132336,2016,"Motores Firefly, do Uno e do Mobi, serão feitos na Europa",5,21.3105,22.008837,False,False,False,True,False
130528,2016,Fiesta Sedan 2018 - Projeção antecipa visual da nova geração,0,-49.969723,16.253132,False,False,False,True,False
126985,2016,Audi A4 com 252 cv e tração Quattro estreia no Brasil por R$ 244 mil,5,-54.417015,-35.818844,False,False,False,False,False
132060,2016,Mercedes-Benz GLA reestilizado estreia em janeiro no Salão de Detroit,0,-21.831404,-69.94941,False,False,False,True,False
126712,2016,Teste CARPLACE: Novo Civic 2.0 já chama o Cruze 1.4 turbo para o duelo do ano,5,-1.825923,3.1102931,False,False,False,False,False
124574,2016,"Longe do Brasil, novo Peugeot 308 GTi de 270 cv é lançado no Chile",5,18.346695,2.6997628,False,False,False,False,False
126726,2016,Teste: Jaguar F-Pace pega o Porsche Macan em seu primeiro desafio no Brasil,4,-29.793125,-46.059296,False,False,True,True,True
130357,2016,"Flagra - Essa é a nova geração do Opel Insignia, sucessor do Vectra",0,0.59525895,15.512341,False,False,False,False,False
125174,2016,"Depois dos 10 melhores, Clarkson elege os 10 piores carros de 2015 e 2016",5,-1.4897215,-2.5888011,False,False,False,False,False
122397,2016,"Novo Audi Q7 com ""direção nas quatro rodas"" chega por R$ 399.990",4,-53.44449,-36.572655,False,False,False,False,False
131551,2016,Retrospectiva 2016 - O ano dos novos motores no Brasil,4,9.208498,8.660585,False,False,False,True,True
125424,2016,Volta Rápida: MINI Cooper S Cabrio abre as possibilidades de diversão,5,-4.841802,-1.4637425,False,False,False,False,False
123044,2016,Novo Civic Coupé: Honda mostra detalhes em galeria de fotos da versão 3 portas,2,28.41882,55.496758,False,False,False,False,False
129703,2016,Volkswagen Amarok 2017 chega com visual atualizado e novos itens - veja preços,4,-23.502071,22.550566,False,False,False,True,False
125215,2016,Último Porsche Panamera de 1ª geração sai da linha de montagem,5,-33.839115,-43.121353,False,False,False,True,False
122595,2016,"Suzuki revela ""mini SUV"" Vitara Brezza no Salão de Nova Delhi",5,5.5982313,53.32918,False,False,False,False,True
125921,2016,Luxo coreano: Genesis G80 surge como sucessor do Hyundai top de linha,5,-15.789469,59.448906,False,False,False,False,False
126461,2016,Veja os 10 carros mais baratos do Brasil; Palio Fire deixa de ser único a custar menos de R$ 30 mil,5,-0.99813676,-1.7282163,False,False,False,False,False
132229,2016,"Em clima de verão, superesportivos invadem as praias de Punta Del Este",5,-0.52647084,-9.188784,False,False,False,False,False
130018,2016,"Aguardado no Brasil, novo March chega ao Reino Unido pelo equivalente a R$ 52,2 mil",0,2.3135905,-48.111935,False,False,False,True,False
129950,2016,Fábrica de Toyota Hilux e SW4 comemora 1 milhão de unidades produzidas,5,-20.090273,39.0802,False,False,False,False,False
126086,2016,"Após dieselgate, Volkswagen anuncia plano estratégico e promete 30 elétricos até 2025",5,-17.57237,4.954512,False,False,False,True,False
131663,2016,"BMW convoca Série 4, X3 e X4 no Brasil por falha na direção elétrica",3,-69.673775,-11.338129,False,False,False,False,False
132289,2016,"Kawasaki Ninja H2, HR Carbon e H2R tem pré-venda liberada",4,39.18762,34.63182,False,False,False,False,False
131132,2016,The Grand Tour é arma da Amazon Prime para chegar ao Brasil,5,0.2754964,-12.661705,False,False,False,False,False
126259,2016,Fiat Toro fatura renomado prêmio internacional de design,5,23.02539,19.143585,False,False,False,False,False
131669,2016,"SUV do Focus, Ford Kuga 2017 reestilizado é lançado na Argentina",0,-53.68778,13.646142,False,False,False,False,True
131740,2016,Flagra! Nova Frontier 2017 finaliza testes no Brasil; lançamento será até março,0,-11.053858,-52.293297,False,False,False,True,False
130445,2016,Harley-Davidson reforça pós-vendas com técnicos treinados pelo Senai,5,45.508778,29.111156,False,False,False,False,False
132056,2016,Mini mostra carro do Dakar 2017 em vídeo 360º,5,-12.561263,-15.6471815,False,False,False,True,False
130588,2016,"Sandero e Logan reestilizados chegam ao Reino Unido pelo equivalente a R$ 25,6 mil",5,25.352709,-21.27117,False,False,False,False,False
132247,2016,Porsche 911 Carrera S e Fiat Mobi Drive são os campeões do Ranking de Testes 2016 Motor1 BR,5,-29.90069,-47.0658,False,True,False,False,False
131593,2016,Ex-piloto de F1 acelera o novo Nissan March na pista - vídeo,5,-0.80113906,-43.051865,False,False,False,True,False
131735,2016,Kawasaki coloca Z300 e Vulcan S para test ride em concessionárias,5,39.189114,34.67786,False,False,False,False,False
123450,2016,"Fiat 124 Spider ganha ""cara de mal"" e supera os 170 cv nas mãos da Abarth",5,23.413048,19.110052,False,False,False,False,False
130965,2016,Maserati enfrenta problemas com câmera de ré que não funciona no frio,5,9.623408,1.2704805,False,False,False,False,False
126059,2016,"GM lança serviço que permite ""alugar carro por hora"" no Brasil",5,4.0767484,6.292213,False,False,False,False,False
130584,2016,"Flagra - Primo do próximo VW Gol, Seat Ibiza 2017 roda disfarçado de Hyundai i20",0,-18.226091,12.653666,False,False,False,True,False
126002,2016,Latin NCAP: teste mais rigoroso faz Peugeot 208 cair e Kia Picanto zerar,5,41.996944,-36.211735,False,False,False,False,False
126011,2016,Peugeot lança 308 2017 1.6 turbo por R$ 85.490 e aposenta de vez motor 2.0,5,18.521107,3.5387478,False,False,False,False,False
126255,2016,Teste Rápido: Nissan Versa Unique CVT surpreende pela eficiência,5,-0.91364247,-41.895542,False,False,False,False,False
131723,2016,Kawasaki Vulcan 900 capota Fiat Uno em acidente inusitado - confira no vídeo,5,24.3942,19.440788,False,False,False,False,False
129728,2016,Troller ganha prêmio por método de construção da carroceria do T4,5,-0.16860975,-8.3353,False,False,False,False,False
130105,2016,Volkswagen anuncia que venderá carros elétricos na Argentina,5,-14.488368,3.0380602,True,False,True,True,False
131932,2016,Suzuki Swift 2018 - Já temos todas as informações técnicas!,4,4.733495,50.87701,False,True,False,False,False
132115,2016,Gran Turismo Sport em imagens - O game é praticamente como o mundo real,5,-3.7026224,-8.250422,False,False,False,False,False
125814,2016,"Teste CARPLACE: Peugeot 208 GT Vs. Sandero RS, qual a receita mais apetitosa?",5,18.613068,3.8095028,False,False,False,False,False
132239,2016,March e Versa brasileiros começam a ser exportados para Argentina,4,5.080985,-48.398315,False,False,False,False,False
130798,2016,Vanguard faz estreia global com moto que possui até câmera traseira,2,41.85633,31.42751,False,False,False,False,False
125189,2016,GM do Brasil anuncia Carlos Zarlenga como novo presidente,5,3.853135,6.6301203,False,False,False,False,False
132341,2016,Audi Q3 - Nova geração chega em 2018 com inédita versão elétrica,0,-53.606533,-31.401367,True,True,False,True,True
131514,2016,VW Tiguan de sete lugares aparece em fotos oficiais; SUV também será feito no México,0,-26.9063,10.3822775,False,False,False,False,True
125136,2016,"Preço do etanol sobe 1,2% em março; gasolina é mais vantajosa no país todo",5,0.3924204,-0.6802062,False,False,False,False,False
130355,2016,Carro autônomo começa a ser usado dentro de fábrica da Nissan,5,1.2469051,-43.757423,False,False,True,False,False
131012,2016,Flagra - Volvo XC60 de próxima geração é pego em testes,0,-16.193224,-4.6914372,False,False,False,True,True
131235,2016,Chega de tela com marca de dedos - BMW mostra sistema holográfico de controle,3,-68.361694,-11.733846,False,False,True,False,False
123721,2016,"Fiat: série Extreme para Doblò, Idea e Weekend já tem preços divulgados",5,22.344675,19.168802,False,False,False,False,False
123629,2016,Teste Rápido: como é usar um Porsche Panamera no dia-a-dia?,5,-33.17025,-43.12523,False,False,False,False,False
130257,2016,Ferrari LaFerrari nº 500 é leiloado por US$ 7 milhões,5,15.301501,-60.26024,False,True,False,False,False
132244,2016,VW Golf GTI comemora 40 anos com recordes e edições especiais,5,-33.434,28.931273,False,False,False,False,False
125384,2016,"Cotada para o Brasil, Honda Ridgeline 2017 é a mais econômica do segmento",2,29.253859,51.736958,False,False,False,False,False
123209,2016,Volta rápida: pilotamos as novas Indian Scout e Chief Classic/Vintage,5,-1.8709079,0.9200831,False,False,False,False,False
126671,2016,"Teste CARPLACE: Toyota SW4 sobe de nível, mas vale um Discovery Sport?",5,-12.11279,33.37402,False,False,False,False,False
130240,2016,Novo Golf 2017 começa a ser vendido na Alemanha,4,-29.759617,23.820488,False,False,False,True,False
132127,2016,"Documento interno ""confirmaria"" motor central no Corvette, o LT5",5,-4.670079,9.678423,False,False,False,False,False
126376,2016,Novo Onix Activ 2017: versão aventureira chega com preço inicial de R$ 57.190,5,3.92111,19.373144,False,False,False,False,False
130688,2016,Galeria futurista: os carros da McLaren e Toro Rosso,5,20.426054,-48.224426,False,False,False,False,False
130952,2016,Discovery Sport e Evoque com novo motor 2.0 diesel já estão sendo produzidos no Brasil,5,-17.588282,-30.94069,False,False,False,True,False
130765,2016,Chevrolet anuncia entrega das primeiras unidades do Bolt na Califórnia,5,-4.19447,12.175619,True,False,False,False,False
131287,2016,Preço do etanol sobe mais uma vez em novembro,5,23.242304,-9.172528,False,False,False,False,False
121795,2016,Só para baixinhos: Triumph lança Tiger 800XRx low seat por R$ 42.990,5,-0.054169476,0.7309486,False,False,False,False,False
131453,2016,Fiat confirma dois novos carros para o Brasil em 2017,0,23.914701,23.236382,False,False,False,False,False
122589,2016,Volta rápida: novo BMW X1 fica menos perua e mais SUV - e isso é bom!,3,-68.84687,-10.217247,False,False,False,False,True
130571,2016,Estrelas de Velozes e Furiosos prometem mais emoção para oitavo filme - vídeo,5,-2.4444396,-8.754767,False,False,False,True,False
125617,2016,Teste CARPLACE: Novas GM S10 e Ford Ranger 2017 disputam clássico do interior,5,-55.840405,9.636239,False,False,False,False,False
125244,2016,"DS3, DS3 Cabrio, DS4 e DS5 ficam mais refinados com pacote Performance Line",5,-1.6101961,-0.10705709,False,False,False,False,False
125941,2016,Novo Suzuki Vitara é lançado no Brasil com motores 1.6 e 1.4 turbo - veja preços,5,5.1540785,52.572994,False,False,False,False,False
131200,2016,"Lucid Motors apresenta o Air, sedã elétrico de alto luxo e 1.013 cv",5,-19.504156,-10.789841,False,False,False,False,False
131234,2016,"Chefão da Tesla, Elon Musk fará parte da assessoria econômica de Trump",5,-2.374262,-12.020916,True,False,False,False,False
129893,2016,Ford pagará R$ 216 milhões ao Rio Grande do Sul após 16 anos de disputa judicial,5,-44.63684,6.5737042,False,False,False,False,False
123400,2016,Novo Astra supera modelos premium e é eleito o Carro do Ano 2016,5,-2.1873477,-2.2111056,False,False,False,False,False
125315,2016,MINI: rumores sobre inédito (e controverso) sedã ganham força,5,-4.600279,-1.5888311,False,False,False,False,False
130966,2016,Índice de acidentes nas rodovias concedidas cai 20% nos últimos 7 anos,5,10.597283,-8.870956,False,False,False,False,False
131117,2016,"SUVs premium mais vendidos - Q3, X1 e GLA em disputa acirrada pela liderança",1,77.067924,-22.673632,False,False,False,False,False
131966,2016,Motorista de Londres é o primeiro a rodar 25 mil milhas com o Toyota Mirai,5,-13.324824,36.15249,False,True,False,False,False
125403,2016,Gymkhana 9: Ken Block está de volta com seu Focus RS RX de 608 cv - vídeo,5,-2.6218932,1.0147393,False,False,False,False,False
131742,2016,CNH terá novo layout a partir de janeiro de 2017 - veja o que muda,5,12.214407,-9.823445,False,False,False,False,False
125880,2016,Teste Rápido: Toyota Etios Sedan Platinum não esconde a origem humilde,5,-12.093709,33.445827,False,False,False,False,False
130763,2016,"Pouco vendido no Brasil, Suzuki Swift terá nova geração em 2017",0,3.4026098,51.35238,False,False,False,False,False
130309,2016,Toyota SW4 com sistema stop/start estaria a caminho,0,-13.1481,37.09562,False,True,False,True,True
125842,2016,Fiat Punto 2017 chega com novos itens e preço inicial de R$ 51.650,5,21.47551,19.2102,False,False,False,False,False
130442,2016,"Anfavea - Produção de veículos cresceu 22,4% em novembro",5,41.32426,13.397975,False,False,False,False,False
131387,2016,Toyota Corolla sofre novo reajuste de preços - veja tabela,4,-2.9623878,38.639503,False,False,False,False,False
130463,2016,Petrobras reajusta preço da gasolina em 8% nesta terça-feira,4,22.84308,-9.153232,False,False,False,True,False
132205,2016,Projeção - Como seria o Alfa Romeo Stelvio em versão cupê,0,-12.545735,-7.9114337,False,False,False,False,True
125468,2016,Downsizing: Audi R8 terá motor 2.9 V6 bi-turbo com potência de 500 cv,4,-51.828773,-34.369858,False,False,False,False,False
131770,2016,Vídeo - VW mostra novo up! GTI com bancos xadrez e câmbio de 6 marchas,0,-33.13262,24.550877,False,False,False,False,False
129410,2016,A coisa mais próxima de um carro de F1 para as ruas está à venda,5,19.130886,-52.661926,False,False,False,False,False
131868,2016,Honda deve fornecer carros para Waymo testar tecnologia autônoma,2,30.738897,54.422012,False,False,True,False,False
122622,2016,Veja a lista dos 50 maiores mercados automotivos do mundo em 2015; Brasil cai,5,-1.1297493,-1.676652,False,False,False,False,False
125451,2016,"Teste Rápido: Hyundai HB20 RSpec é o melhor dos ""esportivados"", mas ainda falta pimenta",4,-27.091341,-3.9429548,False,False,False,False,False
130367,2016,Governo britânico pode condenar à prisão perpétua quem matar ao volante,5,2.9258502,-8.570757,False,False,False,False,False
130328,2016,Fiat: vendas aquém do esperado podem obrigar saída dos EUA,5,32.324337,16.12472,False,False,False,False,False
130808,2016,Renault já aceita encomendas pelo Alpine A120 - veja vídeo,5,21.76254,-21.559916,False,False,False,False,False
125984,2016,Fiat Strada 2017 ganha novas versões e tem preço inicial de R$ 46.790,5,21.610397,19.233398,False,False,False,False,False
126278,2016,Honda CB 650F e CBR 650F chegam com novidades na linha 2017 - veja preços,2,29.911886,50.999878,False,False,False,False,False
129121,2016,Novos Logan e Sandero com motor 3-cilindros custam a partir de R$ 42.200 - veja preços,4,26.154224,-22.028318,False,False,False,False,False
131027,2016,"Designer da VW diz que visual do Atlas é ""chato"" e ""parece um Ford de 2012""",5,-52.851097,10.826797,False,False,False,True,True
125790,2016,'Ônibus do futuro' chinês leva 1.200 pessoas e trafega sobre os carros - vídeo,5,-1.4989069,-10.510108,False,False,False,False,False
135498,2017,Nissan Kicks ganha kit visual com spoilers e molduras,5,-0.13009584,-43.76188,False,False,False,False,False
132719,2017,Ducati lança livro sobre os 90 anos de fundação,5,1.1633976,2.100461,False,False,False,False,False
142113,2017,Zotye apresentará clone do Lamborghini Urus no Salão de Xangai,5,-8.0571575,-15.396301,False,False,False,False,True
176063,2017,Investimento dos bons - Ferrari Sergio usado é mais caro que novo,5,14.758358,-61.525684,False,False,False,False,False
135814,2017,Bentley também vende perfumes - Conheça o novo Momentum,5,-4.234982,-3.4712412,False,False,False,False,True
137747,2017,Briga em casa - Chevrolet Prisma LTZ AT x Cobalt LTZ AT,5,-35.76945,-6.0207815,False,False,False,False,False
142370,2017,Motor1.com acelera sua estratégia europeia com a aquisição do Auto-News.de,5,-1.1317176,-13.496748,False,False,False,False,False
133640,2017,"""Mr. Dakar"", Peterhansel conquista 13º título do rali",5,16.005997,2.242618,False,False,False,False,False
157649,2017,Anfavea - Exportações alavancam produção em 23% no semestre,5,41.434998,13.351001,False,False,False,False,False
153240,2017,Nissan oficializa Kicks 2018 e já fala em liderar segmento,4,-5.680493,-46.92638,False,False,False,False,True
184123,2017,Volkswagen tira Golf 1.6 e Jetta manual do site,4,-29.836292,24.203232,False,False,False,False,False
177039,2017,Alemanha também deve decretar o fim do motor a combustão,5,5.251068,-18.159994,False,False,False,False,False
135037,2017,Alfa Romeo Giulia Coupé estreia em março no Salão de Genebra,5,-13.456841,-8.626958,False,False,False,False,False
132836,2017,A polêmica da campanha de trânsito infelizmente diz muito sobre o Brasil,5,3.8927593,-10.753689,False,False,False,False,False
147810,2017,Renault tira contagem regressiva do site do novo Kwid,4,25.895618,-18.938864,False,False,False,False,True
136079,2017,Hyundai i30 N terá motor turbo com 253 cv ou 279 cv,0,-14.6224575,62.29397,False,False,False,False,False
184872,2017,Novo Nissan X-Trail de 7 lugares pode chegar ao Brasil em 2018,0,1.2999772,-48.583973,False,False,False,False,True
145533,2017,"Reestilizado, Citroën C-Elysée 2017 é lançado na Argentina",4,45.852795,-14.76475,False,False,False,True,False
143715,2017,Suzuki Dzire 2018 é a versão sedã do novo Swift,0,3.2209496,52.400005,False,False,False,True,False
139847,2017,"Mercedes-Benz é processada pelo uso do funk  “Ah, Lelek, Lek, Lek”",5,-17.199154,-65.609695,False,False,False,False,False
133282,2017,"Ford F-150 e Toyota Camry, líderes nos EUA, se renovam no Salão de Detroit",0,-7.437484,14.2953615,False,False,False,True,False
151122,2017,"Entrevista - Juergen Stackmann, chefe de marketing da Volkswagen",5,-18.985588,4.4051933,True,False,False,True,False
145101,2017,Segredo - Novo Ford Focus chega ao Brasil em 2018,0,-50.31794,16.15549,False,False,False,False,False
178635,2017,"Novo Renault Duster: Cara de um, traseira de outro",0,22.217789,-27.833906,False,False,False,False,True
180603,2017,Kia prepara SUV de entrada aos moldes do Hyundai Carlino,0,-36.85331,52.931435,False,False,False,False,True
132608,2017,Trump ameaça a GM em polêmica sobre o Cruze Hatch,5,-0.2641242,14.039565,False,False,False,False,False
183112,2017,Hyundai convoca 3.109 unidades de HB20 e HB20S 1.0,5,-15.22398,57.138508,False,False,False,False,False
146255,2017,Recall - Fiat convoca 70 mil unidades por falha no alternador,5,11.496558,1.3051172,False,False,False,False,False
137681,2017,Mercedes-Benz Classe E 2018 é pura elegância na carroceria Cabriolet,0,-21.525623,-66.71666,False,False,False,True,False
186046,2017,Euro NCAP - Novo VW Polo vai bem e Volvo XC60 é considerado o mais seguro do mundo,5,39.304996,-36.971554,False,False,False,False,True
185379,2017,"Nissan inicia vendas da Frontier SE, por R$ 150.990",4,-8.325638,-46.437332,False,False,False,True,False
176221,2017,Hatches compactos em julho – Ford Fiesta assume liderança,1,73.72022,-13.6977215,False,False,False,False,False
223206,2017,PSA pede metade do dinheiro gasto na Opel por emissões,5,-1.392215,-12.005039,False,True,False,False,False
223567,2017,Nova geração do Range Rover Evoque já tem data marcada para estrear,0,-15.870162,-28.014994,False,True,False,True,True
138934,2017,"Feliz aniversário, Ferrari! Setentona, hein?",5,14.222632,-62.477108,False,False,False,False,False
222589,2017,Serviço - Peças desgastadas fazem carro poluir mais,5,6.363931,-10.831402,False,False,False,False,False
222254,2017,Renault Kwid é lançado na Argentina pelo equivalente a R$ 41.600,4,28.352396,-20.166183,False,False,False,False,False
139002,2017,Volvo XC90 T8 Plug-In Hybrid chega ao Brasil por R$ 456.950,4,-25.856894,-11.763596,True,True,False,False,True
146291,2017,Flagra! - Novo Chevrolet Equinox roda em testes finais no Brasil,0,-3.5064926,17.638426,False,False,False,False,True
223579,2017,Confira os vencedores da 3ª edição do Prêmio Carsughi L'Auto Preferita,5,-2.0180106,-7.0231075,False,False,False,False,False
175555,2017,FLAGRA - Novo VW Virtus nacional (Polo Sedan) aparece sem camuflagem!,0,-19.999691,15.716961,False,False,False,False,False
223627,2017,Segredo - O que será do VW Gol nos próximos anos?,0,-18.987864,13.7674465,False,False,False,False,False
148474,2017,Toyota GT86 faz drift por 165 km e quebra recorde mundial,5,-4.695202,4.7789373,False,False,False,False,False
178534,2017,Futuro: Conhecemos de perto o pneu esférico da Goodyear,5,-0.257158,-10.083851,False,False,True,False,False
185985,2017,Fiat Weekend 2018 chega por R$ 60.390 com ar-condicionado opcional,4,16.447365,26.559801,False,False,False,False,False
145508,2017,Porsche Macan e Audi Q5 têm 300 mil unidades envolvidas em recall,5,-33.585644,-39.66032,False,False,False,False,False
133527,2017,Sedãs médios – Corolla vende mais do que oito rivais somados em 2016,1,74.98597,-10.596368,False,False,False,False,False
134118,2017,"Hennessey Venom GT, um dos mais rápidos e limitados carros do mundo, tem produção encerrada",5,-16.871044,-17.536444,False,False,False,False,False
141706,2017,Chevrolet FNR-X Concept antecipa SUV menor que o Equinox,0,-1.6162546,15.395502,False,True,True,False,True
177536,2017,Michelin lança pneu Pilot Sport 4 S para superesportivos,5,4.7740374,-7.2432103,False,True,False,False,False
136554,2017,Empresa russa anuncia criação de revolucionária moto drone,5,7.3063436,-2.45456,True,False,False,False,False
133960,2017,Recall - Fiat Punto e Linea são convocados por falha no eixo,5,11.181121,1.1720079,False,False,False,False,False
179066,2017,Mais vendidos na França: Líder Clio já vê irmão Sandero na cola,1,62.774006,-7.1792088,False,False,False,False,False
138322,2017,Ford Ranger terá versão Raptor com motor V6 e câmbio de 10 marchas,0,-53.206448,28.98121,False,False,False,True,False
135803,2017,"Brinquedo caro, Morgan EV3 Junior se destaca pela produção artesanal",5,-19.018557,-11.29434,False,False,False,False,False
175802,2017,Ford prepara novo hatch premium para países emergentes,0,-48.22396,11.288184,False,False,False,False,False
142745,2017,Game MotoGP 2017 será lançado em junho incluindo motos clássicas,5,13.4947815,-24.282024,False,False,False,False,False
145555,2017,Vídeo - Veja detalhes do Honda HR-V Touring 2018,2,28.571281,56.421597,False,False,False,False,True
133335,2017,Alpine A120 de produção será apresentado no próximo domingo,5,21.53681,-21.512676,False,False,False,False,False
185161,2017,Hyundai cria airbag para teto solar panorâmico,5,-17.618303,59.06112,False,False,False,False,False
148875,2017,Motorista entra com Smart em loja e é atendido em 60 segundos,5,2.573056,-9.364776,False,False,False,False,False
142243,2017,Jeep Compass feito na Índia será exportado para Reino Unido e Japão,0,34.605747,-1.2290633,False,False,False,True,False
143299,2017,Você beijaria um Kia Optima por 50 horas para ganhá-lo?,5,-40.364807,52.484486,False,False,False,False,False
136929,2017,"Flagra - Ainda novidade no Brasil, Suzuki Vitara esconde reestilização no exterior",4,4.9755597,52.203148,False,False,True,False,True
178838,2017,Carros brasileiros já respondem por 58% das vendas na Argentina,5,17.437523,-16.298819,False,False,False,False,False
180810,2017,Nissan atinge marca de 150 mil carros produzidos em Resende (RJ),5,5.3305674,-46.096725,False,False,False,False,False
135036,2017,Briga em casa - Peugeot 208 Active x Citroën C3 Attraction,0,44.238697,-20.491014,False,False,False,False,False
139795,2017,SUVs / crossovers premium – Mercedes-Benz lidera três classes em fevereiro,1,76.68433,-22.593105,False,False,False,False,False
182051,2017,Bugatti Chiron de US$ 3 milhões é comprado por Cristiano Ronaldo,4,-17.458538,-12.614174,False,False,False,False,False
147027,2017,Chevrolet Equinox desembarca para o Salão de Buenos Aires,0,-0.6618444,18.544865,False,False,False,False,True
185668,2017,"VW pode produzir Tharu no México no lugar do Golf, diz site",0,-36.952003,25.32795,False,False,False,False,True
146293,2017,Lightning Motorcycles testa moto elétrica com 640 km de autonomia,5,40.449955,31.130188,False,False,False,False,False
174642,2017,"Conheça a Mitsubishi Expander, rival da Chevrolet Spin na Ásia",0,9.66288,-35.399475,False,False,False,False,True
149820,2017,BMW Série 3 totalmente elétrico estreará no Salão de Frankfurt,3,-66.27609,-15.225504,True,True,False,False,False
141138,2017,As principais pegadinhas de 1º de abril no mundo automotivo,5,0.56094325,-11.472689,False,False,False,False,True
147529,2017,Tope Inteligente - Lombada mexicana se arma só se for preciso,5,3.4066849,-9.116758,False,False,False,False,False
136169,2017,Ford dará férias coletivas para 600 funcionários em fábrica de motores,5,-45.435013,6.9154344,False,False,False,False,False
175369,2017,"“Ducati não está à venda”, diz diretoria da Volkswagen",5,-16.501266,2.4567647,False,False,False,True,False
137050,2017,BMW X1 nacional tem produção ampliada para exportação aos EUA,3,-71.72155,-13.917717,False,False,False,False,False
139672,2017,Flagra! - Novo Toyota Supra marca touca ao abastecer,3,-65.88053,-12.49472,False,True,False,False,False
141060,2017,Fórmula 1 concorda com plano para motores mais baratos e ruidosos,5,18.896252,-50.339188,False,True,False,False,False
180964,2017,Projeção antecipa a picape Duster Oroch de nova geração,0,27.998512,-26.880356,False,False,False,False,True
133701,2017,Novo Wrangler pode estrear em novembro no Salão de Los Angeles,0,32.632957,-6.16396,False,False,False,False,True
176094,2017,Desagradou? Tesla Model 3 teve 63 mil reservas canceladas,5,-7.0771956,-6.6108904,False,False,False,False,False
132720,2017,BMW Motorrad deixa de produzir os modelos G650 GS e K1300S,3,-73.55114,-9.936756,False,False,False,False,False
181518,2017,"Volkswagen lança novo Polo no Brasil – veja versões, conteúdos e preços",4,-22.434416,23.593695,False,False,True,False,False
148431,2017,"McLaren 570S Spider perde o teto, mas não o desempenho",4,-16.715544,-15.3186245,False,False,False,False,False
144823,2017,"Toyota cria o SUV mais veloz do mundo, o Land Speed Cruiser",5,-4.763868,4.951936,False,False,False,False,True
139100,2017,PSA anuncia ofensiva com lançamento dos modelos Jumpy e Expert no Brasil,5,22.662867,5.34828,False,False,False,False,False
150337,2017,Parcial de junho - Renalt Sandero é 3º e Mobi fica perto do top 5,1,73.89363,18.814764,False,False,False,False,False
223929,2017,Nissan Kicks nacional terá resultados de crash test divulgados no dia 12,5,-0.7545413,-41.189976,False,False,False,False,True
138219,2017,Furioso! Novo Honda Civic Type R 2017 aparece na versão final com 310 cv,2,26.251043,56.106174,False,False,False,False,False
146251,2017,"VW Fox 2018 perde versão, ganha equipamentos e sobe preços",4,-22.127398,23.200537,False,False,False,False,False
135446,2017,Honda e Hitachi fazem parceria para desenvolver e fabricar motores elétricos,2,32.389675,59.04051,True,True,False,False,False
141908,2017,Ford Fusion Hybrid recebe preparação e vira carro de polícia,5,-52.410133,11.774547,False,True,False,False,False
225812,2017,Mais vendidos - Parcial de dezembro mostra dominação SUV,5,36.543156,16.906462,False,False,False,False,True
132895,2017,Novo Honda City 2018 tem mais um teaser revelado,2,23.812103,60.196457,False,False,False,False,False
135739,2017,Pilotos apoiam campanha do GP do México contra muro de Trump,5,21.323145,-52.315044,False,False,False,False,False
139387,2017,"Honda WR-V é lançado na Índia pelo equivalente a R$ 36,7 mil",4,23.848242,51.86309,False,False,False,True,False
132524,2017,Vídeo - Corsa invade praia e é depredado por banhista,5,2.1774683,-10.300189,False,False,False,False,False
134274,2017,Schwarzenegger manda fazer um Mercedes-Benz Classe G elétrico,5,-18.539598,-64.41079,True,False,False,False,True
174279,2017,"VW apresenta nova linha Pepper, agora também com up! e Saveiro",4,-16.957047,17.957323,False,False,False,False,False
225608,2017,Nota fiscal de pedágios de São Paulo pode ser pedida pela internet,5,11.568932,-8.567037,False,False,False,False,False
173353,2017,VW up! 2018 fica mais caro em quase todas as versões,4,-17.711506,20.211863,False,False,False,False,False
195973,2017,Vídeo - Veja os detalhes da Honda Biz 2018,2,29.450722,50.4721,False,False,False,False,False
186074,2017,Ford Ka+ agora é Ka Sedan para seguir regra global da marca,5,-49.987057,13.622742,False,False,False,False,False
136075,2017,Novo Pagani Huayra Roadster é mais leve e potente que o cupê - e já está esgotado,5,-13.481405,-14.968875,False,False,False,False,False
133580,2017,Kia Stonic pode ser o nome do SUV compacto que virá ao Brasil,0,-37.79284,51.981968,False,False,False,False,True
176095,2017,Yamaha lança linha 2018 da scooter NMAX 160 ABS,2,46.212276,43.486015,False,False,False,False,False
179225,2017,Ford Ka fica mais barato nas versões mais equipadas,4,-48.302612,13.73705,False,False,False,False,False
225650,2017,"VW Gol e Voyage automáticos terão motor 1.6 16V, diz colunista",0,-18.924107,14.768734,False,False,False,False,False
135174,2017,Ducati Scrambler é convocada para recall em suporte,5,6.9350476,-1.3280972,False,False,False,False,False
223728,2017,Sedãs médios mais vendidos – Civic perde espaço em novembro,1,75.00918,-10.89457,False,False,False,False,False
148442,2017,Buenos Aires - Nissan Kicks manual é lançado por R$ 93 mil,4,5.0502462,-48.322598,False,False,False,False,True
181189,2017,Agora é a Hyundai que pode estar interessada em fusão com a FCA,5,-17.256857,58.32466,False,False,False,False,False
223402,2017,Mini Cooper Countryman é vendido com desconto de R$ 7 mil em dezembro,4,-42.821083,-10.539711,False,False,True,False,True
141723,2017,Kombi elétrica - Versão de produção do ID. Buzz é antecipada por projeção,5,-22.210844,1.3595697,True,True,False,False,False
133319,2017,Dependentes de Estados - conheça os modelos com maior concentração de vendas em 2016,1,71.6591,-10.778237,False,False,False,False,False
134983,2017,Hyundai Creta já é vendido com condições especiais de financiamento,4,10.8769455,14.1418915,False,False,False,False,True
138945,2017,Volkswagen se declara culpada pelo Dieselgate em tribunal dos EUA,5,-16.297817,4.766266,False,False,False,True,False
149088,2017,Ford GT impressiona Ken Block em volta no circuito de La Sarthe,5,-48.70377,-2.9718637,False,False,False,False,False
132573,2017,Mercedes-Benz GLA reestilizado aparece em primeiro teaser,0,-21.787104,-69.91209,False,False,False,True,False
139866,2017,Bastidores - Jaguar Land Rover de olho na Vauxhall?,5,-16.0675,-32.738853,False,False,False,False,False
135096,2017,"Argentina – Sandero lidera em automóveis, mas ainda fica atrás da Hilux em janeiro",1,72.45912,10.09977,False,False,False,False,False
133581,2017,Mercedes-Benz terá três novos compactos até 2020,0,-17.59638,-66.21284,False,False,False,False,True
182578,2017,Fiat Toro é convocada para recall por falha em central eletrônica,5,11.4531555,1.2442874,False,False,False,False,False
142118,2017,Flagra - Mini Cooper terá leves retoques visuais,0,-45.87748,-11.716284,False,False,False,False,False
134324,2017,Novo Kia Cerato Hatch é apresentado na Argentina,0,-39.4837,48.481182,False,False,False,False,False
138815,2017,Mini carro elétrico estreia em Genebra como a reencarnação do Romi-Isetta,5,-16.910795,-9.441957,True,False,False,False,False
163959,2017,"Semana Motor1 - Flagra da família Golf, novo Honda City e mais!",2,28.432606,54.3577,False,False,False,False,False
133645,2017,Chevrolet constrói Batmóvel em tamanho real com Lego,5,-1.2762529,15.33682,False,False,False,False,False
173428,2017,Audi Q4 2019 já nasce com a mira apontada para o BMW X2,0,-55.865337,-31.591303,False,True,False,False,True
149659,2017,Richard Hammond fala sobre seu acidente com superesportivo,5,2.2586305,-12.222599,True,True,False,False,False
183873,2017,Ford Focus terá quatro conceitos preparados para o SEMA,5,-47.274906,16.50954,False,False,False,False,False
132590,2017,CES 2017 - Eli Zero é aposta de locomoção para o futuro,5,-4.31095,-12.252135,True,False,False,False,False
142116,2017,Ouça o ringtone com o ronco do Ford Mustang 2018 acelerando,5,-51.720276,-1.1206976,False,False,False,False,False
142399,2017,Suzuki Vitara 4All fica barato e agora parte de R$ 79.500,4,6.409463,51.47945,False,False,False,False,True
141564,2017,Anfavea comemora números de março. Com cautela,5,39.686504,13.28227,False,False,False,False,False
180392,2017,BMW diz que picape Mercedes-Benz Classe X é “terrível”,3,-13.518654,-57.781593,True,False,False,True,True
181060,2017,Mitsubishi Evolution voltará como um crossover,0,11.625847,-35.20103,True,False,True,False,True
183625,2017,Flagra - Novo Jeep Cherokee 2018 aparece com traços de Compass,0,36.53508,-5.306234,False,False,False,False,True
138274,2017,Superesportivo de Fittipaldi estreia em Genebra com 600 cv e 1.000 kg,5,-13.434825,-15.771439,False,False,False,False,False
186453,2017,"Renault Kwid elétrico será vendido no Brasil, garante Carlos Ghosn",5,20.127699,-29.693924,False,False,False,False,False
145956,2017,Novo Dodge Journey terá base do Stelvio e motor 2.0 turbo,0,-10.291141,-5.1345263,False,False,False,False,False
185235,2017,Detran-SP aumenta suspensão por 20 pontos na CNH para seis meses,5,11.831345,-10.195531,False,False,False,False,False
174906,2017,Funcionários da Ferrari não podem comprar carros novos da marca,5,13.306608,-62.838787,False,False,False,False,False
177788,2017,Vazou! - Esta é a nova geração do Suzuki Jimny,0,3.3762555,52.461468,False,False,False,False,False
174804,2017,"BMW, Mercedes e Volkswagen são acusadas de formação de cartel",5,-1.6797764,-20.69393,False,False,False,True,False
224326,2017,"Novo VW Jetta 2019 tem novos desenhos revelados, inclusive do interior",0,-25.14209,7.3878007,False,False,False,False,False
146917,2017,Fiat traça meta de vendas de 6 mil unidades/mês para o Argo,5,28.00544,19.532227,False,False,False,False,False
140943,2017,"Empresa controladora da Subaru, Fuji Heavy Industries muda de nome",5,-3.0464091,-6.938541,False,False,False,False,False
222360,2017,"SUV da Lamborghini, Urus vai acelerar de 0 a 100 km/h em 3,7 segundos",5,-17.196098,-14.665995,False,False,False,False,True
139244,2017,Volkswagen Golf brasileiro recebe 5 estrelas no Latin NCAP,5,39.24917,-37.194363,False,False,False,False,True
147705,2017,Pré-venda do Renault Kwid começa sexta-feira (9) - veja preços,4,25.838768,-18.052101,False,False,False,False,False
136155,2017,"Lamborghini Urus deve ficar assim, segundo designer alemão",5,-7.332111,-16.314234,False,True,False,False,True
179830,2017,Renault Kwid já é o sexto mais vendido em setembro,5,33.7849,14.875389,False,False,False,False,False
225312,2017,Ranking - Os carros mais procurados no Google em 2017,5,35.411335,17.381721,False,False,False,False,False
149342,2017,"Chevrolet oferece condições especiais para Onix, Prisma e Cruze",4,11.397498,16.221615,False,False,False,False,False
224396,2017,"JAC terá fábrica em Itumbiara, diz governo de Goiás",5,-7.8403006,0.6024678,False,False,False,False,False
224159,2017,Ford Mustang entra em pré-venda por R$ 299.900,4,-49.79942,-1.067742,False,False,True,False,False
182210,2017,Honda mostrará moto elétrica e autônoma no Salão de Tokio,2,35.956028,51.896313,True,False,True,False,False
177016,2017,Hyundai apostará nos SUVs para ser asiática líder na Europa,5,-16.912476,60.276386,False,False,False,False,True
134340,2017,Marc Marquez mostra habilidade com moto sobre a neve,2,13.789417,-24.803938,False,False,False,False,False
185228,2017,Mais vendidos na Europa – Líder Golf cresce acima de 10%,1,61.942192,-5.57728,False,False,False,False,True
176897,2017,Porsche Cayenne Platinum Edition chega ao país por R$ 389 mil,4,-31.462849,-46.335297,False,True,False,False,True
144315,2017,GM garante que será a primeira montadora a ganhar dinheiro com elétricos,5,-1.1528637,10.097304,True,False,False,False,False
134874,2017,Flagra! - Hyundai Sonata deve estrear facelift ainda neste ano,0,-21.66304,67.535774,False,True,False,False,False
223861,2017,Renault apresenta novo motor 1.3 Turbo que gera até 162 cv,0,30.928015,-24.905357,False,False,False,True,True
142709,2017,SUVs/crossovers mais vendidos - Honda WR-V já encosta no Renegade; Captur patina,2,38.75645,17.18881,False,False,False,False,True
142061,2017,Flagra - Este é o novo BMW Série 1 de tração dianteira que chega em 2018,3,-61.556274,-15.165571,False,False,False,False,False
205676,2017,Volkswagen Tiguan Allspace - Antes na Argentina que no Brasil,4,-28.111725,11.216822,False,False,False,False,True
180954,2017,Toyota pode reviver nome Celica como a próxima geração do GT86,0,-14.508116,42.169956,False,True,False,False,False
140565,2017,BMW 120i e M125i deixam de ser vendidos no Brasil,3,-65.875305,-8.653858,False,False,False,False,False
179831,2017,Sedãs de entrada mais vendidos – Prisma dispara em agosto,1,72.54533,-11.523424,False,False,False,False,False
185280,2017,Novo Jeep Compass alcança 1 ano de mercado e 45 mil unidades vendidas,5,37.84544,-0.6157855,False,False,True,True,True
181929,2017,Honda NXR 160 Bros ganha freios combinados na linha 2018,2,36.076538,47.811954,False,False,False,False,False
134327,2017,Novo motor 1.5 da Toyota para o Yaris é evolução do brasileiro,5,-12.771292,36.89128,False,False,False,False,False
222244,2017,Vídeo - Veja o momento em que carro da polícia flagra avião em queda,5,2.9916253,-10.352162,False,False,False,False,False
140301,2017,"Projeção - Versão ""aventureira"" da nova Audi A6 Avant deve ser assim!",0,-56.025196,-33.920902,False,False,False,False,False
176114,2017,Cinto de segurança no banco de trás salva vidas. Até de quem usa,5,4.858624,-9.746839,False,False,False,False,False
180553,2017,9 carros (e 1 brinquedo) que inspiraram o novo compacto da Honda,2,31.717003,55.57794,False,False,False,False,False
184981,2017,Mapa-mundi mostra os carros mais vendidos em cada país em 2016,5,-16.632088,36.57333,False,True,False,False,True
138515,2017,Acordo fechado - Volkswagen vai aproveitar plataforma da Tata,5,-18.175165,3.8889353,False,False,False,False,False
149124,2017,Site para PCD da Nissan agora mostra preço de carros com isenções,5,-3.4838204,-42.96188,False,False,False,False,False
184149,2017,Chefão da VW critica Tesla por perder milhões e vender pouco,5,-15.927236,3.6459868,True,False,False,False,False
148623,2017,Novo VW Polo 2018 é maior e melhor do que todos os antecessores,4,-29.949232,23.623814,False,False,False,True,False
144570,2017,Briga em casa - Honda City EXL CVT x WR-V EXL CVT,2,29.470703,54.186024,False,False,False,False,True
145081,2017,Nova BMW G 310R começa a ser produzida no Brasil dia 18 de maio,3,-72.30294,-13.155171,False,False,False,False,False
138243,2017,"Sucessor do CC, o belo e ousado Volkswagen Arteon estreia ao vivo",0,-23.343204,6.407964,False,False,False,False,False
144082,2017,"Mitsubishi celebrará 100 anos com Model A ""moderno""",5,9.644316,-35.4932,False,False,False,False,False
132911,2017,Especial - Veja os 11 lançamentos de carros mais esperados em 2017,0,-10.027102,19.923038,False,False,False,True,True
223101,2017,Confira como é guiar no simulador de R$ 18 milhões da Fiat,5,13.322007,-0.79986495,False,False,False,False,False
138744,2017,"Volvo S40? - Misterioso sedã compacto ""aparece"" em vídeo do novo XC60",0,-16.5563,-5.4928775,False,True,False,False,True
133039,2017,"VW I.D. Buzz é versão moderna, elétrica e conectada da Kombi",5,-23.68598,0.41377294,True,False,True,False,False
136127,2017,Kia confirma lançamento de carro movido a hidrogênio em 2021,5,-39.166977,51.746933,False,False,False,False,False
135869,2017,"Semana Motor1 - C-Aircross Concept, Frontier ""quebrada"", vídeo do Etios X 2018 e mais",0,-4.8451824,-6.385228,False,False,False,False,True
185689,2017,"Semana Motor1.com - Testamos o Jeep Compass Limited Diesel, Chevrolet lança Tracker Premier e mais",0,-6.880312,19.732595,False,False,False,True,True
222414,2017,Black Friday: Chevrolet dá descontos de até R$ 10 mil,4,12.076399,16.713968,False,False,False,False,True
133865,2017,Mercedes-AMG Project One pode ter sido revelado pelo Linkin Park. Mesmo!,5,-22.244009,-61.91348,True,False,False,False,False
149632,2017,Edge reestilizado é pego em testes nos arredores do QG da Ford,0,-50.214268,18.216522,False,False,False,False,False
141145,2017,Ferrari LaFerrari será destruída na África do Sul,5,15.491712,-60.427944,False,True,False,False,False
136204,2017,Pirelli: Não nos culpem se as corridas de 2017 forem chatas,5,20.256136,-48.871723,False,False,False,False,False
133819,2017,"Hyundai i30 Fastback chega em 2018; o N, no meio de 2017",0,-11.375987,10.431736,False,False,False,False,True
152334,2017,Kawasaki lança nova Ninja ZX-10 RR no Brasil,4,39.544476,35.409286,False,False,False,False,False
160422,2017,"Flagra - Fiat ""Argo Sedan"" agora roda com carroceria definitiva",0,24.399734,24.531754,False,False,False,False,False
139085,2017,Em que lugar o preço do Honda WR-V o coloca diante dos concorrentes?,2,26.937857,51.079636,False,False,False,False,True
182428,2017,Ford EcoSport 2018 fica até R$ 4 mil mais caro dois meses após o lançamento,4,8.637182,21.544077,False,False,False,False,True
176820,2017,Recall - Capô do Hyundai Santa Fe pode abrir em movimento,5,-15.138781,56.829876,False,False,False,False,False
137391,2017,Renascido: Alpine A110 2018 é o rival francês do Porsche 718 Cayman,5,-14.778795,-10.211826,False,False,False,False,False
174289,2017,BMW Motorrad apresenta sistema multimídia Connected Ride,3,-73.94713,-6.90393,False,False,False,False,False
145094,2017,Audi lança nova central multimídia com Waze integrado,5,-56.282864,-36.372128,False,False,False,False,False
180305,2017,Vídeo - Nelson Piquet mostra detalhes de sua coleção de carros,5,20.19441,-48.498566,False,False,False,False,False
177325,2017,"Volkswagen confirma ""Kombi do futuro"" elétrica para 2022",5,-21.760569,1.4933317,False,False,False,False,False
136659,2017,Peugeot 208 foi o carro com maior percentual de financiamentos em janeiro,5,36.526573,15.102477,False,False,False,False,False
135353,2017,Audi cogita hipercarro para fazer frente ao Mercedes-AMG Project One,5,-20.630465,-58.673077,False,False,False,False,False
185774,2017,Chevrolet descontinua Spark e Sonic e deixa Onix absoluto na Argentina,5,1.67274,13.890924,False,False,False,False,False
134182,2017,"Semana Motor1.com - Cruze x Golf, F-250, i30, HCCI e mais",0,-34.89925,21.417622,True,False,False,True,False
151468,2017,Novo Audi A8 se apronta para estreia na semana que vem,0,-54.4775,-30.916054,False,True,False,False,False
178529,2017,"Conheça o novo Bentley Continental GT, o mais poderoso da história",4,-19.263895,-18.237892,False,True,False,False,False
149501,2017,"Novo Defender deve atrair público mais jovem, diz Land Rover",0,-16.18328,-30.256481,False,False,False,False,True
182846,2017,VW Voyage vai perder versão Highline e câmbio automatizado I-Motion,4,-19.618769,15.442194,False,False,False,False,False
149076,2017,Chevrolet lança linha Cobalt 2018 com Isofix e nova cor,4,-2.8032458,29.83383,False,False,True,False,False
133478,2017,Novo Mustang 2018 - Fomos ao QG da Ford conhecer o modelo que finalmente virá ao Brasil,0,-52.068275,-1.6466013,False,False,True,False,False
178057,2017,Volkswagen celebra 150 milhões de carros fabricados,5,-38.01105,26.292051,False,True,False,False,False
184855,2017,"Ferrari nomeia Motorsport.com como parceiro para ""Finali Mondiali"" de 2017",5,17.428001,-59.156754,False,False,False,False,False
177822,2017,Volkswagen Scirocco será transformado em cupê esportivo elétrico,0,-14.12399,-6.103729,True,False,False,False,True
134273,2017,"Recall - Civic, City, Accord e Fit têm 34 mil unidades convocadas",2,31.570795,52.884342,False,False,False,False,False
142691,2017,"Este é o Lynk & Co 03, um Volvo S40 mais acessível",0,-16.84994,-5.6000576,False,False,False,False,False
182828,2017,GM irá anunciar produção de novo modelo na Argentina no dia 12 de outubro,5,-0.5038997,18.385382,False,True,False,False,True
216501,2017,GM prepara platafoma de baixo custo para baratear carros elétricos,5,-1.2025598,10.106532,True,False,False,False,True
134070,2017,Relembre cinco polêmicas envolvendo Trump e a indústria automotiva,5,1.2626036,6.930306,False,False,False,False,False
140846,2017,Mitsubishi planeja vender modelos rebatizados da Renault,5,8.613324,-38.935467,False,False,False,False,False
145958,2017,PSA Peugeot Citroën encerra produção do motor 2.0 16V,5,22.4504,5.2342753,False,False,False,False,False
223626,2017,Mercedes-Benz confirma A35 como o AMG mais barato,0,-21.912386,-62.23547,False,False,False,False,False
225738,2017,China banirá produção de 553 modelos por alto consumo de combustível,5,1.6956832,-19.538206,False,True,False,True,False
143887,2017,Toyota renova patrocínio da Copa Libertadores 2017,5,-15.446727,40.09167,False,False,False,False,False
183432,2017,Mais vendidos no Reino Unido – Qashqai é 1º SUV a liderar ranking,1,61.61947,-1.8639688,False,False,False,False,True
140580,2017,Polícia frusta plano para sequestrar corpo de Enzo Ferrari,5,13.487864,-62.5103,False,False,False,False,False
139730,2017,Moto futurista da Honda será pilotada por Scarlett Johansson em filme,2,34.018177,49.136295,False,False,False,False,False
138626,2017,"Longe do Brasil, Hyundai i30 Tourer aparece ao vivo pela 1ª vez - Veja fotos",0,-14.236549,62.83044,False,False,False,True,False
140412,2017,Fiat Mobi com câmbio Dualogic chega às lojas em abril,4,22.51603,23.36502,False,False,False,False,False
149889,2017,Honda WR-V brasileiro começa a ser vendido também no Peru,4,23.725632,51.962063,False,False,False,False,False
147043,2017,Troller convoca T4 para recall no sistema de freios,5,9.683891,1.8272332,False,False,False,False,False
221975,2017,BMW Série 3 2018 chega mais equipado e tecnológico por R$ 156.950,3,-61.72634,-6.8006825,False,False,False,False,False
148204,2017,Citroën C3 AirCross é oficialmente apresentado na França,4,47.649216,-20.295012,False,False,False,True,False
134160,2017,Chevrolet Bolt bate sem ninguém ao volante - GM investiga,5,-3.0547755,12.758943,True,False,False,False,False
134826,2017,Novo Seat Ibiza confirma design do novo Gol que mostramos em 2014,0,-18.704437,13.053249,False,False,False,False,True
133538,2017,"Depois do ""Fusca"" e da ""Kombi"", próximo I.D. será um SUV",0,-22.03898,0.08147759,True,False,False,False,True
156894,2017,Ranking de vendas diretas em junho tem Mobi e EcoSport em destaque,1,79.67059,11.860878,False,False,False,False,False
141179,2017,Honda sorteará WR-V para quem fizer test-drive,2,29.563963,54.129436,False,False,False,False,True
178068,2017,"GM anuncia investimento de R$ 4,5 bilhões no Brasil",5,2.835862,10.61032,False,False,False,False,True
137537,2017,"Este é o novo Haval H6, cópia do Audi Q5 que é líder de vendas na China",0,-54.43788,-32.68908,False,False,False,False,True
138970,2017,Flagra! - Toyota Corolla XRS 2018 mostra seu pacote aerodinâmico,0,-13.412987,43.131504,False,False,False,False,False
148713,2017,Esse é nosso palpite para a nova geração do Mercedes-Benz CLS,0,-19.664112,-66.555504,False,False,False,False,False
145517,2017,DS 7 Crossback é o carro oficial do novo presidente da França,5,-1.9937413,-9.257047,False,False,False,False,False
133668,2017,"Após ""grave"" infecção, Stirling Moss se recupera em hospital",5,20.703537,-47.854473,False,False,False,False,False
139395,2017,Mais vendidos na 1ª quinzena: Toyota Etios em 8º e nenhum Fiat no top 10,1,73.50099,19.221907,False,False,False,False,False
133106,2017,Chevrolet Equinox substituirá o Captiva Sport no Brasil,0,-3.646306,17.568329,False,False,False,True,False
148673,2017,Novo Lancer Evo deve estrear dentro de 6 anos. E será um SUV!,5,10.187355,-36.38732,False,False,False,False,True
133869,2017,Novo SUV médio da Volkswagen deve ficar pronto em 2017,0,-25.716476,12.324717,False,False,False,False,True
176921,2017,"Salão de Frankfurt terá ausências da Fiat, Nissan e Volvo",5,-4.7277083,-26.309958,False,False,False,False,False
134251,2017,"Moto mais cara do Brasil, Ducati 1299 Superleggera custa R$ 550 mil",2,41.982216,36.128647,False,False,False,False,False
174156,2017,Isofix começa a ser obrigatório no Brasil a partir de 2018,5,37.244324,-35.122234,False,False,False,False,False
135303,2017,"Brown: F1 pode crescer nos EUA, mas precisa de mais provas",5,20.927439,-48.84345,False,False,False,False,False
175037,2017,"Flagra - Fiat ""Argo Sedan"" já mostra linhas da carroceria final",0,24.464464,24.544237,False,False,False,False,False
135159,2017,Hatches médios mais vendidos – Novo Cruze Sport6 “cola” no Golf em janeiro,1,71.02587,-13.251436,False,False,False,False,False
132699,2017,Bentley mais poderoso já feito aparece em primeiro teaser,5,-15.207147,-10.100776,False,False,False,False,False
141183,2017,Suzuki Swift deve ter motor 1.4 turbo. E pesar só 870 kg!,0,3.7398534,51.02146,False,False,False,False,False
134545,2017,Toyota Prius ganha garantia de 8 anos para seu sistema híbrido,5,-12.934644,36.2452,False,True,False,False,False
225639,2017,Fiat Argo brasileiro vai encarar Rio e Baleno no Uruguai,4,15.766997,26.23846,False,False,False,False,False
139619,2017,"Semana Motor1 - Novo Polo sem disfarces, Corolla 2018, vendas da quinzena e mais",0,9.778724,29.263048,False,False,False,False,False
134194,2017,Mais vendidos na Alemanha em 2016 – Golf chega ao 36º ano na liderança,1,60.345158,-3.9537659,False,False,False,False,False
139426,2017,Lista - 10 SUVs compactos legais que não são vendidos no Brasil,0,-7.3671637,8.246085,True,True,False,True,True
179885,2017,"Nissan reajusta preços do Kicks, que sobe até R$ 2.090",4,-4.391409,-43.00814,False,False,False,False,False
183995,2017,Única unidade do primeiro modelo da Alfa Romeo será leiloado,5,-9.672384,-7.0829864,False,False,False,False,False
132780,2017,Grupo PSA começa estudo para conexão 5G,5,-0.7979562,-11.9415045,False,False,False,False,False
147440,2017,"Pai do Maverick e do Pantera, Tom Tjaarda morre na Itália aos 82",5,-2.8048167,-10.238528,False,False,False,False,False
181515,2017,"Cor do carro e personalidade do dono geralmente não combinam, diz Nissan",5,1.636761,-41.210163,False,False,False,False,False
148898,2017,BMW Motorrad divulga preço da G310 R brasileira – R$ 21.900,3,-74.60381,-9.67696,False,False,False,False,False
175431,2017,"JAC T40 é lançado no Brasil – Veja preços, conteúdos e versões",4,-10.640707,14.622693,False,False,False,False,True
139590,2017,Vendas de esportivos em fevereiro – Porsche 911 vende 16 vezes mais que em 2016,1,74.31412,-20.143528,False,False,False,False,False
180292,2017,Kia Stonic chega ao Brasil em 2018 e promete 'boom' entre importados,4,-40.26151,48.7457,False,False,False,True,True
140672,2017,Ford confirma investimento bilionário para fazer a nova Ranger e o Bronco,0,-61.15767,15.3032055,False,False,False,True,True
173447,2017,"Jaguar E-Pace, menor e mais barato que o F-Pace, faz sua estreia",4,-18.524261,-27.07572,False,False,False,True,True
177682,2017,FCA nega rumores sobre venda da Jeep para montadora chinesa,5,35.201588,-5.6607437,False,False,False,False,False
183848,2017,Start-stop exige manutenção preventiva no sistema de ignição,5,6.621715,-10.476065,False,False,False,False,False
134193,2017,Flagra! - Mercedes-Benz GLA de segunda geração é testado no frio,0,-18.76721,-67.13276,False,False,False,False,False
134886,2017,"Celebrando 46 anos, missão Apollo 14 utilizou pneus Goodyear",5,-0.5751634,-4.1252303,False,False,False,False,False
183958,2017,Flagra - Novo Honda CR-V aparece limpo no Brasil,2,26.582806,59.08877,False,False,False,False,True
133618,2017,SUVs em 2016 - Honda HR-V termina como líder e Jeep Compass chega forte,1,36.861183,13.2848425,False,False,False,False,False
147768,2017,"Kia Stonic 2018, o Creta da Kia, surge em esboços",0,-37.475777,51.95074,False,False,False,True,False
143970,2017,Fábrica da FCA em Pernambuco comemora 220 mil unidades em dois anos,5,36.391716,0.80353343,False,False,False,False,False
147168,2017,BMW Motorrad Concept Link propõe novo estilo de mobilidade,3,-68.3507,-11.878491,True,False,False,False,False
148123,2017,"Semana Motor1.com - Preços do Kwid, Salão de Buenos Aires, futuro da Honda...",0,24.95378,-18.912434,True,False,True,False,False
134711,2017,Suzuki lança moto para temporada 2017 da MotoGP,5,5.4559135,54.675022,False,False,False,False,False
133870,2017,"Hydrogen Council - iniciativa a favor do hidrogênio une Daimler, Toyota, Honda e Hyundai",5,-13.743068,34.2977,False,False,False,False,False
177918,2017,SsangYong prepara volta ao Brasil com SUV compacto Tivoli,0,-25.535189,-6.8580184,False,False,False,True,True
134761,2017,Hatches pequenos foram os carros mais financiados em 2016; veja o top 5,5,-1.6322434,-3.2799964,False,False,False,False,False
141978,2017,Renault lança Duster Dakar II com detalhes exclusivos,4,28.514172,-21.007397,False,False,True,False,False
136761,2017,Perua Logan aparecerá em versão Stepway no Salão de Genebra,0,24.885912,-20.684353,False,False,False,True,False
146374,2017,Chevrolet Onix tem recall por problema nos pneus,5,7.9531746,3.6313329,False,False,False,False,False
142747,2017,Vazou! Conceito de SUV cupê do Grupo VW aparece antes do Salão de Xangai,0,-15.822812,-9.162806,False,True,True,False,True
135608,2017,Briatore: Verstappen é algo que não vemos desde Senna,5,22.391382,-53.600655,False,False,False,False,False
225321,2017,Audi R8 supostamente sairá de linha em 2020,0,-51.87449,-33.1284,True,True,False,False,False
179883,2017,Chery estuda inaugurar centro de design em Berlim,5,-36.068523,-26.135427,True,True,False,False,True
133377,2017,Chevrolet Cruze vira Holden Astra Sedan na Austrália,0,1.5535418,16.403326,False,False,False,False,False
181473,2017,Suzuki e-Survivor Concept adianta jipinho elétrico,0,-17.656176,-5.3696084,True,False,False,False,True
141970,2017,"F1 - Hamilton: ""Respeito mais Vettel do que qualquer outro piloto""",5,21.740204,-55.421856,False,False,False,False,False
184367,2017,Ford Focus entra na linha 2018 com mais equipamentos na Argentina,4,-48.97703,15.347903,False,False,False,False,False
184712,2017,Ford Ka e Ka+ zeram em novo teste de colisão do Latin NCAP,5,40.174732,-37.67889,False,False,False,False,False
133959,2017,Primeiros Nissan Kicks de testes são finalizados na fábrica de Resende (RJ),5,4.804289,-46.259003,False,False,False,False,True
146497,2017,Chevrolet Prisma 2018 ganha nova cor e preços mais altos,4,3.8710237,21.402746,False,False,False,False,False
146937,2017,Dia da Mobilidade Elétrica pede legislação para tecnologia pegar,5,8.016394,-18.465902,True,True,False,False,False
175666,2017,"Marchionne vê ""utilitário Ferrari"" como boa fonte de lucros",5,13.359211,-60.82535,False,False,False,False,True
185121,2017,Mais vendidos na Alemanha – VW domina pódio e BMW Série 5 é destaque,1,60.24724,-4.11622,False,False,False,False,False
142063,2017,Audi - SUVs esportivos Q8 e Q4 chegarão ao mercado até 2019,0,-55.472206,-31.434027,False,False,False,False,True
225550,2017,"Em ação promocional, Evoque mostra que enfrenta qualquer desafio",5,-15.732049,-31.117992,False,False,False,False,True
177789,2017,"Novo Volkswagen T-Roc, SUV do Golf, é revelado oficialmente",0,-31.21175,23.609224,False,False,False,True,True
138024,2017,"Carros novos com chip inteligente chegam em 2018, adianta fabricante",5,13.23454,-8.155076,False,False,True,False,False
133559,2017,Volkswagen alerta executivos para evitar viajar aos EUA por risco de prisões,5,-16.561098,4.6630173,False,False,False,True,False
222446,2017,Autosport Awards terá novos formato e apresentadores,5,22.166506,-45.98485,False,False,False,False,False
182661,2017,Renault Sandero perde câmbio Easy’R e abre espaço para CVT,0,26.28796,-22.353903,False,False,False,False,False
135903,2017,Spark mostra conceito de novo carro da Fórmula E,5,20.555908,-49.83246,True,False,False,False,False
175637,2017,Nissan Kicks estreia na China com motor 1.5 de 124 cv,0,5.3747773,-48.67254,False,False,False,False,True
135050,2017,Range Rover Velar - SUV com pegada cupê estreia em março,0,-15.599694,-30.078016,False,False,False,False,True
148021,2017,Renault Kwid chega com preços entre R$ 29.990 e R$ 39.990,4,27.04665,-18.656855,False,False,False,False,True
177326,2017,Sedãs Premium em julho – Classe C completa um ano na liderança,1,73.122635,-22.308695,False,False,False,False,False
144650,2017,"Recall - VW convoca linhas up!, Gol, Voyage, Saveiro, Fox e SpaceFox",5,-15.878087,10.081027,False,False,False,False,False
186468,2017,Flagra - Mercedes-Benz Classe C terá leve reestilização em 2018,0,-18.335518,-68.252625,False,False,False,False,False
174287,2017,Kia Sorento 2018 estreia facelift quase imperceptível na Coreia,0,-35.90807,47.256474,False,False,False,False,True
132517,2017,Flagra - SUV do próximo VW Gol roda sob a marca Seat na neve,0,-18.893341,11.876088,False,False,False,False,True
135187,2017,Projeção do Mercedes-AMG Project One mostra um belo supercarro,5,-22.136242,-62.0321,True,True,False,False,False
133535,2017,SUV Bentayga ajuda Bentley a bater recorde de vendas em 2016,5,-7.3014064,-6.0808744,False,False,False,False,True
135474,2017,"Incrível! Sedã elétrico da Tesla vai de 0 a 100 km/h em 2,3 s",4,-19.73745,-11.538724,False,False,False,False,False
134366,2017,Justiça permite aumento de velocidade nas marginais em SP,5,9.813199,-5.293998,False,False,False,False,False
183081,2017,Recall - Peugeot 3008 é convocado por problema elétrico,5,10.718085,2.4657357,False,False,False,False,False
223962,2017,Projeção antecipa o novo Mercedes-Benz Classe A 2018,0,-18.683561,-67.72446,False,True,False,True,False
141001,2017,Golf turbina vendas da Volkswagen no Reino Unido - Veja ranking,1,61.471104,-1.9254771,False,False,False,False,False
145346,2017,Honda mostra City Hybrid 2017 mais tecnológico e seguro,2,22.70003,60.21241,False,True,True,False,False
176260,2017,Mercedes-Benz registra patente de airbag externo para pedestres,5,5.394635,-7.035578,False,False,False,False,False
148005,2017,Nissan Frontier argentina só nasce no segundo semestre de 2018,0,-11.522223,-55.178627,False,False,False,False,False
149126,2017,Audi e-tron Sportback de produção é confirmado para 2019,5,-55.180202,-32.455414,True,False,False,False,False
175421,2017,Flagra - Novo Mercedes GLA usa carroceria do Classe A para se esconder,0,-19.036745,-66.92822,False,False,False,False,True
180960,2017,Segredo - Tudo o que sabemos sobre o Lamborghini Urus,5,-7.608095,-15.9786005,True,True,False,False,True
143995,2017,Veículo lunar da Audi vai estrear em filme antes de ir ao espaço,5,-54.24063,-37.518555,False,True,False,False,False
135311,2017,Sedãs de entrada – Prisma começa o ano disparado na ponta,1,72.655525,-11.545818,False,False,False,False,False
139222,2017,Flagra - Novo Ford EcoSport 2018 se apronta para estreia ainda neste semestre,0,-50.28852,17.182247,False,False,False,False,True
181821,2017,Segredo - Renault Sandero e Logan renovados surgem em primeiras imagens,0,26.593332,-23.222095,False,False,False,False,False
137247,2017,Novo Hyundai Sonata 2018 aparece em primeiras imagens antes da estreia,0,-21.969437,67.60269,False,True,False,False,False
132801,2017,Hyundai fecha 2016 à frente da Fiat entre os automóveis,5,36.30659,16.319159,False,False,False,False,False
134002,2017,"CEO do grupo Renault, Carlos Ghosn fala sobre Trump e outros assuntos",5,7.148576,-40.028362,False,False,False,False,False
173982,2017,Ford Fiesta RS 2018 poderia ter mais ou menos essa pegada,0,-48.307514,16.508307,False,False,False,False,False
135776,2017,Empresa lança oficina compartilhada para quem gosta de mexer na moto,5,41.28335,30.322357,False,False,False,False,False
133428,2017,VW pode ter desbancado Toyota em vendas mundiais em 2016,5,38.64251,11.42418,False,False,False,True,False
152945,2017,Jaguar E-Pace teve 150 protótipos destruídos no desenvolvimento,5,-13.493273,-26.691011,False,False,False,False,True
135679,2017,Renault-Nissan divulga primeiro balanço com números da Mitsubishi,5,8.206427,-39.297466,True,False,False,False,False
137409,2017,Especial - 10 carros que revolucionaram o design de suas categorias,0,-26.685963,5.1442204,False,False,False,False,False
133955,2017,Veja as marcas premium mais vendidas no mundo em 2016,5,39.58396,11.2855625,True,False,False,False,True
176813,2017,Chevrolet Equinox diesel é o SUV não-híbrido mais econômico dos EUA,0,-5.1471643,14.399613,False,True,False,True,True
223392,2017,"“Queremos exportar o Cronos para a Europa”, diz chefão da Fiat Argentina",5,26.645773,17.011309,False,False,False,False,False
177629,2017,FLAGRA – Ford Bronco aparece em testes pela 1ª vez,0,-62.669952,15.331939,False,False,False,True,True
183696,2017,Chery vai vender a operação no Brasil,5,-37.583565,-29.318731,False,False,False,False,True
133244,2017,Nova geração do Grand Cherokee deve usar plataforma da Alfa Romeo,0,-11.410454,-4.257176,False,False,False,False,True
143730,2017,Fiat explica a origem do nome Argo,5,23.727404,22.593235,False,False,False,False,False
145052,2017,Presidente da Datsun vai para a Mitsubishi ajudar Carlos Ghosn,5,7.4662633,-39.92892,False,False,False,False,False
133983,2017,Airbus apresentará conceito de carro voador ainda neste ano,5,-2.9440446,-11.237824,False,False,True,False,False
136120,2017,BMW fará 28 lançamentos até 2021 - conheça o cronograma,3,-68.99257,-14.870022,False,False,False,False,True
178846,2017,Denúncia - Nossas estradas estão há 60 anos paradas no tempo,5,10.752716,-9.966947,False,False,False,False,False
141308,2017,Novo VW up! 2018 atualiza estilo e ganha refinamento interno,4,-27.872164,22.591534,False,False,False,False,False
184684,2017,Mitsubishi e-Evolution adianta SUV que ressuscitará nome Evolution,5,11.94021,-35.18943,True,False,False,False,True
134849,2017,"Flagra: SUV do Rio, novo Kia Stonic é pego pela 1ª vez",0,-37.925587,51.640415,False,False,False,True,True
135049,2017,Range Rover 1978 é restaurado pela fábrica para venda,5,-17.43002,-32.18404,False,False,False,False,False
146536,2017,Flagra - Fiat Argo aparece sem disfarce na versão 1.0 básica,4,22.720276,23.912975,False,False,False,False,False
148125,2017,F1 - Hamilton passeia no Canadá e aquece campeonato,5,27.61528,-56.574665,False,False,False,False,False
177328,2017,Mercedes mostra conceito conversível e elétrico em Pebble Beach,5,-24.637163,-64.277695,True,False,False,False,False
132981,2017,Veja os campeões de vendas por estados em 2016,1,72.07374,17.768175,False,False,False,False,False
177522,2017,CNH digital entrará em vigor até fevereiro de 2018,5,11.309614,-9.048827,False,False,False,False,False
181291,2017,ESP obrigatório na Argentina será adiado por conta do Brasil,5,17.298397,-16.493126,False,False,False,False,False
223630,2017,Flagra - Novo BMW Série 3 chega em 2018 com design inspirado no Série 5,3,-61.751137,-14.99648,True,True,False,True,False
139961,2017,Micou? Chevrolet Bolt já está sendo vendido com descontos,5,-4.260576,12.309329,True,False,False,False,False
145067,2017,"Renault Logan, Sandero e Duster Oroch ficam mais caros",4,25.934052,-16.82057,False,False,False,False,False
147280,2017,Renault Logan ganha ESP e vira até safety car... na Rússia,5,22.372559,-22.525661,False,False,False,False,False
145559,2017,Fiat Mobi já tem metade das vendas com motor Firefly de 3 cilindros,4,21.559088,22.607237,False,False,False,False,False
147053,2017,Fiat Argo - Detalhes definitivos e fotos das versões,4,22.44356,24.095325,False,False,False,False,False
184956,2017,Denatran autoriza multas para pedestres e ciclistas a partir de 2018,5,10.433446,-10.378677,False,False,False,False,False
186674,2017,Novo Renault Duster 2019 terá grade exclusiva e interior inédito,0,28.121777,-28.186422,False,False,False,False,True
133232,2017,Flagra: JAC T3 se prepara para o lançamento no Brasil,4,-38.02704,-24.065678,False,False,False,False,True
182674,2017,Citroën C4 Lounge perde versão manual (e mais barata),4,45.908623,-15.017898,False,False,False,False,False
144194,2017,Porsche Cayenne reboca Airbus A380 e entra para o livro dos recordes,5,-33.016354,-45.921295,False,False,False,True,True
145406,2017,Fábricas da Renault e da Nissan são afetadas por ciberataques,5,5.7640834,-41.25871,False,False,False,False,False
148717,2017,MV Agusta lança a nova Dragster RC,2,41.075993,35.02946,False,False,False,False,False
176335,2017,Honda Fit Shuttle (perua) ficará mais segura na linha 2017,2,23.169907,54.256058,False,False,False,False,False
148293,2017,Picapes em maio – Fiat Toro amplia vantagem e Frontier vai mal,1,79.36989,-13.27089,False,False,False,False,False
147796,2017,"Mercado de usados registra saldo positivo de 24,9% em maio",5,39.465958,13.312285,False,False,False,False,False
145211,2017,Renault lança exclusivo Sandero R.S. Racing Spirit a R$ 66.400,4,27.377138,-20.973349,False,False,False,False,False
140536,2017,Serviço OnStar da Chevrolet chega a 130 mil usuários no Brasil,5,9.84673,-6.90407,False,False,False,False,False
144681,2017,Projeção - Veja como deve ficar o visual do inédito Volvo XC40,0,-16.697582,-5.6432877,False,False,False,False,True
134051,2017,Williams se “sentiu mal” chamando Massa de volta,5,20.469349,-49.42483,False,False,False,False,False
139955,2017,Volkswagen já registrou o nome Virtus no Brasil e na Argentina,0,-20.69632,13.737738,False,False,False,False,True
133163,2017,Fiat reajusta preços de vários modelos em janeiro; veja tabela,4,21.478662,18.74976,False,False,False,True,False
147451,2017,Volkswagen inicia contagem regressiva para novo Polo com vídeos,0,-21.36237,14.739131,False,False,False,True,False
148375,2017,BMW Série 6 Gran Turismo otimiza fórmula para suceder Série 5 GT,3,-61.90538,-10.202173,False,False,False,True,False
133733,2017,Veja todos os carros de corrida do Salão de Detroit 2017,5,-2.1676307,-8.251054,False,False,False,False,False
147983,2017,Chevrolet Equinox deve chegar ao Brasil em outubro,0,-3.7777371,18.023514,False,False,False,True,False
177146,2017,Flagra - Novo Hyundai Santa Fe exibe visual inspirado no Kona,0,-20.568272,65.64074,False,True,False,True,True
136681,2017,"Vídeo - Nova Nissan Frontier promete a ""melhor suspensão"" entre as picapes",0,-9.350715,-51.69696,False,False,False,False,False
136910,2017,"Hamilton lamenta ""espetáculo triste"" do ruído nos carros da F1 atual",5,22.481897,-53.731228,False,True,False,False,False
138614,2017,Hyundai FE Fuel Cell Concept prevê futuro com hidrogênio em Genebra,5,-17.839037,60.387573,False,False,False,False,False
134608,2017,Mercedes Classe E Coupé começa a ser produzido na Alemanha,0,-18.789846,-66.229004,True,False,False,False,False
179343,2017,"Novo Nissan Leaf 2018 fica mais moderno, bonito e tecnológico",5,-1.722505,-45.6725,True,True,True,False,False
180054,2017,Honda Urban EV é o esperado compacto da marca japonesa,2,32.416393,56.19169,False,False,False,False,False
138664,2017,"Volkswagen Sedric - conceito autônomo não tem volante, pedais ou painel",5,-19.808708,3.948692,True,False,True,False,False
175548,2017,Mercado em julho - Vendas recuam; Chevrolet amplia liderança,1,72.18001,-5.720023,False,False,False,False,False
163964,2017,Tesla Model 3 começa a ser produzido,5,-19.110018,-10.593146,True,False,True,False,False
183877,2017,"Recall - Renault convoca Sandero, Logan, Duster e Duster Oroch",5,23.428522,-24.376612,False,False,False,False,True
144286,2017,"""Noite do Gol Quadrado"" acontece nesta terça em São Paulo",5,-16.354906,11.247955,False,False,False,False,False
145960,2017,BMW G 310 R começa a ser montada em Manaus (AM),3,-73.84358,-9.233907,False,False,False,False,False
180900,2017,"VW SpaceFox passa a ser vendida em versão única, por R$ 58.990",4,-20.27168,22.062798,False,False,False,False,True
215899,2017,Segredo - VW Polo e Virtus terão versão 1.6 com câmbio automático,4,-19.551481,15.607007,False,False,False,False,False
132701,2017,"Brasil não tem potencial para carros 100% elétricos, diz pesquisa",5,4.3249307,-19.856108,True,False,False,False,False
182669,2017,Varejo em setembro – Kwid bate Ka e Argo cola no top 5,1,83.21554,10.150342,False,False,False,False,True
136282,2017,A volta dos que não foram - Tucson e Golf 1.6 continuam na ativa,5,-13.78617,60.679764,False,False,False,False,False
182457,2017,Range Rover Sport 2018 estreia com facelift e inédita versão híbrida,4,-19.599703,-27.865223,False,True,False,False,True
139696,2017,Ferdinand Piëch vai vender ações da Volks e se afastar da empresa,5,-32.625217,-38.73628,False,False,False,True,False
133744,2017,Bugatti Veyron perde de hipercarro elétrico croata em desafio de aceleração,5,-8.147805,-11.528797,True,False,False,False,False
146920,2017,Mercedes AMG confirma novos modelos abaixo do A45,5,-21.4688,-60.822403,False,False,False,False,False
178229,2017,Fiat Mobi chega ao Uruguai para enfrentar concorrentes chineses,4,14.633361,25.900963,False,False,False,False,False
147255,2017,Exclusivo! Fiat Argo - Participamos do treinamento da rede,5,24.65524,22.414696,False,False,True,False,True
183745,2017,"Mitsubishi investirá US$ 5,3 bilhões para ter 11 novos veículos em três anos",5,7.7948728,-38.025013,False,False,False,False,False
136769,2017,Exclusivo! Revelamos os catálogos da nova Nissan Frontier para o Brasil,4,-9.185731,-50.342243,False,False,False,True,False
223720,2017,Nissan Kicks brasileiro substitui o mexicano na Argentina,0,5.0000515,-48.2715,False,False,False,False,True
134369,2017,Briga em casa - Mercedes-Benz C 180 Avantgarde ou GLA 200 Advance?,5,-21.392397,-64.64166,False,False,False,False,False
133917,2017,"""Pandakar"" - Fiat Panda 4x4 chama a atenção no Rally Dakar",5,24.281109,19.618216,False,False,False,True,False
134523,2017,GM comemora 92 anos no Brasil com usina solar,5,2.750241,10.584646,False,False,False,False,False
138288,2017,BMW Série 3 GT reestilizado chega ao Brasil por R$ 199.950,3,-61.92181,-7.0847325,False,False,False,False,False
150746,2017,BMW vai enxugar portfólio para ampliar investimentos em P&D,3,-65.45382,-19.316362,False,False,True,True,False
172621,2017,"VW trará versão ""verde"" do Golf ao Brasil antes de 2019",5,-33.152424,27.678822,True,True,False,False,False
221919,2017,Aston Martin Vantage é lançado com 510 cv e belas linhas,5,-0.6705972,-81.10952,False,False,False,False,False
174929,2017,Honda Type R completa 25 anos e relembramos sua história,2,27.512337,56.23436,False,True,False,False,False
144822,2017,Hyundai reajusta preços e Creta se aproxima dos R$ 100 mil,4,-5.5960884,64.5507,False,False,False,False,True
178042,2017,Nova geração do Hyundai Tucson estreia em 2020,0,-21.38139,63.389267,False,False,False,False,True
223545,2017,"Recém-lançado no Brasil, Jaguar E-Pace alcança 5 estrelas no Euro NCAP",5,38.945534,-36.72035,False,False,False,False,True
185595,2017,Volkswagen reajusta preços para novembro,4,-17.901295,20.224962,False,False,False,False,False
148338,2017,Buenos Aires - Chevrolet S10 Trailboss é possibilidade aventureira,4,-2.143102,27.022425,False,False,False,True,False
142385,2017,"Ex-CEO da VW, Ferdinand Piëch vende ações do grupo ao irmão",5,-32.671223,-38.89668,False,False,False,True,False
141963,2017,"Sucesso de vendas, Jeep Compass fica mais caro novamente: R$ 103.490",4,44.337868,-3.081213,False,False,False,True,True
180106,2017,Novo Porsche Cayenne Turbo chega com 550 cv e 0 a 100 km/h em 4 s,4,-32.06263,-47.22533,False,False,False,False,True
138321,2017,Mitsubishi Outlander recebe novo motor 2.0 que promete ser 20% mais econômico,4,10.524647,-32.33186,False,False,False,True,False
134840,2017,Porsche 911 GTS 2018 tem preço inicial de R$ 687 mil no Brasil,4,-32.270733,-46.914837,False,False,False,False,False
175068,2017,Hyundai Creta brasileiro começa a ser exportado para o Paraguai,4,-10.527489,66.917564,False,False,True,False,False
178549,2017,"Vídeo: Piquets falam sobre carros e ""recorde"" entre Mônaco e Milão #EP3",5,17.937088,-54.611042,False,False,False,False,False
185589,2017,Mais vendidos na Argentina – Onix cresce e já ameaça a liderança do Gol,1,72.55586,9.941856,False,False,False,False,False
225504,2017,Ford Ka terá novo motor 1.2 de 96 cv na Índia,0,-49.94236,14.845291,False,False,False,False,False
145800,2017,Novo Mercedes Classe A aparece em teaser publicado no Linkedin,0,-18.041882,-67.18025,False,False,False,False,False
144063,2017,Bottas derrota Ferraris e vence 1ª na F1; Massa é 9º,5,25.933804,-56.47933,False,False,False,False,False
173554,2017,Picape Mercedes Classe X finaliza testes antes da estreia dia 18,0,-13.572833,-56.294376,False,False,False,True,True
150053,2017,Novo Mercedes-AMG A45 terá sistema híbrido com mais de 400 cv,0,-23.852123,-63.985672,False,True,False,False,False
132149,2017,Vídeo - Audi R8 V10 compete com R8 de controle remoto,5,-53.989147,-37.745724,False,False,False,False,False
137185,2017,Vendas na Europa - Golf líder no geral e Tiguan entre os SUVs em janeiro,1,62.10586,-5.7465367,False,False,False,False,True
178137,2017,Ford Ranger Sportrac chega por R$ 159.990 - Veja preços da linha 2018,4,-52.36689,26.491985,False,False,False,True,False
224106,2017,Bugatti convoca todas as unidades do Chiron por problema no banco,5,-9.700301,-11.0359125,False,False,False,False,False
186091,2017,"Produção de veículos subiu 42% em outubro, diz Anfavea",5,41.576057,13.407474,False,False,False,False,False
176477,2017,Volkswagen aumenta preços de Gol e Up! em até R$ 1.260,4,-17.916079,20.131683,False,False,False,False,False
178270,2017,Lançamento: BMW i3 2018 ganha retoques visuais e versão esportiva,3,-63.67925,-12.430357,True,False,False,False,False
147686,2017,Jaguar XE fica até R$ 10.800 mais caro na tabela de junho,4,8.009474,21.293411,False,False,False,False,False
137103,2017,Jeep Compass coloca o Cherokee em xeque nos EUA; veja preços e impressões,4,40.32399,-3.306443,False,False,False,True,True
134938,2017,McLaren fecha acordo com BMW para desenvolver novos motores,3,-65.0053,-19.430813,False,False,False,False,False
135956,2017,Primeiro carro voador com produção em série é colocado à venda,5,-18.91148,-12.061389,False,False,False,False,False
180457,2017,Sistema OnStar agora funciona em parceria com o Sem Parar,5,5.013717,5.675261,False,False,False,False,False
225168,2017,"Fiat Weekend deixou de ser fabricada, diz site",5,23.910593,22.410051,False,False,False,False,True
159455,2017,França quer parar a venda de veículos a combustão até 2040,5,4.9728904,-18.844416,True,True,False,True,False
133724,2017,"Opel libera novo teaser do Crossland X, SUV maior que o Mokka",0,15.961731,4.534819,False,False,False,True,True
143609,2017,Nissan vai expandir a divisão de esportivos Nismo,5,2.887602,-44.19637,False,False,False,False,False
142996,2017,"Opel revela o Grandland X 2018, baseado no Peugeot 3008",0,16.14318,4.6842465,False,False,False,False,True
134463,2017,Vídeo - Um rolê pelo Salão de Detroit 2017,5,-3.465563,-26.996801,False,False,False,False,False
134006,2017,Tesla é inocentada (e até elogiada) em acidente com o Autopilot,5,3.4770942,-8.336514,False,False,True,False,False
137800,2017,Nova Nissan Frontier topo de linha vai custar R$ 166.700,0,-9.139496,-50.92369,False,False,False,True,False
178132,2017,Volkswagen T-Roc GTI: será que existirá uma versão esportiva?,0,-33.273003,25.617044,False,False,False,False,True
138628,2017,Recall - Jaguar XF é convocado no Brasil por risco de incêndio,5,9.74153,1.8862237,False,False,False,False,False
134339,2017,Novo Lada Niva aparece em suposto desenho oficial,0,-16.088005,-4.435589,False,False,False,False,False
147047,2017,Chuck Norris é contratado como novo embaixador da Fiat,5,24.219563,19.022522,False,False,False,False,False
133361,2017,CEO da Volkswagen confirma estreia de 60 novidades em 2017,5,-32.472137,-38.159397,False,False,False,True,False
147050,2017,"VW inicia exportação do novo up! para Argentina, Peru e Uruguai",5,-20.22524,10.614331,False,False,False,False,False
133541,2017,Fiesta é o mais vendido no Reino Unido pelo 8º ano seguido - veja ranking,1,61.60584,-1.82534,False,False,False,False,False
134069,2017,"Com mais azul, Yamaha revela moto para temporada 2017",2,50.517365,42.831554,False,False,False,False,False
186174,2017,"Em promoção, Renault Oroch tem desconto de até R$ 13.660",4,12.450285,15.205152,False,False,False,False,False
182957,2017,Ferrari confirma que fará um SUV,5,13.158792,-60.43595,False,False,False,False,True
136451,2017,Equipes apoiam volta da suspensão ativa à F1,5,18.00146,-54.466644,False,False,False,False,False
148515,2017,Sedãs grandes em maio – Ford Fusion domina quase 90% das vendas,1,74.79307,-11.667256,False,False,False,False,False
134976,2017,Volkswagen Golf 2017 chega ao Reino Unido pelo equivalente R$ 70.270,0,-29.917767,24.07476,False,False,False,False,False
185310,2017,Revelado! Jeep Wrangler 2018 aparece em primeiras imagens oficiais,0,32.89143,-6.180869,False,False,False,True,True
216109,2017,Novo Tesla Roadster é o carro de rua mais rápido do mundo,5,-19.418524,-11.323321,False,False,False,False,False
132609,2017,Designer mostra como seria a volta do DeLorean,5,-9.320943,-15.473874,True,False,False,False,False
133570,2017,"China fecha 2016 com 24,3 milhões de carros vendidos; veja ranking",5,36.61315,9.6471405,True,True,False,False,False
143031,2017,Recall - Mitsubishi convoca Pajero Full para reparar airbags mortais,5,8.817954,1.6683927,False,False,False,False,False
137956,2017,Vendas diretas – Trailblazer e Fluence próximos dos 100% em fevereiro,1,79.25369,11.965184,False,False,False,False,False
134372,2017,Como seria um Alfa Romeo Giulia vestido com a clássica roupagem da Martini Racing para o DTM,5,-9.682507,-7.438197,False,False,False,False,False
144026,2017,Mais vendidos de abril (prévia) - Compass lidera entre os SUVs/crossovers pela 1ª vez,1,73.776375,18.9555,False,False,False,False,False
160233,2017,"VW terá 3 SUVs e modelo elétrico no Brasil, diz Powels",0,-24.248388,9.902674,True,False,False,False,True
133904,2017,"Afetados pelos SUVs, sedãs médios voltarão a crescer em 2018, diz Toyota",5,-2.8587341,-4.065307,False,False,False,False,False
253279,2018,Land Rover Discovery ganha novo motor 3.0 turbodiesel de 306 cv,0,-18.058084,-29.827438,False,False,False,True,True
261666,2018,Toyota Prius ficará mais barato com redução de IPI para híbridos,5,-13.713663,36.61226,False,True,False,False,False
238464,2018,Chevrolet confirma lançamento da linha Midnight,0,-2.3009334,23.943316,False,False,False,False,False
261370,2018,Renault Captur aproveita suspensão da venda de Nissan Kicks e Hyundai Creta para PcD,5,8.67186,-45.07691,False,False,False,False,True
233466,2018,Flagra - Novo Porsche 911 aparece pela primeira vez sem camuflagem,5,-34.757442,-45.271523,False,False,False,False,False
233714,2018,"Em breve no Brasil, Toyota Yaris Sedan chega ao México por R$ 37.700",4,-6.02272,39.3828,False,False,False,False,False
269975,2018,Flagra: Novo Evoque 2020 revela interior inspirado no Velar,0,-15.759089,-27.456715,False,True,False,True,True
274910,2018,"Salão de SP: Kia exibe híbridos Niro e Optima, além do Soul EV",4,-24.105494,-11.02664,True,True,False,False,True
274286,2018,Ducati Multistrada 1260 é lançada partir de R$ 74.900,4,40.106644,36.403614,False,False,False,False,False
296974,2018,Porsche Macan 2019 estreia novo motor 3.0 V6 turbo na versão S,4,-32.713367,-47.251823,False,False,False,False,True
276814,2018,Toyota Camry terá produção reduzida por conta dos SUVs,5,-17.60885,37.289062,False,False,False,False,True
250720,2018,Ford não estará no Salão de Genebra de 2019,5,-51.846603,10.87749,True,True,False,False,False
297948,2018,DPVAT para automóveis será de apenas R$ 12 em 2019,5,12.052543,-4.041501,False,False,False,False,False
250037,2018,Fórmula 1: Lewis Hamilton manda na França e conquista pole em Paul Ricard,5,27.904953,-56.83166,False,False,False,False,False
252571,2018,Allez les Bleus: os carros campeões de vendas na França no 1º semestre,1,62.737965,-6.9944663,False,False,False,False,False
233176,2018,Volvo V60 2019 aparece antes da hora em primeiras fotos vazadas,0,-16.190868,-4.5830927,False,True,False,False,True
243293,2018,Novo Audi A6 estará no Salão de São Paulo e será vendido em 2019,0,-54.632793,-31.524412,False,True,False,False,False
237324,2018,Flagra mostra novo SUV compacto da Ford: será o próximo EcoSport?,0,-56.05903,15.819817,False,False,False,False,True
249649,2018,Novo BMW Série 8 em versões Gran Coupé e Conversível aparecem primeiro no Brasil,3,-64.88042,-10.654267,False,False,False,True,False
234338,2018,BMW M4 conversível especial celebra 30 anos dos M sem teto,3,-65.313095,-10.66072,False,False,False,False,False
269841,2018,VW Golf terá irmão da Skoda chamado Scala,0,-24.417263,7.66755,False,False,False,False,True
268512,2018,Vídeo: Conhecemos o novo Suzuki Jimny no Salão de Paris,5,5.6715746,53.295994,False,False,False,False,False
269360,2018,Flagra: Mercedes-Benz CLA Shooting Brake aparece pela primeira vez,0,-17.858007,-68.43409,False,False,False,False,False
234849,2018,Rossi: Acho que vou continuar correndo por dois anos,5,13.667613,-24.619022,False,False,False,False,False
298626,2018,Renault do Brasil anuncia Ricardo Gondo como novo presidente,5,24.430037,-24.854256,False,False,False,False,True
260608,2018,"Brasileiro pagou em média R$ 4,61 no litro da gasolina, diz estudo",5,22.827976,-9.366812,False,False,False,True,False
269719,2018,Fim das 4 argolas? Audi registra duas variações de seu logotipo,5,-56.69848,-34.79977,True,False,True,False,False
242641,2018,Sucessora da Kombi é sucesso de vendas na Alemanha,1,60.28051,-4.117377,False,False,False,True,False
262201,2018,Novo VW Jetta é lançado no Uruguai com motor 1.4 TSI e câmbio Tiptronic,4,-26.468412,22.058594,False,False,False,False,False
264881,2018,Varejo em agosto: Yaris já vende mais que Corolla nas lojas,1,83.490234,9.488187,False,False,False,False,True
250924,2018,Mercedes-Benz Classe X com motor V6 desembarca na Argentina para testes,0,-14.731403,-55.394417,False,False,False,False,False
242585,2018,Mercedes-Benz produzirá novo carro elétrico na França de olho na Tesla,5,-17.594778,-64.361885,True,False,False,False,True
235909,2018,Flagra – Ford Ka 2019 enfim aparece com câmbio automático,0,-49.80585,14.633871,False,False,False,False,True
264933,2018,Vendas diretas em agosto: SUVs conquistam quatro posições do top 10,1,79.624344,11.723708,False,False,False,False,False
262961,2018,Honda CRF 2019 ganha atualizações eletrônicas e chega aos R$ 44.990,2,36.30302,47.969227,False,False,False,False,False
229790,2018,Fiat Cronos tem preços a partir de R$ 53.380 na Argentina,4,19.515732,24.844368,False,False,False,False,False
274807,2018,Salão de SP: Chevrolet Bolt chega ao Brasil em 2019 por R$ 175.000,5,-2.8057432,12.748075,True,False,False,False,False
242497,2018,Corsa GSi é relançado com motor 1.4 turbo de 150 cv,4,-18.586203,-16.93904,False,False,False,False,False
237321,2018,Chevrolet Onix tem até R$ 5.400 de desconto,4,11.856313,17.128447,False,False,False,False,False
267486,2018,Ford e Volkswagen estudam parceria no Brasil para 2019,5,-47.31583,7.4389625,False,False,False,False,True
280532,2018,Flagra: Novo Audi A3 Sportback está pronto para a produção,0,-56.338863,-33.43165,False,True,False,True,False
241366,2018,Citroën C4 Cactus nacional aparece nas primeiras imagens oficiais,0,45.511543,-19.335903,False,False,False,False,True
250431,2018,"Honda NXR 160 Bros, XRE 190 e CRF 230F entram em programa de incentivo",2,34.07874,50.12329,False,False,False,False,False
266396,2018,Novo Mercedes-AMG A35 mostra asa traseira em teaser,0,-21.836653,-62.65673,False,False,False,False,False
281836,2018,Veja a lista dos carros mais roubados nos Estados Unidos,5,32.179226,11.924235,False,False,False,False,False
235351,2018,Conceito Le Fil Rouge mostra como será o design dos próximos Hyundai,0,-18.98875,61.139687,False,False,False,False,False
249655,2018,Segredo: Honda registra patente de sedã menor que o City no Brasil,2,23.523851,58.56363,False,False,False,True,True
240469,2018,Volvo terá 50% das vendas concentradas em veículos elétricos até 2025,5,0.96656346,-21.18209,True,True,False,False,False
235717,2018,"Semana Motor1.com: Creta x Tracker, Salão de Genebra, novidades Renault e mais!",0,-9.060054,21.901947,False,False,False,False,True
236350,2018,"Mais vendidos na 1ª quinzena de março: Dois Jeep no top 10, Virtus no top 20",1,74.174774,19.299461,False,False,False,False,False
248651,2018,Volkswagen Virtus pode ser grande aposta da marca para a Índia,0,-22.373379,8.518698,False,False,False,False,True
249408,2018,"Semana Motor1.com - Novo VW Golf, crash test do Renault Sandero e mais",0,24.83082,-19.27989,False,False,False,False,False
279449,2018,Fiat inaugura concessionária digital em SP; veja como funciona,5,12.370423,0.17116159,False,False,False,False,False
262357,2018,Mini Cooper 2019 chega a partir de R$ 119.990 com três novas cores,4,-43.331104,-11.366555,False,False,False,False,False
299000,2018,"Toyota Prius fica ""esportivo"" com kits visuais da TRD",0,-11.472999,37.066494,False,True,False,False,False
249415,2018,Kia Soul será vendido apenas elétrico na Europa,0,-23.868425,-12.369308,True,False,False,False,True
273831,2018,Mercedes-Benz adianta seus lançamentos para 2019,0,-18.20772,-67.2486,True,False,False,False,True
240163,2018,Maybach Vision Ultimate Luxury é uma bizarra mistura de SUV e sedã,0,-18.537727,-7.2527275,False,False,False,False,True
229841,2018,Veja a lista dos SUVs mais vendidos em janeiro - Compass e SW4 lideram,1,79.03741,-8.969907,False,False,False,False,False
264005,2018,Salão de Moscou: Renault Arkana é o futuro SUV-cupê brasileiro,0,26.0022,-27.2973,False,False,False,False,True
227494,2018,Jeep Renegade é eleito 'Melhor SUV Compacto' por revista off-road,5,35.03844,-5.2509127,False,False,False,False,True
279266,2018,Fiat deverá encerrar operações na Índia com o fim de Punto e Linea,5,29.783546,17.914967,False,False,False,False,False
267817,2018,Audi SQ2 é revelado com visual agressivo e motor 2.0 TFSI de 300 cv,4,-49.454185,-34.995667,False,False,False,False,True
236387,2018,Novo Ford Focus 2019 estreia dia 10 de abril na Europa,0,-50.85995,16.482689,False,False,False,False,False
236116,2018,Novo BMW Série 1 terá nova plataforma para eletrificação,3,-62.98979,-16.75752,True,False,False,False,True
251185,2018,Honda Fit brasileiro chega à Argentina com seis airbags de série,2,24.662117,52.84686,True,True,False,False,False
273825,2018,Mitsubishi L200 em versão motorhome estará no Salão do Automóvel,4,10.167362,-31.524267,False,False,False,True,False
228350,2018,Toyota terá carros preparados pela divisão esportiva Gazoo no Brasil,5,-16.3976,41.531395,False,True,False,False,False
266993,2018,Honda NXR 160 Bros 2019 ganha nova cor para versão ESDD,2,36.032394,47.968163,False,False,False,False,False
235406,2018,Lexus UX estreia em Genebra com mira apontada para o BMW X2,0,-57.563698,-13.316617,False,True,False,False,False
235260,2018,Renault inaugura fábrica para produção do motor 1.6 SCe,5,17.82098,-21.55979,False,False,False,False,False
286473,2018,Honda WR-V estreia na Argentina mais barato que o Fit,4,23.748455,52.070557,False,False,False,False,False
235548,2018,"Prêmio ""World Car Of The Year 2018"" é disputado por 3 SUVs",5,-6.3657503,-22.140188,False,False,False,False,True
233717,2018,Renault-Nissan quer ampliar operação Mitsubishi no Brasil,5,9.097886,-37.94962,False,False,False,False,False
253072,2018,Nissan Leaf lidera vendas entre elétricos na Europa no 1º semestre,5,-1.3872734,-33.940834,True,False,False,False,False
276009,2018,Honda XRE 300 2019 muda visual e ganha ABS de série por R$ 18.200,2,35.96777,46.490654,False,False,False,False,False
233038,2018,Novo Honda HR-V começa a ser vendido no Japão; veja fotos,2,23.98962,60.92309,True,True,False,False,True
278934,2018,Flagra: Honda testa compacto elétrico Urban EV de produção,2,32.65454,56.330853,True,False,False,False,False
264086,2018,Fórmula E terá categoria de SUVs elétricos com liderança de brasileiro,5,19.400797,-48.790337,True,False,False,False,True
239155,2018,"Prestes a mudar, VW Jetta sofre aumento e passa dos R$ 110 mil",4,-24.050785,22.424475,False,False,False,False,False
274307,2018,Salão de SP: Fiat mostra conceito de SUV-cupê baseado na Toro,0,27.392403,31.130478,False,False,False,False,True
234076,2018,"Semana Motor1.com - Preços do Fiat Cronos, teste do VW Virtus 1.6, fim do Palio e mais",4,19.667818,21.933432,False,False,False,False,True
267192,2018,Mercedes Classe B de nova geração terá tecnologias do Classe S,0,-19.162857,-67.15858,True,False,False,False,True
268422,2018,Designer da Renault diz que prefere desenhar o Clio a uma Ferrari,5,21.958328,-29.996368,False,False,False,False,True
240616,2018,Renault apresenta novo sistema de venda online para o Kwid,5,22.054266,-23.068485,False,False,False,False,False
242660,2018,Fiat investirá US$ 100 milhões para produzir transmissões na Argentina,5,26.584396,16.715015,False,False,False,False,False
276611,2018,"Sedãs de luxo em outubro: Com recorde, Porsche Panamera lidera pela 1ª vez",1,72.889084,-21.704231,False,False,False,False,False
267281,2018,"VW T-Cross terá apresentação simultânea no Brasil, Alemanha e China em outubro",0,-23.946154,13.75756,False,False,False,False,True
263557,2018,Disputa com EUA pode afetar indústria automobilística da Turquia,5,-7.0504613,4.598023,False,False,False,False,False
261324,2018,Hatches médios mais vendidos em julho: VW Golf renovado ainda não mostra a que veio,1,71.04956,-13.304059,False,False,False,False,False
270151,2018,Porsche revela Panamera GTS 2019 com motor V8 biturbo de 460 cv,4,-32.07667,-46.349995,False,False,False,False,False
226283,2018,"Onix lidera, HB20 cai e Gol se recupera - confira os mais vendidos de 2017",1,83.877655,7.519953,False,False,False,False,True
241709,2018,Motorsport Network entra no mercado de ingressos e compra BookF1.com,5,21.829166,-45.426292,False,False,False,False,False
226625,2018,Fiat Cronos começa a ser vendido na Argentina; veja preços oficiais,4,19.697493,24.718142,False,False,False,False,False
236877,2018,Flagra: JAC T40 CVT confirma novo motor 1.6 pelo logotipo,0,-6.2998114,7.8900595,False,False,False,False,True
262421,2018,Sedãs de luxo em julho: Mercedes faz dobradinha à frente da BMW,1,72.99365,-21.969206,False,False,False,False,False
233883,2018,Fiat Grand Siena 1.4 fica mais barato para sobreviver após Cronos,4,16.990995,23.954819,False,False,False,False,False
260611,2018,Renault bate recorde mundial com 192 Sandero R.S. no autódromo de Interlagos,5,25.527172,-21.613523,False,False,False,False,False
247059,2018,Programas do Motorsport.tv ganham Telly Awards,5,22.031603,-45.517757,False,False,False,False,False
272042,2018,Novo Mini Cooper Cabrio entra em pré-venda por R$ 146.990,4,-43.387478,-10.351365,False,False,False,False,False
249657,2018,Renault Kwid Minivan: projeção antecipa visual da inédita versão,0,24.765255,-31.887482,False,False,False,False,False
275969,2018,Fiat Cronos Drive 1.8 automático é lançado por R$ 68.790,4,17.203085,26.527748,False,False,True,False,False
229847,2018,BMW M levará novo conceito para Genebra,3,-68.40045,-7.2839,False,False,False,False,False
276644,2018,Novo BMW 330i chega em abril por estimados R$ 280 mil,3,-66.24425,-6.589946,False,False,False,False,False
237575,2018,Novo Corolla Hatch é mostrado em NY e adianta o que veremos no sedã,0,-12.08544,43.215694,False,False,False,False,False
268945,2018,"Motoristas de BMW são os piores do Reino Unido, diz pesquisa",5,2.9203198,-2.97772,False,False,False,False,False
272777,2018,"Tesla arrisca com confiança excessiva no sistema autônomo, diz Euro NCAP",5,38.847466,-35.323956,False,False,True,False,False
267349,2018,Apple CarPlay começa a espelhar Google Maps e Waze,5,5.117228,-3.4276614,False,False,False,False,False
243558,2018,Elétricos responderão por 55% das vendas globais em 2040,5,35.850796,9.20548,True,False,False,True,False
276795,2018,Ford Territory chegará em 2020 por estimados R$ 130 mil,0,-53.865665,13.679954,False,False,False,False,True
229989,2018,Flagra revela Jeep Renegade 2019 com novidades no visual,0,42.40441,-7.877113,False,False,False,True,True
273092,2018,Novo Ford Focus ST: sem camuflagem e sem planos para o Brasil,0,-50.74586,16.02217,False,False,False,False,False
246707,2018,Nova Chevrolet Spin 2019 mostra grade e faróis em teaser,0,-2.4688077,21.227686,False,False,False,False,False
262759,2018,BMW Série 3 2019 revela interior high-tech com painel digital,0,-57.924282,-13.681439,False,False,False,False,False
235235,2018,Range Rover SV Coupé faz homenagem ao Range 2 portas de 1969,5,-17.90587,-25.64351,False,False,False,False,False
265671,2018,Fiat Uno Way resurge das cinzas na Argentina,4,20.023487,24.69205,False,False,False,False,False
251104,2018,BMW X2 em versão M35i de 300 cv é pego em testes em Nürburgring,0,-59.614674,-13.134089,False,False,False,False,False
244172,2018,Hatches médios mais vendidos: Cruze Sport6 volta ao comando em maio,1,71.06634,-13.240737,False,False,False,False,False
275169,2018,Salão de SP: Kia apresenta Sportage com visual reestilizado,4,-35.703503,46.82355,False,False,False,False,True
262218,2018,Sedãs grandes em julho: Passat e Camry puxam alta nas vendas,1,74.85727,-11.903456,False,False,False,False,False
297684,2018,CEO da austríaca KTM demonstra interesse na Ducati,5,-16.421522,2.0245497,False,False,False,False,False
251907,2018,Audi e chinesa Huawei planejam parceria em projetos de conectividade,5,-54.535652,-39.13728,False,False,False,False,False
235893,2018,Mitsubishi confirma desenvolvimento de novo SUV. Será o próximo Pajero Full?,0,10.915231,-37.747723,False,True,False,False,True
252236,2018,ZF irá produzir carro elétrico autônomo em 2019,5,-4.310491,-12.308939,True,False,True,False,False
250200,2018,Novo Chevrolet Spin aparece sem camuflagem em versão não-aventureira,0,-1.9642339,20.860346,False,False,False,False,False
237684,2018,Audi lança Q3 Black Edition por R$ 184.990,4,-49.8648,-37.128513,False,False,False,False,True
242362,2018,"SUV da Ranger, Ford Everest também ganha novo visual e 10 marchas",4,-52.30511,21.549728,False,False,False,True,True
263413,2018,Volkswagen considera fusão como alternativa viável para a Ducati,5,-16.527632,2.1109726,False,False,False,False,False
274556,2018,Bons de loja: veja ranking dos carros mais vendidos no varejo em outubro,1,83.4646,9.517937,False,False,False,False,True
226242,2018,Flagra - Novo BMW X2 já desembarca no Brasil,3,-65.01275,-8.704028,False,False,True,False,True
276193,2018,Volkswagen Amarok será vendida nos Estados Unidos na próxima geração,0,-38.151356,10.169078,False,False,False,False,False
263096,2018,"Esperada no Brasil, Ford Ranger Raptor 2019 estreia na Europa",0,-53.340897,29.122217,False,False,False,True,False
298430,2018,Nissan alcança 300 mil motores produzidos na fábrica de Resende,5,5.589034,-45.693035,False,False,False,False,False
254995,2018,"Documentário ""I Am Paul Walker"" estreia dia 9 de agosto nos EUA",5,-3.8564637,-8.470367,False,False,False,False,False
245474,2018,Audi A1 2019 ganha teaser e confirma nova central multimídia,0,-54.427166,-29.105906,True,True,False,False,True
228109,2018,Latin NCAP divulgará dois novos resultados no dia 23,5,39.422356,-36.65852,False,False,False,False,False
229582,2018,Sedãs de entrada em janeiro – Prisma cresce enquanto Siena e Logan recuam,1,72.754845,-11.571965,False,False,False,False,False
253043,2018,Novo Suzuki Swift chega à Argentina pelo equivalente a R$ 92 mil,4,-11.051588,14.9347105,False,True,False,False,False
252462,2018,Ford Mustang já vende 25 vezes mais que o Camaro no Brasil,1,74.24046,-19.997211,False,False,False,False,False
251882,2018,Mini comemora 9 anos de Brasil com descontos de até R$ 20 mil,4,-42.63388,-10.115515,False,False,True,False,True
262480,2018,Flagra: VW T-Cross nacional mostra maior porte em relação ao europeu,0,-23.543545,15.08212,False,False,False,False,True
242107,2018,SUVs/crossovers de luxo em abril – Land Rover lidera segmentos superiores,1,77.21575,-22.976095,False,False,False,False,False
253181,2018,Volvo garante que S60 será seu melhor carro em termos de qualidade,5,-2.2899802,-4.9057755,False,False,False,False,False
250293,2018,BMW Motorrad anuncia produção das novas F 750 GS e F 850 GS no Brasil,3,-73.168526,-8.033082,False,False,False,False,False
228362,2018,Jeep irá decidir sobre modelo sub-Renegade em junho,0,35.51248,-7.439758,False,False,False,False,True
264912,2018,"Sucessora da Fiat Strada chega em 2020, diz site",0,19.521408,33.137497,False,False,False,False,False
226730,2018,Novo Mercedes Classe A terá central multimídia que parece computador,5,-0.7691965,-81.569695,False,False,True,False,True
237428,2018,Novos VW Gol e Voyage com câmbio automático deverão ter inédita versão Exclusive,0,-19.432825,14.632544,False,False,False,False,False
226600,2018,Hyundai Nexo é SUV movido a hidrogênio com autonomia de 563 km,5,-19.249413,59.39856,True,False,False,False,True
242281,2018,VW Saveiro 2019 estreia na Argentina mais equipada e com gama reduzida,4,-20.343496,21.971941,False,False,False,False,False
274960,2018,Sedãs compactos em outubro: Ford Ka Sedan bate recorde de vendas,1,72.95662,-11.725789,False,False,False,False,False
226427,2018,"Importados em 2017 - Sportage lidera no ano, mas JAC T40 domina dezembro",1,60.58867,4.4982038,False,False,False,False,False
240844,2018,Nova Dafra Next 300 estreia com preço de R$ 14.590,2,41.04303,42.468433,False,False,False,False,False
246944,2018,"Lançado há poucos meses, Fiat Cronos já está mais caro",4,16.377209,23.076727,False,False,False,False,False
242759,2018,Toyota Etios chega a 500 mil unidades produzidas no Brasil,5,-16.741825,38.524254,False,False,False,False,False
272621,2018,Toyota Hilux ganhará versão esportiva GR Sport em novembro,0,-20.994854,44.566578,False,False,False,True,False
226870,2018,"#TBT Motor1.com - Há 15 anos, Ford EcoSport inaugurava segmento de SUVs compactos no Brasil",0,-49.87994,15.659843,False,False,False,False,True
272749,2018,Ducati revelará toda sua linha 2019 no dia 4 de novembro,5,37.901512,33.362743,False,False,False,False,False
234471,2018,Toyota Corolla brasileiro irá substituir americano na Colômbia,5,-17.161928,38.735687,False,False,False,False,False
240586,2018,Nova linha Chevrolet será revelada em 2019 no Brasil,0,3.287258,12.012313,False,False,False,False,True
241152,2018,Hatches médios em abril – VW Golf assume liderança depois de mais de um ano,1,70.99095,-13.305744,False,False,False,False,False
268913,2018,"Renault Alaskan estará no Salão do Automóvel, mas não como lançamento",0,-12.236497,-55.420284,False,False,False,True,False
274871,2018,"Salão de Milão: Honda CB500X ganha roda aro 19"" e novo visual na linha 2019",2,36.04476,49.898743,False,False,False,False,False
268709,2018,SUV híbrido da Ford é a viatura de polícia mais rápida dos EUA,5,-52.855427,10.523664,False,True,False,False,True
250452,2018,Fiat Weekend segue viva na linha 2019 por até R$ 79.290,4,16.422016,26.33647,False,False,False,False,False
240041,2018,Chevrolet anuncia parceria com Cimed e quer marcas na Stock Car,5,-0.73162794,15.033627,False,False,False,False,True
247017,2018,Volkswagen up! brasileiro tem vendas interrompidas no México,5,-18.869787,10.145897,False,False,False,False,False
229707,2018,Ford Ranger Raptor é revelada com motor biturbo diesel de 213 cv,0,-53.10681,28.971218,False,False,False,True,False
251511,2018,Kia oferece versões do Sorento com desconto de R$ 7 mil,4,13.6225395,17.321114,False,False,True,False,True
228904,2018,"Calendário confirma - Audi terá novos A1, Q3 e SQ2 ainda em 2018",0,-53.79853,-30.11412,False,True,False,False,True
236286,2018,Declaração de veículos no Imposto de Renda tem novidades neste ano,5,10.548416,-6.8437333,False,False,False,False,False
236261,2018,Volkswagen mostra design dos faróis full-LED do novo Touareg 2019,0,-54.512085,-28.967081,False,True,False,True,True
274601,2018,Salão de SP: Kia destaca veia esportiva com Stinger GT,4,-19.079536,-18.708675,False,False,False,False,False
250206,2018,Renault Sandero RS é convocado por problema no tubo de combustível,5,23.227959,-24.2962,False,False,False,False,False
273148,2018,Renault Sandero R.S. amarelo será exclusivo para sorteio,5,24.884096,-23.98767,False,False,False,False,False
270125,2018,Fiat Argo 2019 fica mais caro e parte de R$ 46.490,4,16.663092,25.905647,False,False,False,False,False
262207,2018,Honda HR-V fica até R$ 1.600 mais caro pouco antes da reestilização,2,28.981012,50.280483,False,False,False,False,False
265499,2018,Ducati mostra Scrambler Icon 2019 atualizada em estilo e técnica,5,38.036644,33.489555,False,False,False,False,False
243435,2018,"Honda apresenta novo HondaJet Elite, com maior autonomia de voo",2,30.427568,52.43667,False,False,False,False,False
251374,2018,"Nissan oferta March, Sentra, Kicks e Frontier com condições especiais",4,-7.7952456,-41.987995,False,False,False,False,True
226425,2018,Ford EcoSport começa a ser vendido nos Estados Unidos por US$ 18.490,4,-54.94614,12.397765,False,False,False,False,True
249839,2018,Flagra: Chevrolet Spin 2019 revela novo visual na Argentina,0,-2.4492328,21.320717,False,False,False,False,False
260595,2018,Suzuki Vitara ganha novo design e adota motores turbo 1.0 e 1.4,4,4.9159045,52.184105,False,False,False,False,False
261844,2018,VW T-Cross já exibe opções de modularidade do espaço interno,0,-23.555809,15.117981,False,False,False,False,True
240444,2018,Toyota Corolla híbrido plug-in e C-HR elétrico são revelados na China,0,-10.403855,42.242104,True,True,False,False,False
240937,2018,Ford Maverick pode voltar ao mundo como um SUV,0,-51.15427,7.949875,False,False,False,False,True
290397,2018,Skoda Scala é o primo pobre do Golf com plataforma de Polo,0,-30.913483,23.60227,False,False,False,True,False
272993,2018,Caoa Chery Arrizo 5 terá preços entre R$ 69 mil e R$ 79 mil,4,-40.35493,-27.054832,False,False,False,False,False
252341,2018,"Em promoção, Honda WR-V é vendido com taxa zero até o fim do mês",2,25.600296,48.750698,False,False,False,False,False
298261,2018,Novo Defender ganha teaser e sugere estreia já no início de 2019,0,-16.055574,-29.4094,False,True,False,True,False
263377,2018,Volvo XC40 estreia primeiro motor de 3 cilindros da marca,4,-24.540133,-12.530125,False,False,False,False,True
226996,2018,"Fiat faz recall de Uno, Palio e Grand Siena para troca de airbag",5,11.065986,1.2086293,False,False,False,False,False
238235,2018,Ford Mustang começa a ser vendido oficialmente no Brasil,4,-51.05553,-1.4197055,False,False,False,False,False
228089,2018,"Novo VW Virtus 2018 - Preços, versões e equipamentos",4,-22.430937,23.677362,False,False,True,False,False
269079,2018,Tesla Model 3 já vende mais do que Corolla nos EUA,1,70.08441,-3.3464632,False,False,False,False,False
267820,2018,Honda Biz 2019 é lançada com novas cores a partir de R$ 7.750,2,35.722523,46.59858,False,False,False,False,False
243963,2018,VÍDEO: Vice-presidente da GM bate pace car no muro em prova da Indy,5,20.723764,-51.944164,False,False,False,False,False
228556,2018,Nissan atinge marca de 200 mil motores produzidos em Resende,5,5.054878,-46.18976,False,False,False,False,True
235398,2018,Dacia prepara Duster mais refinado para mercado asiático,0,26.50523,-27.498472,False,False,False,False,True
297786,2018,"Semana Motor1.com: Picape anti-Toro da Ford, andamos na Honda Elite e mais",0,-36.531734,-22.592844,False,True,False,False,True
251385,2018,"Honda PCX 150 ganha campanha promocional com taxa de 0,99%",2,25.785294,48.59519,False,False,False,False,False
239307,2018,Volkswagen Amarok V6 ganha (ainda) mais potência para superar Mercedes Classe X,4,-34.85402,15.492613,False,False,False,True,False
244327,2018,"Novo Renault Kangoo para o Mercosul estreia em versões Life, Zen e Stepway",4,21.903421,-18.474836,False,False,False,True,False
242224,2018,Mais vendidos na 1ª quinzena de maio: Jeep emplaca Compass e Renegade no top 10,1,74.37219,19.521456,False,False,False,False,False
276578,2018,Novo Chevrolet Monza 2019 estreia na China,0,-35.86824,-6.353692,False,False,False,False,False
235883,2018,Volkswagen já disputa liderança de vendas com a Chevrolet em março,1,35.27211,17.164871,False,False,False,False,False
242880,2018,Flagra - Novo BMW Série 3 deve ser apresentado em outubro,3,-61.59347,-15.069984,False,False,False,False,False
265626,2018,Segredo: Novo Chevrolet Malibu 2019 tem patente registrada no Brasil,0,-4.5359797,19.931948,False,False,False,False,False
282225,2018,Novo Audi Q3 ganha motor 2.0 TFSI com até 230 cv,4,-49.85314,-34.888573,False,False,False,True,True
261572,2018,Volkswagen quer transformar Seat em rival direta da Alfa Romeo,5,-17.163128,1.4558344,False,False,False,False,True
272763,2018,Flagra: BMW X1 reestilizado chega no começo de 2019,3,-58.899426,-14.678036,False,False,False,True,True
264882,2018,Importados mais vendidos em agosto: SUVs da Volvo e Jaguar brilham,1,60.56816,4.5158677,False,False,False,False,False
242876,2018,Ferrari cria SP38 com visual único e exclusivo para cliente especial,5,14.075702,-63.290936,False,False,False,False,False
264588,2018,Segredo: Novas gerações de Onix e Prisma deverão conviver com as atuais,0,4.230453,25.50543,False,False,False,False,True
239699,2018,Volvo pode usar motores da Mercedes-Benz,5,0.10452156,-18.4079,True,False,False,False,False
261098,2018,Ferrari lança livro que custa mais do que Jeep Compass,5,13.145266,-62.64538,False,False,False,False,False
268046,2018,Honda HR-V e CR-V 2019 ganham visual diferente em séries especiais,2,23.563671,54.822353,False,True,False,False,False
234186,2018,Nissan Terra - As primeiras imagens do SUV da Frontier,0,-9.308698,-51.477303,False,False,False,True,True
235388,2018,"Volkswagen Fusca não terá sucessor, adianta executivo",0,-23.97967,7.359938,False,False,False,False,True
253038,2018,Toyota reúne as cinco gerações do Supra pela primeira vez,0,-57.555405,-13.211394,False,False,False,False,False
280311,2018,Nissan Maxima recebe facelift e novos equipamentos na linha 2019,4,-2.9871912,-49.90444,False,False,False,False,False
264538,2018,Ford Mondeo pode seguir caminho do Fusion e também sair de linha,5,-47.425518,9.029208,False,False,False,False,False
269986,2018,Novo Hyundai Veloster entra em pré-venda na Argentina,0,-14.134178,63.55371,False,False,True,False,False
297693,2018,Vídeo: Jornalista que perdeu a visão se emociona ao pilotar novamente em Interlagos,5,3.3830822,-13.283619,False,False,False,False,False
274781,2018,Hatches compactos em outubro: Chevrolet Onix e Fiat Argo batem recorde,1,74.71915,-13.99684,False,False,False,False,False
295418,2018,Volkswagen avalia produção de Buggy retrô com propulsão elétrica,0,-21.195421,0.2758187,True,False,False,False,False
264941,2018,Hyundai HB20S Unique é nova versão de entrada por R$ 48.190,4,-7.7041903,61.346725,False,False,False,False,False
226683,2018,"VW Buzz de produção terá ""Face ID"" para identificar rosto do dono",5,-19.097145,3.44626,True,False,False,False,False
249973,2018,Toyota Yaris para PCD custa a partir de R$ 46.533 - confira tabela,5,6.4869823,0.35621557,False,False,False,False,False
233697,2018,"Antes do Brasil, novo VW Jetta chega ao México no fim de março",0,-28.948359,23.75245,False,False,False,False,False
269093,2018,Flagra: Novo BMW M3 mostra os novos faróis enquanto anda em Nürburgring,3,-63.03887,-14.061102,False,False,False,True,False
233762,2018,Volvo XC40 terá versão elétrica com 500 km de autonomia,4,-24.791441,-12.720876,True,True,False,True,True
226515,2018,Nova Honda CB300R 2018 completa a gama Neo Sports Cafe,2,40.266796,42.81499,False,False,False,False,False
264528,2018,"Próximo VW Golf terá tecnologias do Audi A8, mas perderá a perua Variant",0,-34.415085,27.074144,True,False,False,True,False
258276,2018,Fundador do Google está investindo pesado em carros voadores,5,0.11373423,-14.207171,False,False,True,False,False
235876,2018,SUV Urus já trouxe 70% de novos clientes para a Lamborghini,5,-7.456737,-7.0873895,False,False,False,False,True
242686,2018,BMW R 1200 GS e R 1200 GS Adventure ganham novo painel em TFT na linha 2018,3,-73.222435,-8.41332,False,False,False,False,False
249637,2018,Renault Sandero fica até R$ 2.650 mais caro na linha 2019,4,25.936628,-17.477743,False,False,False,False,False
229884,2018,"DS 7 Crossback ganha prêmio de ""mais belo interior"" em festival",5,-20.354956,-6.8991747,True,True,False,True,False
227100,2018,Novo EcoSport Storm - versão mais radical aparece no site da Ford,0,-51.910995,15.955349,False,False,False,False,True
250735,2018,Nissan GT-R50 é protótipo único criado em parceria com a Italdesign,4,-3.6038482,-38.176556,False,False,False,False,False
269600,2018,"Semana Motor1.com: O novo Toyota Corolla em vídeo, Jeep lança Compass 2019 e mais",0,-2.026124,-27.540209,False,False,True,False,True
278929,2018,Kia Soul 2020 se mostra quase por completo em novos teasers,0,-35.0857,51.213932,False,False,False,False,False
272359,2018,"Porsche promete manter volante, pedais e câmbio manual para sempre",5,-31.005733,-40.89935,False,False,True,False,False
281839,2018,Promoção Preço de Nota fiscal de Fábrica Nissan tem descontos de até R$ 10 mil,4,-6.9459615,-42.550686,False,False,False,False,False
237968,2018,Novo Ford Focus 2019 aparece em vídeo antes da estreia,0,-51.066025,16.030006,False,True,False,False,False
238995,2018,Vídeo: Honda prepara WR-V 1.5 turbo com até 211 cv!,2,26.455772,55.718983,False,False,False,False,False
276553,2018,Mais vendidos na 1ª quinzena: VW Gol em 2º e Chevrolet Spin no top 10,1,74.571075,20.031666,False,False,False,False,False
274118,2018,Flagra: Este é o novo VW T-Cross mais barato,4,-23.5757,15.687093,False,False,False,False,True
250566,2018,Matt Damon será Carroll Shelby em filme Ford vs Ferrari,5,14.571889,-61.090775,False,False,False,False,False
274903,2018,Salão de SP: Nissan Leaf entra em pré-venda por R$ 178.400,5,-1.9316931,-45.245514,True,False,False,False,True
241735,2018,Hyundai insinua lançamento de picape inédita na América do Sul,0,-29.616533,56.99363,False,False,False,False,False
227362,2018,"Hyundai Veloster N é versão realmente esportiva, com 280 cv",2,-13.469597,62.06978,False,False,False,False,False
287537,2018,Fiat 500e terá nova geração com plataforma dedicada à elétricos,5,29.736755,22.45706,False,True,False,False,False
264713,2018,Renault Duster Oroch 4x4 entra em pré-venda no Uruguai,4,28.583666,-22.049004,False,False,True,False,True
236291,2018,Ford mostra teaser do Bronco e confirma mais um SUV,0,-49.721172,9.761314,True,True,False,False,True
233751,2018,Nova Volvo V60 chega ao Brasil no 2º semestre para encarar alemães,0,-20.352306,-4.947071,True,True,True,True,False
233571,2018,"Vazam imagens da nova Ferrari 488 Pista, versão extrema com 721 cv",5,15.699032,-62.565674,False,False,False,False,False
269227,2018,Euro NCAP: carros dos testes de impacto podem ter sido manipulados,5,38.46287,-35.667355,False,False,False,True,False
260968,2018,Flagra: Novo Mercedes Classe A se apronta para estreia no Salão do Automóvel,0,-18.784449,-68.45248,False,False,False,False,False
266500,2018,Fiat Grand Siena fica mais caro e parte de R$ 47.690,4,16.78338,25.140177,False,False,False,False,False
276183,2018,Próximas Mitsubishi L200 e Nissan Frontier serão irmãs e híbridas,0,9.095483,-36.441868,True,True,False,False,True
250571,2018,"Picape Mercedes Classe X poderá ganhar motor 4.0 V8, adianta chefão",0,-20.615437,-62.05889,False,False,False,True,False
273860,2018,Nissan terá pista exclusiva para visitantes no Salão do Automóvel,5,0.16780667,-44.566742,False,False,False,False,True
261318,2018,Fiat Punto dá adeus e sai de linha na Itália,5,28.025715,18.778746,False,False,False,False,False
291701,2018,Sedãs compactos em novembro: Yaris Sedan supera HB20S e Cronos,1,73.263504,-11.957078,False,False,False,False,False
241853,2018,Volkswagen encomenda US$ 48 bilhões em baterias para carros elétricos,5,-14.314148,1.571392,True,True,False,False,True
250163,2018,Citroën C4 Picasso perde versão mais barata na linha 2019,4,44.92403,-17.64496,False,False,False,False,False
238361,2018,Novo Renault Kangoo já aparece para concessionários na Argentina,0,21.90437,-18.487597,False,False,False,True,False
228860,2018,Kia SP Concept antecipa novo SUV compacto,0,-37.47035,51.97218,False,True,False,False,True
233796,2018,Ford Edge 2019 estreia na Europa com motor diesel da Ranger Raptor,0,-52.064167,21.167318,False,False,False,True,True
298573,2018,"Projeção: Volkswagen I.D. será o elétrico ""popular"" da marca alemã",0,-24.474377,0.25975433,True,False,False,False,True
234389,2018,VW Atlas poderá se chamar Teramont no Brasil,0,-26.059464,11.301833,False,False,False,False,True
262585,2018,Novo BMW Série 3 terá o motor 4 cilindros mais potente já feito pela marca,3,-66.99851,-13.884292,False,False,False,False,False
274471,2018,Toyota Yaris recebe 3 estrelas em teste de colisão do Global NCAP,5,40.36709,-37.5214,False,False,False,False,False
260366,2018,"Honda Civic diesel ganha câmbio de 9 marchas e promete consumo de 24,4 km/l",2,25.08029,54.227264,False,False,False,True,False
277070,2018,Suzuki Vitara 2019 ganha facelift e parte de R$ 91.990,4,5.1736627,53.050575,False,False,False,False,False
241840,2018,Veja o ranking dos SUVs mais vendidos no Brasil em abril,1,79.012596,-8.944503,False,False,False,False,False
267283,2018,BMW Motorrad começa a fabricar as novas F850 GS e F750 GS no Brasil,3,-73.882164,-9.210466,False,False,False,False,False
229570,2018,Ford Edge 2019 terá nova versão Titanium Elite,0,-52.930515,12.801224,False,False,False,False,True
234979,2018,Salão de Genebra - Os lançamentos que virão para o Brasil,0,-19.459486,-3.410484,False,True,False,True,True
234111,2018,Royal Enfield Classic 500 ganha duas novas opções de cor,2,45.155006,33.18143,False,False,False,False,False
262448,2018,Flagra: Fiat Toro Ranch 2019 será nova versão topo de linha,4,19.169336,32.171932,False,False,False,True,False
260401,2018,Hyundai apresentará novo compacto para emergentes em outubro,0,2.2813292,54.888954,False,False,False,False,False
262848,2018,Nissan lança March e Versa 2019 com nova central multimídia,4,-5.3142962,-46.631027,False,False,False,False,False
250692,2018,"Evitando a CES, Salão de Detroit mudará de data",5,-4.5892024,-27.0338,False,False,False,False,False
241060,2018,"Em mês sem SUVs no top 10, Cronos estreia no top 20: os mais vendidos de abril (oficial)",1,84.08733,8.098502,False,False,False,False,True
276135,2018,Volkswagen planeja SUV compacto elétrico ao preço de US$ 21 mil,5,-17.708464,-1.5373507,True,False,False,False,True
258431,2018,"""Salões do Automóvel estão mortos"", revela chefão da Volkswagen",5,-4.4944973,-26.354586,False,False,False,False,False
267649,2018,JAC Motors chega à Argentina pelas mãos da família Macri,5,17.635983,-15.794276,False,False,False,False,False
250442,2018,Nissan Sentra elétrico começa a ser vendido na China,5,-0.8666312,-44.689133,True,False,False,False,False
226241,2018,"SsangYong revela nova picape Musso, maior que a Actyon Sports",0,-13.915792,14.295702,False,False,False,True,True
264675,2018,Volvo bate recorde de vendas no Brasil com ajuda do XC40,5,39.212296,12.654037,False,False,False,True,True
239546,2018,Mais vendidos nos EUA: Equinox bate CR-V e Civic supera Corolla,1,70.131935,-3.3483946,False,False,False,False,False
238105,2018,Hyundai HB20 edição Copa do Mundo 2018 tem preços a partir de R$ 49.990,4,-7.738018,61.392662,False,False,False,False,False
266392,2018,FCA pode estar desenvolvendo novo motor de 6 cilindros em linha,5,-10.048218,-5.536079,False,False,False,False,False
248374,2018,"Volkswagen é multada em R$ 4,3 bilhões por fraudes de emissões",5,-14.221062,4.511187,False,False,False,True,False
264080,2018,Nova Ford Ranger reestilizada será feita na Argentina em 2019,0,-54.90361,28.230686,False,False,False,True,True
228271,2018,Toyota completa 60 anos de Brasil e confirma híbrido flex,5,-13.883385,37.38937,True,True,False,False,False
228001,2018,Mais vendidos na China - Mercado atinge volume 13 vezes maior que o do Brasil,1,68.35419,-3.4782643,False,False,False,False,True
275021,2018,Salão de SP: Subaru traz WRX manual e novas tecnologias para o XV,4,-11.962323,13.671352,False,False,False,False,False
226395,2018,"Sem Rota 2030, governo deve reduzir carga de impostos de híbridos e elétricos, diz jornal",5,5.2334256,-18.201569,True,True,False,False,False
226942,2018,Mais vendidos no Reino Unido - Ford Fiesta completa 9 anos na liderança,1,61.528038,-1.8166621,False,False,False,False,False
262539,2018,Yaris já vende mais do que Virtus e Kwid: confira os mais vendidos na 1ª quinzena de agosto,1,73.64077,19.71699,False,False,False,False,True
261952,2018,Mitsubishi comemora 20 anos da fábrica de Catalão (GO),5,7.331741,-35.390667,False,False,False,False,False
229345,2018,"Semana Motor1.com - Cronos Turbo em testes, novo Ka Freestyle, novo Picanto GT no Brasil e mais",0,-49.501926,16.540298,False,False,False,False,True
251863,2018,Multas poderão ser pagas e parceladas com cartão de crédito,5,11.497355,-9.544034,False,False,False,False,False
234042,2018,Volkswagen confirma inédito SUV conversível baseado no T-Roc,5,-22.652145,7.9901586,False,False,False,False,True
240255,2018,"Primo do HB20, Hyundai i20 ganha face-lift e câmbio de dupla embreagem",4,-13.300017,63.522633,False,False,False,False,False
274018,2018,Ford estaria desenvolvendo inédito Mustang de 4 portas,0,-52.65865,0.15322009,False,False,False,False,True
244207,2018,"Nissan não desenvolverá novos motores a diesel, afirma jornal",5,3.653238,-42.00633,True,False,False,True,False
298993,2018,Picape Mercedes-Benz Classe X argentina atrasa e fica para 2º semestre de 2019,0,-12.785822,-56.361267,False,False,False,False,False
297619,2018,Honda HR-V Touring com motor 1.5 turbo tem detalhes revelados,2,28.192505,56.694965,False,False,True,False,False
227588,2018,Flagra - Novo Mercedes-Benz CLA é pego em testes pela 1ª vez,0,-19.894371,-67.752075,False,False,False,False,True
234857,2018,Renault Kwid fica até R$ 1.000 mais caro e parte de R$ 30.990,4,26.08658,-16.905338,False,False,False,False,True
235178,2018,Novo Toyota Auris antecipa detalhes do próximo Corolla,0,-10.690988,42.509026,False,True,False,False,False
276909,2018,"Bom de loja, VW Fox ganha sobrevida até a chegada do novo Gol",0,-20.259514,13.156201,False,False,False,False,True
271495,2018,Novo Jimny faz sucesso e Suzuki não consegue atender à demanda,5,4.650623,53.785824,False,False,False,False,False
265614,2018,F1: Leclerc substitui Raikkonen e será piloto da Ferrari em 2019,5,18.66305,-57.872555,False,False,False,False,False
240440,2018,Volkswagen confirma sistema híbrido-leve para próxima geração do Golf,5,-34.015865,22.918522,False,True,False,False,False
227451,2018,Novo Honda City 2018 nacional é divulgado em primeiras imagens,2,21.943775,59.7679,False,False,False,False,False
238623,2018,Sedãs compactos em março – Volkswagen Virtus dispara na ponta,1,74.18482,-12.465945,False,False,False,False,False
272795,2018,Ford antecipa Mustang híbrido em comercial sobre futuro,0,-52.48793,-0.9995969,False,True,False,False,False
240614,2018,Novo Nissan Leaf alcança 5 estrelas no Euro NCAP sob novo protocolo,5,-1.3859715,-33.91178,True,False,False,False,False
263891,2018,Fiat 500X 2019 estreia novos motores Firefly turbo “brasileiros”,4,21.91666,25.202278,False,False,False,True,True
249757,2018,Nissan produzirá carros mais leves com novo aço ultrarresistente,5,1.8705174,-41.312595,False,False,False,False,True
279207,2018,Este é o inusitado Volkswagen Golf McDrive Edition; veja fotos,5,-33.142433,28.33298,True,False,False,False,False
266215,2018,F1: Hamilton crava volta perfeita e conquista pole em Singapura,5,27.23362,-58.66544,False,False,False,False,False
253161,2018,Google Maps terá função para motociclistas,5,6.9892454,-3.0565217,False,False,False,False,False
238310,2018,Mais vendidos no varejo – Renault Kwid é pódio em março,1,83.8317,9.528784,False,False,False,False,False
242056,2018,Honda Civic Sedan com motor 1.0 começa a ser vendido em agosto,2,25.737974,56.674206,False,False,False,True,False
228633,2018,Fiat Cronos vai custar cerca de R$ 4 mil a mais que o Argo,4,19.48802,22.166668,False,False,False,False,False
261554,2018,Volkswagen Amarok e Ford Ranger podem dividir plataforma em 2025,0,-49.82721,23.608131,False,False,False,False,False
242511,2018,Salão do Automóvel 2018: ingressos custam entre R$ 21 e R$ 180,5,-3.041625,-27.24378,False,False,False,False,False
234213,2018,Serviço - Barulhos no carro podem ser sinal de problema; saiba identificá-los,5,5.772697,-11.431742,False,False,False,False,False
228083,2018,Renault Captur 1.6 começa a ser vendido na Argentina,4,26.791946,-22.055773,False,False,False,False,True
251092,2018,Honda CB 650F e CBR 650F ganham novas cores na linha 2019,2,36.16831,46.638165,False,False,False,False,False
236979,2018,Audi A4 Limited Edition chega às lojas por R$ 210.990,4,-50.22507,-36.84521,False,False,False,False,False
243958,2018,FCA descarta lançamento de nova geração para o Dodge Viper,5,-10.308877,-4.5497766,False,False,False,False,False
244462,2018,Volvo adianta que não participará do Salão de Genebra de 2019,5,-4.7574654,-26.537756,False,False,False,False,False
279385,2018,Ford inaugura 1ª concessionária no Brasil com novo padrão global,5,-52.840733,9.339148,False,False,False,False,False
273587,2018,Nissan Kicks vira conceito musical para o Salão do Automóvel,5,0.25836793,-44.581505,False,False,False,False,True
238639,2018,Jeep descarta investir em carros que apenas imitam os SUVs,5,35.35167,-6.456154,False,False,False,False,False
229753,2018,SUV compacto Kia SP Concept estreia na Índia de olho nos mercados emergentes,0,-36.915836,52.55111,False,False,False,True,True
227642,2018,"Mais vendidos nos EUA – Civic bate Corolla, mas picapes e SUVs são absolutos",1,70.24903,-3.3726344,False,False,False,False,False
234486,2018,Mercedes Classe X estreia versão X350 de 261 cv para encarar a Amarok V6,4,-14.872619,-55.302288,False,False,False,True,False
229191,2018,"Honda lança City 2018 com LEDs, mas sem ESP - Veja itens e preços",4,21.617504,53.47187,False,False,True,False,False
229181,2018,Audi TT RS é lançado com 400 cv por R$ 424.990,4,-50.529938,-35.8727,False,False,False,False,False
234040,2018,Toyota quer construir uma réplica do circuito de Nürburgring no Japão,5,-13.852867,36.03154,True,False,False,False,False
272038,2018,Fiat Uno retoma motor 1.3 e versão aventureira Way; preços sobem,4,17.460566,25.275484,False,False,False,False,False
260357,2018,Peugeot dá taxa zero e bônus de até R$ 10 mil na troca em seus SUVs,4,14.083577,14.078885,False,False,False,False,False
262970,2018,Honda prepara novo SUV de entrada abaixo do HR-V baseado em sedã,2,23.472542,57.225513,False,False,False,False,True
268524,2018,Nissan Kicks Direct PCD volta às lojas por R$ 68.640,4,-5.1531515,-46.650143,False,False,False,False,True
244195,2018,Nova Peugeot 508 SW é ainda mais bela que o sedã,0,16.54318,8.2806835,False,True,False,True,False
266147,2018,Venda de picapes em agosto: Toro cresce mais de 30% em um ano,1,79.17703,-13.062159,False,False,False,False,False
274033,2018,Recall: Volkswagen Golf tem 1.162 unidades convocadas no Brasil,5,9.726486,2.7625082,False,False,False,False,False
274606,2018,Continental pode popularizar painel digital com produção no Brasil,5,-9.498779,1.2775438,False,False,False,False,False
229061,2018,Seat anuncia Cupra como nova divisão de alta performance,0,-14.853229,-8.923651,False,False,False,False,True
262205,2018,Honda Civic 2019 reestilizado é apresentado nos EUA,2,24.843794,58.66812,False,False,False,False,False
283702,2018,Mercado em novembro: Chevrolet responde por 20% das vendas,1,72.16158,-5.6069875,False,False,False,False,False
234590,2018,Kwid é top 5 e Virtus larga bem - Confira os mais vendidos em fevereiro,1,84.123695,7.9084997,False,False,False,False,False
242127,2018,"Carro mais barato do Brasil, Chery QQ tem aumento e parte de R$ 27.490",4,12.99914,23.664291,False,False,False,False,False
244833,2018,Projeção: Peugeot 1008 será o menor SUV da marca,0,18.56596,5.8218284,False,False,False,False,True
228343,2018,#TBT Motor1.com - Os sedãs compactos da Fiat antes do Cronos,4,21.292627,23.88211,False,False,False,False,False
243429,2018,Volkswagen inicia produção do SUV elétrico Sol E20X na China,5,-17.549713,-1.6387247,True,False,False,False,True
240047,2018,Netflix terá série animada de Velozes e Furiosos,5,-2.844872,-8.279043,False,False,False,True,False
240609,2018,Vídeo: Volkswagen compara novo Jetta com a primeira geração de 1980,0,-24.790602,5.789607,False,False,False,False,False
227953,2018,Renault Kwid passa por 3º recall desde o lançamento,5,23.001923,-24.323278,False,False,False,False,False
269424,2018,Novo Porsche Macan estreia no Salão e chega no início de 2019,0,-32.950996,-47.147995,False,False,False,False,True
264898,2018,Avião? Volvo 360c quer ser opção aos voos domésticos,5,4.2295613,-8.514992,False,False,True,False,False
238667,2018,"BMW oferece Série 2, Série 3 e X1 com descontos de até R$ 22 mil",3,-71.99518,-1.2931575,False,False,False,False,True
229490,2018,"Toyota vende 1,52 milhão de eletrificados e supera meta de 2020",5,35.731117,9.42474,True,True,False,False,False
276935,2018,Salão do Automóvel 2018 teve 742 mil visitantes em 11 dias,5,-4.850134,-27.18222,True,True,False,False,False
235356,2018,"Kia Rio chega à Argentina em março, ainda sem data para Brasil",4,-40.6691,47.81642,False,False,False,False,False
297646,2018,Flagra: Novo Renault Duster é testado na Argentina,0,29.188332,-25.833466,False,False,False,False,True
234794,2018,"Flagra - Negado pro Brasil, Fiat 500X reestilizado se disfarça de Jeep",0,41.192646,-8.386581,False,False,False,False,True
227458,2018,FCA - Marchionne anuncia contas no azul e descarta aproximação com chineses,5,26.862957,-2.0698564,False,False,False,False,False
275802,2018,Salão de SP: Nissan X-Trail pode ser primeiro híbrido da marca no Brasil,0,-1.3016282,-45.669228,True,True,False,False,True
267342,2018,Mitsubishi L200 Triton ganha versão Sport R para competição,4,9.770271,-32.356174,False,False,False,True,False
238883,2018,Ford convoca EcoSport 1.5 por risco de desligamento do motor,5,-54.01008,8.426327,False,False,False,False,False
233175,2018,Novo Toyota Supra pode ter sido revelado em revista japonesa,0,-9.578665,-13.757258,False,False,False,False,False
255129,2018,Vídeo: Veja o elétrico Volkswagen I.D. R. bater o recorde de Pikes Peak,5,-0.8946695,-80.09427,True,False,False,False,False
266212,2018,Mercedes-Benz Classe C e GLA tem desconto de até R$ 15 mil,4,-22.042377,-64.74894,False,False,False,False,False
273800,2018,Tesla finalmente sai do prejuízo e registra lucro no 3º trimestre,5,-6.959909,-9.7345495,True,False,False,False,False
237462,2018,Transplante bem sucedido: 10 carros que mudaram de vida após trocar de motor,5,-4.3748193,-14.020524,False,False,False,False,False
233747,2018,Baixo índice de motos cobertas por seguro impressiona no Brasil,5,41.831463,30.553602,False,False,False,False,False
240265,2018,Novo Nissan Sentra elétrico é basicamente uma versão sedã do Leaf,5,-0.12032332,-81.89075,True,False,False,False,False
238352,2018,James Allen é nomeado presidente de parte das operações do Motorsport Network,5,21.857477,-45.4729,False,False,False,False,False
276050,2018,Jeep Gladiator: este seria o nome da nova picape da marca,0,32.37494,-3.514722,False,False,False,False,False
297906,2018,Mustang 1000 BTS: como nasceu o carro mais preparado do Salão de SP,5,-48.11707,-2.2382836,False,False,False,False,False
238680,2018,Carro de firma: os 10 modelos que mais dependem das vendas diretas,0,-11.939462,18.158445,False,False,False,False,True
241720,2018,VW Golf GTI TCR Concept é o Golf GTI mais rápido da história,5,-2.336519,-80.67493,False,False,False,False,False
263105,2018,Mini John Cooper Works de 231 cv vira carro de polícia na Alemanha,4,-18.503294,-16.856855,False,False,False,False,False
228553,2018,Honda SH 150i 2018 ganha versão DLX e parte de R$ 12.450,2,35.721527,46.672348,False,False,False,False,False
265843,2018,Novo BMW Série 3 será um dos carros mais aerodinâmicos do mundo,5,-0.8685566,-81.59659,False,False,False,False,False
263795,2018,Empresa lança capacete com ar-condicionado para motos,5,5.7249722,-2.489378,False,False,False,False,False
233157,2018,Novo Kia Ceed 2018 muda design e até nome para encarar Golf e Focus,0,-37.90293,46.372993,False,False,True,True,False
251702,2018,SUVs compactos em junho: Jeep Renegade lidera pelo 3º mês seguido,1,75.84374,-5.215029,False,False,False,False,False
237115,2018,Volkswagen mostra novo Tiguan (1.4 e 2.0) no Brasil,0,-26.38329,10.852996,False,False,False,False,False
238803,2018,Audi entrega 463 mil unidades e bate recorde no 1º trimestre,5,39.43411,12.287967,False,False,False,False,False
261810,2018,"Lewis Hamilton mostra desempenho do AMG GT 4 com ""amigos"" no carro",5,-23.899668,-61.27052,False,False,False,False,False
251905,2018,Seleção Motor1.com: VW Tiguan AllSpace vence categoria de R$ 120 mil a R$ 140 mil,4,-9.660755,8.708949,False,True,False,True,False
237468,2018,"Primeiro Chery Caoa, Tiggo 2 estreia por R$ 59.990",4,-40.682606,-27.391088,False,False,True,False,False
244438,2018,Suzuki Jimny 2019: 4x4 mais barato do Brasil estreia nova geração no fim do ano,0,3.377082,52.522205,False,False,False,False,False
227152,2018,RAM 1500 2019 estreia bruta por fora e super tecnológica por dentro,4,10.609766,36.48283,False,True,True,False,False
242506,2018,Flagra: VW Golf 2019 reestilizado está pronto para chegar às lojas,0,-30.633047,24.618343,False,False,False,False,False
250964,2018,Nissan Frontier começa a ser produzida na Argentina nas próximas semanas,5,-11.362718,-55.038673,False,False,False,True,False
253152,2018,"Novo Hyundai i30 N Line chama a atenção pelo visual, mas não é esportivo",4,-14.346497,62.41783,False,False,False,True,False
269112,2018,Jaguar Land Rover vai paralisar produção após queda nas vendas,5,-16.848953,-32.765053,False,False,False,False,False
229998,2018,"Indecisão sobre o Rota 2030 atrapalha investimentos, diz jornal",5,5.676099,-17.51802,False,True,False,False,False
258189,2018,Fórmula 1: Hamilton vence GP da Alemanha após largar de 14º,5,29.09581,-56.991222,False,False,False,False,False
244069,2018,Nissan Kicks aposta em personalização com novas cores nos EUA,5,0.49723935,-42.0932,False,False,False,False,True
242517,2018,Novo BMW X5 é confirmado para o 2º semestre deste ano,3,-66.57397,-14.703255,True,False,False,False,True
262459,2018,Novo Ford Focus ST terá mais de 250 cv e novo câmbio DCT,0,-48.94097,17.559902,False,False,False,False,False
234649,2018,Rota 2030 sofre novo adiamento e segue indefinido,5,14.018511,-6.894978,False,False,False,False,False
239355,2018,Chevrolet reduz produção do Cruze nos EUA por conta das baixas vendas,5,1.2069467,12.76977,False,False,False,False,False
250437,2018,Ford convoca 35 mil unidades da Ranger para reparar airbags mortais,5,9.489423,0.8300015,False,False,False,False,False
274835,2018,Salão de SP: Jeep lança série especial limitada Renegade Willys,4,35.57192,-3.899116,False,False,False,False,False
243428,2018,Flagra: Novo Mercedes-Benz CLA ficará acima do Classe A Sedan,0,-17.866188,-67.92102,False,False,False,False,False
228384,2018,Fiat Ducato 2018 de nova geração chega maior e mais eficiente,4,-29.031826,-3.1704028,False,False,False,True,False
274330,2018,Honda lança Civic 2019 com nova cor; veja preços,4,23.087864,53.789818,False,False,False,False,False
236885,2018,Novo Kia Rio estreia na Argentina pouco antes de chegar ao Brasil,4,-40.94866,47.599567,False,False,False,False,False
229466,2018,Novo Ford Ka 2019 - veja o que muda em relação ao atual,0,-49.79956,14.847688,False,False,True,True,False
228943,2018,Citroën C4 hatch volta aos planos e tem nova geração confirmada,0,43.86671,-19.672321,False,False,False,False,False
269444,2018,Volkswagen promete que T-Cross será referência em segurança,4,-24.123272,12.72423,False,False,True,False,True
273967,2018,Novo BMW X4 2019 chega em pré-venda com preço inicial de R$ 334.950,3,-66.13556,-6.6050324,False,False,False,False,True
238095,2018,Jaguar admite que SUV maior que o F-Pace é possibilidade,5,-13.735599,-27.612373,True,False,False,False,True
261378,2018,"Hyundai HB20 e Creta ""edição 1 Million"" partem de R$ 63.390; veja preços",4,-8.809556,64.27462,False,False,False,False,True
234780,2018,Toyota Corolla XEi para PCD tem desconto de R$ 10 mil,4,-6.903311,38.301613,False,False,True,False,False
275905,2018,Fórmula 1: Hamilton vence no Brasil após toque de Ocon com Verstappen,5,29.088535,-57.060684,False,False,False,False,False
238009,2018,"CEO da Ford, Jim Hackett embolsou quase US$ 17 milhões em 2017",5,-6.847709,-9.639313,False,False,False,False,False
227009,2018,Novo Kia Rio lançado na Argentina fica mais próximo do Brasil,4,-40.824112,47.709667,False,False,False,False,False
244168,2018,"Citroën C3 Urban Trail, inspirado no Cactus, é lançado por R$ 63.590",4,45.85386,-17.947287,False,False,False,False,True
267345,2018,Conceito Renault EZ-Pro imagina como serão entregas autônomas do futuro,5,-1.1011088,-81.2187,True,False,True,False,False
236458,2018,Novos Sandero e Logan terão a mais moderna plataforma do grupo,0,23.709799,-29.332214,False,False,False,False,False
235542,2018,"Chevrolet realiza feirão com Onix, Cruze, Tracker e S10 em condições especiais",4,11.459877,16.254375,False,False,False,False,False
241442,2018,"Sedãs médios mais vendidos: Civic cresce, mas Corolla ainda emplaca mais que o dobro em abril",1,74.88163,-10.796775,False,False,False,False,False
267632,2018,Audi Q2 ganhará versão com entre-eixos alongado,5,-55.901634,-35.5151,False,False,False,False,False
290410,2018,"Semana Motor1.com: Gol volta às boas vendas, Honda Elite, versões que deveriam existir e mais",5,-12.43104,18.230188,False,False,False,False,False
274447,2018,Toyota Yaris Hatch fica mais caro - Veja tabela de preços completa,4,-3.9454625,38.453735,False,False,False,False,False
267273,2018,"Mercedes-Benz Classe X não terá versão AMG, diz executivo",0,-20.785038,-62.0986,False,False,False,True,False
252575,2018,Ford EcoSport fica mais caro e supera barreira dos R$ 100 mil,4,8.47075,21.477312,False,False,False,False,False
227119,2018,"Novo Volvo XC60 é o carro mais seguro do ano, segundo EuroNCAP",5,39.19432,-34.97252,False,False,False,False,False
265989,2018,"Flagra: Este é o novo VW Jetta Comfortline ""brasileiro""",4,-27.136633,22.107756,False,False,False,False,False
273080,2018,Setembro histórico na Alemanha: BMW líder e VW fora do pódio,1,60.13031,-4.258444,False,False,False,False,False
246355,2018,Especial Copa do Mundo: conheça os carros mais vendidos na Rússia,1,64.43373,-1.8677652,False,False,False,False,True
244152,2018,Jeep Renegade 2019 reestilizado aparece em primeiras fotos oficiais,0,42.41247,-7.916011,False,False,False,False,True
276808,2018,Chevrolet lança Camaro 2019 no Brasil e já provoca rival Mustang,5,-49.773182,-0.5113323,False,False,False,False,False
243792,2018,Toyota Corolla hatch ganha motor 1.2 turbo no Japão,0,-10.35294,42.663696,True,True,False,False,True
273420,2018,Nissan comemora 18 anos de operações oficiais no Brasil,5,5.715139,-45.18973,True,False,False,False,True
250413,2018,Fiat Mobi ganha versão especial VeloCITY por R$ 44.990,4,16.861082,26.343184,False,False,False,False,False
268802,2018,Fórmula 1 - Hamilton vence tranquilo no Japão; Vettel roda e é 6º,5,29.261356,-56.83983,False,False,False,False,False
266676,2018,Nissan faz feirão com condições especiais para Kicks e Sentra,4,-8.034086,-41.860428,False,False,False,False,False
228757,2018,Peugeot lança 3008 Griffe Pack por R$ 154.990,4,16.660744,10.610142,False,False,True,False,True
228809,2018,"Conheça os finalistas do ""World Car Of The Year 2018""",5,-6.424117,-22.21678,False,False,False,False,True
249328,2018,Ghosn diz que aliança Renault-Nissan será retrabalhada até 2022,5,6.7553816,-40.459595,False,False,False,False,False
229036,2018,Fiat Tipo ganhará versão apimentada Sport no Salão de Genebra,0,22.121574,22.961699,False,False,False,True,False
227175,2018,"Semana Motor1.com - Argo 1.3 x Polo 1.6, Cronos entra em pré-venda na Argentina e mais!",0,-17.112024,13.539339,False,False,False,False,True
226483,2018,Flagra - Novo Audi Q8 aparece limpo e chega ao Brasil em 2018,0,-57.20444,-32.493343,False,False,False,False,True
286562,2018,Novo Jeep Wrangler decepciona e recebe apenas 1 estrela em crash-test do Euro NCAP,5,40.04369,-35.680706,False,False,False,False,False
239820,2018,Ford Mustang de nova geração terá tração integral e versão elétrica,0,-52.602146,0.58684987,True,False,False,False,True
240869,2018,Range Rover Velar é convocado por falha no sistema de aquecimento,5,-14.222262,-30.673357,False,False,False,False,False
238114,2018,"Nissan Terra, SUV da Frontier, revela novos detalhes em vídeo",0,-8.812096,-49.994534,False,False,False,True,True
239138,2018,Volkswagen anuncia novo CEO e confirma plano de reestruturação de marcas,5,-16.418465,1.0340139,False,False,False,False,False
234987,2018,Novo Honda CR-V chega à Argentina em março e até junho no Brasil,2,24.8591,52.9709,False,True,False,False,True
264221,2018,"Novo SUV da Volkswagen, T-Cross mostra interior em teaser",0,-24.569187,14.027777,False,False,False,False,True
265494,2018,Flagra: Mercedes-Benz Classe X revela detalhes em versão de luxo,0,-13.342336,-56.122234,False,False,False,True,False
235013,2018,Novo Volvo XC40 é eleito Carro do ano 2018 na Europa,0,-19.634993,-4.553413,False,True,False,True,True
241491,2018,Volvo terá sistema de entretenimento integrado com serviços do Google,5,5.1037736,-3.9577818,False,False,False,False,False
251321,2018,Vendas diretas em junho: Fiat líder e Compass à frente do Gol,1,79.484024,11.794084,False,False,False,False,True
234506,2018,"Bem-recebido no Brasil, Chevrolet Equinox conviverá com o Captiva na Argentina",0,-0.6722937,18.422043,False,False,False,True,True
235890,2018,Flagra – Volkswagen Tharu (rival do Compass) aparece em testes,0,-27.424906,12.057665,False,False,False,False,True
237673,2018,"Geely não voltará ao Brasil, diz Grupo Gandini",5,-7.116275,-1.3199509,False,False,False,False,False
237307,2018,Novo VW Golf estreia em 2019 com nova plataforma,0,-33.847473,22.416626,True,True,False,False,False
276342,2018,Novo Kia Soul 2020 deixa lanterna à mostra em primeiro teaser divulgado,0,-35.14574,51.252995,True,False,False,False,False
275841,2018,Picapes em outubro: Fiat Strada em melhor momento desde 2015,1,79.27749,-12.947616,False,False,False,False,False
234652,2018,Mais vendidos na Argentina – Toyota surpreende com Etios e Hilux na ponta,1,72.48769,9.84408,False,False,False,False,False
242786,2018,Ford divulga novos detalhes e aumenta expectativa sobre o SUV Mach 1,0,-49.287025,10.132601,False,False,False,False,True
244305,2018,Ford Ranger Raptor já acumula mais de 1.000 pedidos na Austrália,0,-52.505257,28.155935,False,False,False,True,False
228561,2018,Ford irá anunciar redução de sua linha neste ano,5,-51.01031,9.26255,False,False,False,False,False
265664,2018,Esportiva compacta BMW G310 RR aparece como conceito no Japão,3,-70.94096,-7.7903285,False,False,False,False,False
239320,2018,JAC T40 ganha câmbio CVT e novo motor 1.6 por R$ 69.990,4,-10.809285,14.676732,False,False,False,False,False
250772,2018,Vendas em junho (parcial): Renault Sandero no top 5 e Virtus à frente do Prisma,1,74.533485,19.364664,False,False,False,False,False
233900,2018,VW Virtus larga na frente do Cobalt em primeiro mês de loja,5,35.89029,17.4063,False,False,False,False,False
243945,2018,"Gol, Compass e Virtus em destaque - confira lista oficial dos mais vendidos em maio",1,84.21457,8.051878,False,False,False,False,False
229748,2018,"Cotado para o Brasil, Toyota Yaris sedã estreia na Índia",0,-12.338105,45.51347,False,True,False,False,False
298313,2018,Hyundai Creta brasileiro substitui o indiano na Colômbia,4,-10.6634445,66.945305,False,False,False,False,True
267878,2018,VW e Microsoft querem revolucionar com Internet das Coisas nos carros,5,-18.186758,4.0473065,True,False,True,False,False
272762,2018,Vídeo: Os detalhes do novo Renault Duster que chega em 2020,0,29.870354,-26.148693,False,False,False,False,True
235705,2018,"Toyota SW4 terá inédita versão Diamond, com mimos (e preço) extras",4,-19.437864,40.991505,False,False,False,True,False
276053,2018,Hyundai confirma estreia do SUV Palisade no Salão de Los Angeles,0,-17.966528,61.690006,False,True,False,False,True
279034,2018,PSA e Toyota devem desfazer aliança para carros compactos,5,-13.7465515,38.940296,False,False,False,False,True
274661,2018,Salão de SP: Fiat terá SUV-cupê e mais três conceitos,0,27.36301,31.15101,False,False,False,False,True
228630,2018,"Nissan cria chinelos equipados com ProPilot que ""estacionam"" sozinhos",5,1.7896521,-41.150417,False,False,False,False,False
236418,2018,Geely teria procurado BMW antes de comprar ações da Mercedes,3,-66.16014,-19.424923,True,False,False,False,False
250728,2018,Marchionne diz que inédito SUV da Ferrari poderá ser usado pela polícia,5,13.225095,-61.17431,False,False,False,False,True
262463,2018,F1: As dez maiores polêmicas de Fernando Alonso,5,23.134335,-54.716118,False,True,False,False,False
239971,2018,Recall: Honda convoca 160 mil unidades da CG 160 por falha na suspensão,2,32.01147,52.01606,False,False,False,False,False
273993,2018,Volkswagen terá SUV compacto exclusivo para os Estados Unidos,0,-23.820305,9.522914,False,False,False,False,True
260325,2018,Ford estuda picape rival da Fiat Toro para o Brasil,0,-59.26613,19.383865,False,False,False,False,False
380240,2019,Nova Ford F-150 tem testes intensificados para estreia em 2020,0,-50.42197,19.103363,False,True,False,False,False
378115,2019,Daihatsu Rocky dará origem ao tão esperado SUV compacto da Toyota,0,-8.484243,40.804924,False,False,False,False,True
353888,2019,Equipe Motor1.com/Falando de Carro vence categoria e melhor foto no Mitsubishi Outdoor,5,9.44373,-35.167034,False,False,False,False,True
372359,2019,Renault Kwid renovado aparece limpo na Índia,0,24.423702,-32.949287,False,False,False,False,False
315967,2019,"Vendas na Alemanha: longe do Brasil, novo Ford Focus faz sucesso na terra do Golf",1,60.279655,-4.112034,False,False,False,False,False
376957,2019,"Cotado para o Brasil, novo Chevrolet Blazer XL aparece antes da hora",0,-2.3160658,17.561012,False,False,False,False,True
358231,2019,Ford GT Mk II é versão limitada a 45 unidades com motor de 700 cv,5,-48.790833,-2.6860132,False,False,False,False,False
302309,2019,General Motors nega saída do Brasil e negocia novo investimento,5,3.5701091,10.340842,False,False,False,False,True
358732,2019,Flagra: Novo VW Golf GTI pode chegar aos 300 cv,0,-35.4647,29.466301,False,False,False,False,False
376329,2019,"Ford convoca Ka, Ka Sedan e EcoSport por falha no banco dianteiro",5,-54.052208,9.355467,False,False,False,False,False
380561,2019,Ford Ranger Lariat FX4 vira 'quase Raptor' nas mãos de preparadora,0,-52.619576,28.481184,False,False,False,True,False
389082,2019,Projeção: Volkswagen Golf GTI 2020 pode ter até 297 cv,0,-35.197594,29.477743,True,True,False,True,False
355380,2019,Novo Range Rover Evoque é lançado no Brasil; veja preços,4,-19.16379,-28.347836,True,True,True,True,True
351393,2019,BMW Garmisch Bertone Concept renasce na Itália depois de 50 anos,5,-13.261618,-9.247974,False,False,False,False,False
376792,2019,Flagra: Novo Nissan X-Trail que chegará ao Brasil terá faróis duplos,0,-0.31381193,-51.450928,True,True,False,False,True
345305,2019,Ford confirma novo carro de entrada para o lugar de Fiesta e Focus,5,-51.0865,9.046576,False,False,False,False,True
382999,2019,Audi Q7 renovado chegará ao Brasil no segundo semestre de 2020,0,-53.692497,-32.985443,False,True,True,True,True
348169,2019,Recall: Chevrolet Tracker é convocado por falha na suspensão,5,8.259354,3.2913058,False,False,False,False,False
382978,2019,Grupo Volkswagen promete lançar 75 elétricos e 60 híbridos até 2029,5,-1.2092786,-80.850266,True,True,False,True,True
363727,2019,Caoa induz telespectador ao erro usando reportagem do Motor1.com,5,-11.065418,28.763914,False,False,False,False,True
379859,2019,Chevrolet Bolt é oficialmente lançado no Brasil por R$ 175 mil,4,-21.50984,-9.61766,True,False,False,False,False
307365,2019,"FCA investirá US$ 4,5 bilhões e anuncia nova fábrica nos EUA",5,26.9732,-2.306751,True,True,False,False,False
308703,2019,McLaren Senna GTR é revelado com corpo e alma para as pistas,5,-13.786461,-16.01258,False,False,False,False,False
307504,2019,Flagra: Volkswagen Golf 2020 é pego em testes finais,0,-35.19786,26.759127,False,True,False,True,False
308738,2019,Semana Motor1.com: Andamos no VW T-Cross e no novo Toyota Corolla,0,-10.750172,26.590677,True,True,False,False,False
305028,2019,Ford vai usar realidade aumentada para agilizar serviços de pós-venda,5,-53.789436,8.439052,False,False,False,False,False
375726,2019,Chevrolet amplia recall do Tracker no Brasil por falha na suspensão,5,8.0279,3.529571,False,False,False,False,False
360168,2019,Novos câmbios da ZF aumentam autonomia e desempenho em carros eletrificados,5,-24.10622,-15.557723,True,True,False,False,True
360331,2019,Nissan lança picape elétrica com 403 km de autonomia,0,-11.308196,-46.596134,True,False,False,False,False
347660,2019,Nissan Kicks fica mais caro e chega a R$ 103.390; veja tabela,4,-4.3175054,-42.888454,False,False,False,False,False
314507,2019,Você sabe a posição perfeita para dirigir? Jaguar ensina em vídeo,5,5.098062,-9.645073,False,False,False,False,False
385032,2019,"Hyundai oferece bônus, juros zero e câmbio AT grátis na Black Friday",4,10.926609,14.399068,False,False,False,False,True
300067,2019,Flagra: Land Rover Discovery Sport terá novo visual ainda em 2019,0,-16.04851,-28.775234,False,True,False,True,False
348418,2019,Flagra: Novo Toyota RAV4 Hybrid chega para lançamento conjunto Argentina-Brasil,0,-10.705457,39.68889,True,True,False,False,True
382961,2019,Mitsubishi Mirage e Attrage 2020 têm facelift inspirado no Eclipse,4,12.6874695,-32.66377,False,False,False,False,False
300589,2019,Novo Ford Explorer estreia de olho no Hyundai Santa Fe,5,-0.54032445,-80.453125,False,False,False,False,True
302544,2019,"Brasileira, VW Saveiro volta a ser vendida na Costa Rica após 12 anos",4,-14.400525,15.45171,False,False,False,False,False
313216,2019,"Ford diz que não investirá no ABC, mas revela três interessados na fábrica",5,-45.07973,7.182297,False,False,False,False,False
315323,2019,Toyota Corolla e RAV4 terão inéditas versões Suzuki na Europa,5,0.46112293,54.318474,False,True,False,False,True
363507,2019,Mercedes-AMG GT R Pro chega ao Brasil por R$ 1.699.900,5,-24.32331,-61.809906,False,False,False,False,False
359995,2019,BMW iX3 de produção terá 300 cv de potência e 400 km de autonomia,3,-61.918877,-12.323478,True,False,False,False,True
348768,2019,"BMW Série 3 Gran Turismo não terá sucessor, garante executivo",3,-65.215225,-18.258514,False,False,False,False,False
380477,2019,Toyota Raize pode antecipar o esperado SUV compacto nacional da marca,4,-8.58716,40.826836,False,True,False,False,True
365536,2019,Hyundai Creta 2020: detalhes e especificações técnicas da nova geração,0,-19.047064,67.026024,False,False,False,False,True
300252,2019,Hyundai apresentará SUV menor que o Creta no Salão de Nova York,0,-16.554035,70.1947,False,False,False,True,True
381592,2019,Ford Ranger XL 2020 volta ao catálogo por R$ 126.800,4,-52.448784,25.89415,False,False,False,True,False
305863,2019,BMW anuncia 20 lançamentos no Brasil em 2019,3,-73.38842,-10.864319,True,True,False,False,False
352597,2019,Vendas na Europa em abril: Duster é o SUV mais vendido pela primeira vez,1,62.241924,-5.985043,False,True,False,False,True
346185,2019,Vendas nos EUA: Sentra bate Corolla pela primeira vez,1,70.11506,-3.3490124,False,False,False,False,False
372424,2019,"Próximo carro da Bugatti custará US$ 1 milhão e não será um ""SUV""",5,-12.492776,-7.30722,False,False,False,False,True
371088,2019,Toyota RAV4 2020 aproveita popularidade e fica mais caro pela segunda vez,4,-3.496108,38.0988,False,True,False,False,True
352041,2019,"Esperado no Brasil, Ford Escape será vendido nos EUA a partir de R$ 104 mil",4,-55.224617,12.563859,False,True,False,False,True
363497,2019,Nissan Frontier ganha multimídia como acessório na versão básica,4,-7.6768055,-47.226074,False,False,False,True,False
313189,2019,Projeções antecipam novos Fiat SUV cupê e Toro reestilizada,0,25.939415,29.704647,False,False,False,True,True
307027,2019,Fiat cai 30% na Itália e pode ser ameaçada por VW e Dacia,1,62.731983,-6.25461,False,False,False,False,False
304548,2019,Mercedes-AMG já mostra o esportivo A 35 no Brasil,0,-23.002352,-64.58576,False,False,False,False,False
344710,2019,Salão de NY: Volkswagen Tarok testa aceitação dos americanos,0,-34.567703,10.254487,False,False,False,False,False
371313,2019,"Flagra: Cotado para o Brasil, VW ID.4 será uma espécie de Tiguan elétrico",0,-23.051352,1.6762419,True,False,False,False,True
348736,2019,Chevrolet Spin 2020 ganha versão de topo Premier; veja preços,4,4.4720464,21.392212,False,False,False,False,True
367632,2019,Toyota terá sua versão do Vitara e a Suzuki do RAV4,5,0.47484416,54.325127,False,True,False,False,True
357706,2019,Dakota pode voltar como picape média da RAM,0,14.505924,41.85203,False,False,False,True,False
350220,2019,Comprador do Nissan Leaf ganhará ponto de recarga residencial,5,2.0431945,-44.15168,True,False,False,False,False
306770,2019,Flagra: Peugeot 2008 aparece mais à vontade depois do hatch 208,0,19.128866,7.9559,True,False,False,True,True
315452,2019,Jaguar J-Pace chega em 2021 como o SUV mais caro da marca,0,-13.462456,-25.000061,True,True,False,False,True
363414,2019,Ford EcoSport tem preços reduzidos em até R$ 9.300,4,8.9154415,21.50871,False,False,False,False,True
381539,2019,Flagra: Picape anti-Hilux da Peugeot aparece (quase) sem disfarces!,0,23.805643,8.107768,False,False,False,False,False
362329,2019,Audi A1 Citycarver mostra como poderá ser o Polo aventureiro,0,-53.657513,-29.725904,False,False,False,False,False
305592,2019,Fiat Argo em terceiro é destaque nas vendas da 1ª quinzena de fevereiro,1,74.15125,19.358274,False,False,False,False,False
303784,2019,Novo Honda City pode estrear no final do ano com motor 1.0 turbo,2,24.658522,60.174034,True,True,False,False,False
300558,2019,Importados em 2018: Kia Sportage é o preferido pelo 3º ano seguido,1,60.58706,4.501694,False,False,False,False,False
306344,2019,Ford: Governo de SP procura por compradores para fábrica de SBC,5,-45.452965,7.2649617,False,False,False,False,False
362214,2019,Antigo Lancia vende mais que toda linha Alfa Romeo na Europa,5,-7.8996615,-6.397391,False,False,False,True,True
303597,2019,"Semana Motor1.com: Novo EcoSport sem estepe, novo Clio e mais",0,-9.540473,20.570662,False,False,False,False,True
389974,2019,Picape Hyundai Santa Cruz pode ter motor 2.5 turbo,0,-21.942719,63.139477,True,True,False,False,True
372028,2019,Mercedes-Benz não tem planos de desenvolver novos motores a combustão,5,-16.699034,-62.69774,True,True,False,True,True
302503,2019,Hyundai Creta PcD volta a ser vendido com preço de R$ 69.990,4,-7.8054233,63.53607,False,False,False,False,True
346163,2019,Luiz Carlos Moraes toma posse como Presidente da Anfavea de olho no futuro,5,6.112578,-16.985847,False,False,True,False,False
364936,2019,Ford Mustang Shelby GT350R 2020 ganha elementos do GT500 e novas cores,4,-50.200798,-2.28015,False,False,False,False,False
354644,2019,Jaguar SE SV Project 8 ganha edição Touring limitada a 15 unidades,5,-17.64278,-24.989918,False,False,False,False,False
354605,2019,Ford Ka e Ka Sedan 2020 perdem airbags e ficam mais caros,4,-48.52796,13.791646,False,False,False,False,False
353955,2019,RAM 1500 EcoDiesel 2020: esta é a versão que deve vir ao Brasil,0,12.224436,39.54386,False,True,False,True,False
313198,2019,Volkswagen promete lançar 70 carros elétricos nos próximos dez anos,5,-14.36946,1.8638271,True,False,False,False,False
369506,2019,Hatches compactos mais vendidos: dupla Polo e Gol é destaque em agosto,1,74.838356,-14.012424,False,False,False,False,False
383162,2019,Novo BMW Série 1 chega ao Brasil a partir de R$ 174.950,3,-58.155304,-8.131141,False,False,False,True,False
371126,2019,Ford e GM aceleram picapes elétricas para impedir avanço da Tesla,0,-23.271616,-4.9870663,True,True,False,False,False
313511,2019,VW registra na América do Sul o maior crescimento em vendas no mundo,5,38.719936,11.75457,False,False,False,False,False
373137,2019,Jaguar I-Pace SVR é confirmado como SUV esportivo elétrico,5,-13.555441,-24.959429,True,False,False,False,True
300051,2019,Volkswagen trabalha em SUV compacto elétrico do tamanho do T-Cross,0,-23.998816,-0.97541595,True,False,False,False,True
307568,2019,Land Rover Defender 2020: projeção antecipa visual da nova geração,0,-16.180422,-29.958206,False,False,False,False,True
344918,2019,Vendas da 1ª quinzena de abril: Ka Sedan é top 10,1,74.32422,19.575441,False,False,False,False,True
354146,2019,Novo VW T-Cross a diesel é o SUV não-híbrido mais eficiente da marca,4,-22.926956,-8.220834,True,True,False,True,True
362941,2019,Toyota Yaris supera Argo e fica no top 5 da Argentina,1,71.746315,9.961982,False,False,False,False,False
366375,2019,Honda Civic Si 2020 muda visual e fica mais rápido,2,23.044487,54.492893,False,False,False,False,False
345157,2019,Novo Toyota Corolla híbrido flex é confirmado para final de 2019,0,-10.319762,42.4964,True,True,False,False,False
387049,2019,Novo Peugeot 208 2020 aparece em registro e revela versão de entrada,0,18.729143,7.804522,False,False,False,False,False
355243,2019,Flagra em vídeo: Novo Tracker já roda no Brasil,0,3.8751574,26.719433,False,False,False,False,True
364137,2019,Flagra: Chevrolet Blazer XL é versão de 7 lugares cotada para o Brasil,0,-2.212465,17.548,False,False,False,False,False
358402,2019,Hyundai HB20 ganha descontos antes da nova geração,4,-7.3908234,67.52132,False,False,False,False,False
361589,2019,Nissan: demissão de 10 mil funcionários pode afetar o Brasil,5,5.6547117,-43.62461,False,False,False,False,False
376516,2019,Mitsubishi oferece teste de 30 dias com L200 ou seu dinheiro de volta,5,9.482384,-32.96277,False,False,False,True,False
383681,2019,Chevrolet Trailblazer estreia nos EUA e pode chegar ao Brasil em 2021,0,-4.224452,17.291773,False,False,False,False,True
362784,2019,Novo Duster ganha motor 1.0 turbo de 100 cv no lugar do 1.6 SCe,0,30.711416,-25.03494,False,False,False,False,True
384577,2019,Novo VW Golf GTI 2021 aparece praticamente pronto para a estreia,0,-34.0064,26.746176,False,True,False,False,False
346705,2019,"Após SUVs, Kia não descarta ter picape média",0,-29.856491,57.07121,True,False,False,False,False
355624,2019,Volkswagen Amarok V6 chega a 306 cv com preparação da ABT,5,-0.6403497,-79.46216,False,False,False,True,False
385251,2019,Volvo cresce e registra novo recorde histórico de vendas no Brasil,5,39.097256,12.539033,True,True,False,False,False
370261,2019,Hyundai terá picape média esportiva para enfrentar Ranger Raptor,0,-30.073223,55.836124,False,False,False,True,False
375442,2019,BMW M8 Gran Coupe é revelado com até 625 cv,3,-63.256313,-10.04276,False,False,False,False,False
360626,2019,Renault cria joint-venture para vender elétricos na China,5,19.631395,-29.516987,True,False,False,False,False
368473,2019,"Toyota lança novo Corolla 2020: veja versões, equipamentos e preços oficiais",4,-6.6922574,36.609905,True,True,True,False,False
315285,2019,Clone chinês do Evoque tem venda proibida,5,-16.242146,-30.640072,False,False,False,False,False
315995,2019,Flagra: Ford Ranger Raptor aparece com motor V6 da F-150,0,-52.948593,29.313637,False,False,False,True,False
375010,2019,Volkswagen R: divisão de alta performance ganha novo logotipo,0,-33.06582,23.132448,False,False,False,False,False
357522,2019,Inédito Fiat Cronos HGT aparece em gravação de comercial,0,22.914663,23.844465,False,False,False,False,False
376506,2019,Hyundai Tucson chinês muda e pode inspirar reestilizacão do SUV nacional,0,-16.986446,64.9568,False,False,False,False,True
389243,2019,Novo Sentra superou Corolla e foi o carro mais vendido na China,1,68.28656,-3.6078978,False,False,False,False,True
344106,2019,Copa Hyundai HB20 começa neste fim de semana em Campo Grande (MS),4,-27.38507,-3.9154782,False,False,False,False,False
357740,2019,Hyundai Creta 2020 chega com leve reestilização e perde versão Sport; veja preços,4,-8.974261,61.825676,False,False,True,False,True
302205,2019,Renault Sport Racing contrata piloto brasileiro Caio Collet,5,21.180374,-22.300522,False,False,False,False,False
305930,2019,Volkswagen T-Cross terá preços entre R$ 84.990 e R$ 109.990,4,-22.617441,20.753742,False,False,True,False,True
303433,2019,Audi mostra estratégia de lançamentos para 2019,5,-55.953106,-34.24547,False,False,False,False,False
379842,2019,Nissan Frontier 2020 ganha acessórios para aumentar a robustez,4,-8.461699,-49.309204,False,False,False,False,False
356004,2019,Projeção: Mercedes-Benz Classe C 2021 adotará estilo do Classe A,0,-17.406305,-67.94483,False,True,False,False,False
371372,2019,Renault Kwid reestilizado terá elementos da minivan Triber na cabine,0,24.28545,-32.765152,False,False,False,False,False
356748,2019,"Novo Corsa 2020: além do elétrico, terá motor 1.2 com até 130 cv",0,14.901299,7.8542433,True,False,False,True,False
352742,2019,Bolsonaro apresentará projeto de lei para dobrar pontos da CNH nesta semana,5,12.530202,-11.792603,False,False,False,False,False
358723,2019,Novo BMW X6 M terá visual ainda mais agressivo e motor de 625 cv,3,-59.716633,-13.35203,False,False,False,False,False
346739,2019,Renault Duster e Oroch têm 11.667 unidades envolvidas em recall,5,23.18961,-24.371853,False,False,False,False,True
379387,2019,Confirmado: produção do VW Tarek na Argentina só no final de 2020,0,-27.636517,12.345911,False,False,False,False,True
388158,2019,Honda Civic ganha versão pronta para competição,2,-1.1107087,-79.65451,False,False,False,False,False
368404,2019,Mais vendidos em agosto (parcial): Creta bate recorde e lidera SUVs,1,74.066444,19.714355,False,False,False,False,False
347287,2019,Mercedes AMG deixará de ter modelos com tração traseira,5,-22.69832,-61.76286,False,False,False,False,False
349749,2019,Audi A4 2020 renova design e ganha versão híbrida,0,-54.036068,-32.7215,True,True,False,True,False
380210,2019,Chevrolet Blazer de sete lugares ganha teaser e pode vir ao Brasil,0,-2.194918,17.405315,False,False,False,False,False
302671,2019,Volkswagen Tiguan alcança marca de 5 milhões de unidades produzidas,5,-12.27996,7.0227222,False,False,False,False,True
357780,2019,Vendas em junho: Fiat encosta na Volkswagen,1,72.28836,-5.622489,False,False,False,False,False
307116,2019,CAOA cogita comprar fábrica da Ford em São Bernardo,5,-44.64863,7.4264092,False,False,False,False,False
361615,2019,Novos Mercedes-Benz Classe C Coupé e Cabriolet chegam ao Brasil,4,-23.189852,-66.44483,False,False,False,False,False
352441,2019,Ford promete apresentar enxurrada de SUVs no Salão de Frankfurt,0,-5.5070643,-26.105835,False,True,False,False,False
387559,2019,Kia prepara lançamento de um novo logotipo,0,-37.67862,51.373573,False,True,False,False,False
300838,2019,"Semana Motor1.com: Flagra do novo EcoSport, Chevrolet anuncia nova linha e mais",0,-8.936528,20.680346,False,False,False,False,True
367253,2019,Volkswagen lança serviço de agendamento online de revisões no Brasil,5,-18.727962,6.0543,False,False,False,False,False
357816,2019,Novo Land Rover Defender terá versão 130 com espaço para até 8 pessoas,4,-18.260633,-27.49934,False,True,False,True,False
362341,2019,Royal Enfield expande rede com loja em Campinas (SP),5,45.833992,31.812904,False,False,False,False,False
303071,2019,Ford lança EcoSport 2020 e ganha versão sem estepe por R$ 103.890,4,-52.836212,15.343407,False,False,False,False,True
301516,2019,Toyota Supra Cabrio: projeção mostra como seria o BMW Z4 japonês,5,-11.510946,-9.693722,False,False,False,False,False
361153,2019,VW T-Cross é oferecido com desconto de R$ 5 mil e revisões grátis,4,-19.405807,24.57881,False,False,True,False,False
367145,2019,Reino Unido já tem mais estações de recarga do que postos de gasolina,5,2.860172,-18.226767,True,False,False,False,False
388190,2019,Chevrolet Cruze LT 2020 começa a ser vendido por R$ 101.190,4,-2.3183842,29.734358,False,False,False,False,False
373776,2019,Fábrica da BMW em Araquari comemora 5 anos com a produção do novo Série 3,3,-72.10743,-14.756382,False,False,False,False,False
302172,2019,Royal Enfield lança a Himalayan no Brasil por R$ 18.990,2,41.784256,40.219227,False,False,False,False,False
360068,2019,"Picape Mercedes-Benz Classe X sairá de linha, diz site",5,-13.032352,-57.223736,False,False,False,True,False
369378,2019,"Este é o novo Corolla GLi, versão de entrada que custa R$ 99.990",4,-5.849919,37.25027,False,False,True,False,False
344061,2019,Chery Tiggo 5X ganha versão elétrica com autonomia de 400 km,0,-39.00019,-27.0326,True,False,False,False,True
366148,2019,Porsche Taycan confirma pegada high-tech em primeira foto do painel,5,-31.384254,-45.546467,True,False,False,False,False
353567,2019,"Kia XCeed 2020, rival do VW T-Roc, tem primeiros detalhes revelados",0,-37.152992,51.95911,False,False,False,True,True
370449,2019,"Chevrolet Onix 2020: veja preços, versões, fotos e equipamentos",4,3.1652415,26.28331,False,False,False,False,False
386053,2019,Mais vendidos no varejo: Honda HR-V ainda domina segmento SUV,1,83.20377,9.6320915,False,False,False,False,True
374992,2019,"Volvo terá motores da Geely, e vice-versa",5,0.2559743,-18.48507,True,True,False,False,False
383240,2019,Honda CG 160 ganha nova versão Titan S por R$ 11.490,2,37.464417,47.138195,False,False,False,False,False
313230,2019,Picapes mais vendidas: Strada em alta e Toro em baixa em fevereiro,1,79.125946,-12.4909935,False,False,False,False,False
302154,2019,Geely FY11 é SUV chinês com estilo cupê e plataforma da Volvo,0,-16.816908,-6.249959,False,False,False,False,True
347769,2019,Vídeo: SUV com 400 cv? Volkswagen Tiguan R aparece em testes,0,-32.532185,24.49224,True,False,False,False,True
378290,2019,Flagra: Novo Chevrolet Tracker terá itens exclusivos e produção local,0,3.7216597,27.14445,False,False,False,False,True
303058,2019,"Produção dos Novos Chevrolet Onix e Prisma começará em julho, diz sindicato",5,3.5354555,11.130054,False,False,False,False,False
308258,2019,Novo Hyundai Sonata se inspira em cupês e exibe nova identidade da marca,5,-0.3875342,-81.364914,False,False,False,False,False
346779,2019,Volkswagen terá prejuízo de R$ 13.000 em cada I.D. Neo vendido,5,-20.377352,-10.063029,True,False,False,False,True
345019,2019,Mercedes-AMG A35L alonga o Classe A Sedan de 306 cv,5,-0.41312897,-81.35245,False,False,False,False,True
373107,2019,Flagra: VW terá minivan com cara de Touareg,0,-22.552757,8.165325,False,False,False,False,False
316638,2019,"Cotado para o Brasil, VW Atlas Cross Sport será apresentado dia 14",0,-25.294235,12.81897,False,False,False,False,True
345991,2019,Flagra: Elétrico VW I.D. Neo de produção é pego em testes na neve,0,-22.696049,-0.06786685,True,False,False,False,True
377023,2019,"Após fracasso no Brasil, Veloster vira off-road em feira de tuning",0,-15.9110155,62.205185,False,False,False,False,False
362321,2019,Novo Renault Duster 1.3 turbo só chega em 2021,0,30.21098,-25.408825,False,False,False,False,True
387524,2019,"Ford EcoSport, Fiesta, Ka e Ranger têm descontos de até R$ 6,2 mil",4,13.43345,15.547551,False,False,False,True,False
303273,2019,Aventureiro Toyota Yaris X-Way começa a ser vendido por R$ 78.990,4,-5.979,38.28274,False,False,False,False,False
308697,2019,Governo de SP dará desconto de até 25% no ICMS para fabricantes,5,3.9656837,9.2194605,False,False,False,False,False
381578,2019,"Jeep Compass terá mais que uma simples reestilização em 2020, diz site",0,36.273567,-6.789261,False,False,False,False,True
354183,2019,Fernando de Noronha vai banir carros a combustão; dirigimos o Renault Zoe na ilha,5,18.803751,-25.514719,True,True,False,True,False
368905,2019,Honda revela hatch elétrico com 136 cv e 220 km de autonomia,2,33.27838,56.041172,True,True,False,False,False
345932,2019,Novo Toyota Corolla 2020: Tudo o que já sabemos sobre o sedã nacional,0,-11.572693,43.52533,False,True,True,False,False
353866,2019,Volkswagen oferece toda a linha com um ano sem pagar parcelas,5,-16.777937,24.380161,False,False,False,False,False
315641,2019,BMW finaliza testes do novo Série 1 e revela mais de 300 cv no M135i,3,-66.921074,-13.83376,False,False,False,False,False
302143,2019,Fiat Argo e Cronos ficam até R$ 2.700 mais caros,4,17.049574,23.17925,False,False,False,False,False
354269,2019,Bentley Flying Spur 2020 esbanja luxo e riqueza com W12 de 635 cv,4,-19.432396,-18.170235,False,True,False,False,False
344112,2019,Vendas de sedãs premium em março: BMW Série 3 é vice-líder com nova geração,1,73.07118,-21.885912,False,False,False,False,False
386846,2019,Toyota RAV4 2020 sobe de preço pela terceira vez em apenas 7 meses,4,-5.2228417,35.511066,True,True,False,False,False
374053,2019,Novas regras para recalls entram em vigor; veja o que muda,5,10.918635,-8.929267,False,False,False,False,False
383415,2019,Audi E-Tron Sportback é apresentado com 408 cv em dois motores elétricos,5,-53.889637,-34.344788,True,False,False,False,True
344924,2019,Novo Chevrolet Tracker é revelado e chega em 2020,0,3.9902203,26.575403,False,False,False,False,True
350150,2019,Audi Q4 finaliza testes antes da estreia no Salão de Frankfurt,0,-55.44485,-31.698809,False,False,False,False,True
376258,2019,Peugeot confirma nova picape média para o Brasil,0,23.899897,8.0254545,False,False,False,True,False
367662,2019,BMW terá conceito Vision M NEXT e mais seis novidades em Frankfurt,3,-68.04253,-13.085157,True,True,False,False,False
359947,2019,Kia Seltos terá três opções de motor na Índia,4,-39.549015,46.733078,False,False,False,True,True
361384,2019,Flagra: Novo Hyundai Elantra vai crescer e ganhar estilo do Sonata,0,-21.289427,66.828545,False,False,False,False,False
371078,2019,Mais vendidos em setembro (parcial): T-Cross larga na frente de Kicks e HR-V,1,74.55225,19.761951,False,False,False,False,False
315943,2019,Novo Nissan Versa será apresentado dia 12 de abril,0,-0.19994956,-50.377697,False,False,False,False,False
301119,2019,"Novo Versa terá visual muito atrativo, afirma chefão da Nissan",0,0.20398252,-49.901997,True,True,False,False,False
373942,2019,Novo Mercedes-Benz Classe C será apresentado em setembro de 2020,0,-19.080614,-67.58776,True,True,False,False,False
356626,2019,Ford Puma: novo SUV do Fiesta é antítese do EcoSport,0,-52.65533,15.055181,False,True,True,False,True
379295,2019,Novo Renault Sandero RS brasileiro chega ao México por R$ 62.100,4,28.072138,-20.804338,False,False,True,False,False
316475,2019,Chery Tiggo 8 ganha reestilização antes de estreia no Brasil,0,-39.0925,-28.861591,False,False,False,False,True
304592,2019,Hatches médios em janeiro: Novo Classe A vende mais que Focus,1,71.9351,-20.680927,False,False,False,False,False
350908,2019,Nissan lançará sistema ProPilot com modo autônomo para estradas,5,1.9369152,-40.97678,False,False,True,False,False
377611,2019,Land Rover terá inédito SUV elétrico entre Evoque e Velar,5,-17.384367,-33.19705,True,False,False,True,True
365931,2019,SUVs importados desvalorizam mais que os nacionais? Levantamento surpreende,1,76.10114,-4.4379683,False,False,False,False,True
373376,2019,Suzuki S-Presso: conheça o mais novo rival do Kwid,0,3.198036,53.55113,False,False,False,False,True
365339,2019,Dacia se apressa para lançar SUV híbrido e reduzir emissões,5,22.486372,-29.779892,True,True,False,False,True
308326,2019,Nissan promete surpreender com nova geração da Frontier para os EUA,0,-7.067092,-52.263153,False,False,False,False,False
345144,2019,Mercedes-AMG GLC 63 atualiza design e fica mais equipado,4,-23.472033,-63.281944,False,False,False,False,True
388873,2019,Futuros carros da FCA devem ser feitos com plataformas da PSA,5,24.800013,0.5361062,True,True,False,True,False
304410,2019,Flagra: Renault Captur 2020 se apronta para estreia em setembro,0,23.436726,-31.153961,False,True,False,False,True
366319,2019,Flagra: Novo Onix Sedan nacional está pronto para estrear,0,4.0212207,25.876383,False,False,False,False,True
305151,2019,Citroën adianta dois novos conceitos em teaser,5,-2.5514338,-25.964933,False,False,False,False,False
381808,2019,VW T-Cross Comfortline 1.0 TSI tem mudança nos pacotes de opcionais,4,-22.92111,20.637016,False,False,False,False,True
305067,2019,"Mercedes registra ""Classe O"" e cria expectativa sobre novo modelo",5,-17.29663,-65.720795,False,False,False,False,False
303075,2019,Lexus cogita desenvolvimento de SUV de alta performance,5,-20.453978,-58.304604,False,True,False,False,True
366774,2019,Lamborghini mostrará novo carro no Salão de Frankfurt,5,-7.3427625,-16.370544,False,True,False,False,True
361753,2019,Chevrolet Onix Joy e Prisma Joy ganham versão Maxx na Argentina,5,2.292399,25.069338,False,False,False,False,False
347970,2019,Vendas no varejo em abril: HR-V dá as cartas entre os SUVs,1,82.98239,9.485275,False,False,False,False,False
307206,2019,Ferrari antecipa possível substituta da 488 que será mostrada amanhã,5,14.082836,-63.14866,True,True,False,False,False
349930,2019,Volkswagen Golf 2020 tem novo interior revelado em flagra,0,-35.414635,26.968946,False,True,False,False,False
388096,2019,Mais vendidos em dezembro (parcial): Argo se mantém à frente do HB20,1,73.60128,19.88023,False,False,False,False,False
379570,2019,Fiat-Chrysler e PSA anunciam fusão que criará 4ª maior montadora do mundo,5,24.63356,1.7534256,False,False,False,False,False
307791,2019,Caoa Chery trabalha em carro elétrico nacional,5,-38.64015,-29.53046,True,False,False,False,False
380325,2019,Volvo começa a vender seminovos com certificação de fábrica no Brasil,5,3.7173226,-5.583567,False,False,False,False,False
355633,2019,Velozes e Furiosos vira série na Netflix; veja trailer,5,-2.5795484,-8.939357,False,False,False,True,False
353409,2019,Carro brasileiro é 44% mais caro de produzir que o mexicano; veja estudo,5,15.101024,-7.0659595,False,False,False,False,False
303232,2019,Ghosn se diz vítima de plano da Nissan para impedir integração com Renault,5,5.813643,-41.20866,False,False,False,False,False
308267,2019,Alfa Romeo estuda SUV compacto de entrada no lugar do hatch MiTo,0,-11.064821,-6.541197,False,False,False,False,True
384805,2019,"McLaren GT chega ao Brasil com 628 cv e preço inicial de R$ 2,4 mi",5,-14.878235,-17.358597,False,False,False,False,False
353649,2019,Mercedes-AMG terá motor de 4 cilindros mais potente do mundo,5,-23.213072,-62.82428,False,False,False,False,False
313941,2019,"Bicampeão da Fórmula 1, Fernando Alonso será investidor da Motorsport Games",5,22.23217,-45.197845,False,False,False,False,False
383459,2019,"Hyundai Vision T Concept é prévia do novo Tucson que ""fará você pirar""",0,-18.339306,61.668453,False,True,False,False,True
380190,2019,Novo Hyundai Azera 2020 é lançado com visual polêmico,0,-15.586389,64.64393,False,True,False,False,False
365003,2019,Sedãs premium em julho: Audi A3 Sedan dobra vendas com promoções,1,72.68819,-21.660852,False,False,False,False,False
369986,2019,Hyundai i10 N Line 2020 é versão com visual apimentado e motor turbo,0,-14.225609,62.373165,False,False,False,False,False
367227,2019,"Ferdinand Piech, ex-chefe da Volkswagen, morre aos 82 anos",5,-32.61231,-38.865307,False,False,False,True,False
350734,2019,Geely Xing Yue: SUV-cupê híbrido tem base de Volvo e design de BMW,4,-25.706568,-11.75965,True,True,False,False,True
387812,2019,Latin NCAP atualiza notas da Ford Ranger e Mitsubishi Eclipse Cross,5,39.80189,-38.251102,False,False,False,False,True
359367,2019,Mitsubishi Lancer: designer imagina como seria visual da nova geração,0,11.438528,-37.16649,False,True,False,False,True
360357,2019,Ford revela inédita picape que existirá apenas virtualmente,0,-58.424873,19.363045,False,False,False,False,False
358389,2019,"“Carros europeus são melhores e mais baratos que brasileiros”, diz presidente da FCA Argentina",5,17.508322,-16.940569,False,False,False,False,False
351123,2019,Novos motores da FCA: o que esperar da família GSE Turbo,5,9.989002,7.396875,False,True,False,False,False
354392,2019,Vendas de SUVs em maio: Tiggo7 deixa RAV4 e CR-V para trás,1,79.009384,-8.595255,False,True,False,False,False
359570,2019,"Semana Motor1.com: Toro com porta-malas, novo GTI e Duster flagrado",0,18.57978,32.848534,False,False,False,True,False
362539,2019,Tesla confirma revelação de picape elétrica para breve,0,-23.210869,-5.0864024,True,False,False,False,False
347629,2019,Hyundai i30 N terá versão de tração integral,0,-14.086341,61.30196,False,False,False,False,True
379406,2019,Volkswagen Amarok V6 com 258 cv atrasa e fica para 2020,0,-34.61537,15.271865,False,False,False,True,False
390502,2019,"Ex-CEO da Nissan e Renault, Carlos Ghosn foge do Japão",5,5.195554,-41.3546,False,False,False,False,False
303857,2019,Hyundai não participará do Salão de Genebra deste ano,5,-5.6260877,-27.730064,False,False,False,False,False
313937,2019,Porsche Taycan Turismo (perua elétrica) tem lançamento confirmado para 2020,5,-31.746773,-45.265205,True,True,False,False,True
344804,2019,Volkswagen T-Cross tem cara de Tiguan e motor 1.5 TSI na China,4,-23.637316,16.297228,False,False,False,False,True
313991,2019,Ford inicia plano de reestruturação com 5 mil demissões na Europa,5,-47.32253,7.9398537,False,False,False,False,False
300216,2019,"Brasil deve produzir 2,99 milhões de veículos leves em 2019, diz Anfavea",5,41.702145,12.877005,False,False,False,False,False
358160,2019,"Vendas: nas lojas, Kwid supera Ka no semestre e ameaça HB20 no mês",1,83.316574,9.2099495,False,False,False,False,False
316269,2019,Renault Arkana de produção é pego em testes pela primeira vez,0,24.670904,-30.024233,False,False,False,False,True
373085,2019,Novo Audi RS Q3 2020 fica mais potente e chega aos 400 cv,4,-52.08663,-35.10582,False,False,False,False,False
378579,2019,Volkswagen Touareg estreia na Argentina com câmbio e motor de Amarok,0,-34.181892,14.911177,False,False,False,True,True
346190,2019,Renault Alaskan amplia capacidade de carga e ganha equipamentos,0,-11.332007,-52.347683,False,False,False,True,False
334313,2019,Ranger Raptor já pode ser reservada na Argentina por R$ 204 mil,4,-52.067883,27.737488,False,False,False,True,False
303992,2019,Volkswagen Jetta GLI 2.0 turbo aparece em teaser e estreia em fevereiro,0,-32.526447,25.464893,False,False,False,False,False
300960,2019,Esportivos em 2018: Ford Mustang deixa rivais comendo poeira,1,74.287415,-19.930212,False,False,False,False,False
303815,2019,Governo pretende rever regras de isenção tributária para PCD,5,13.674941,-6.68305,False,False,False,False,False
375746,2019,Carros usados mais vendidos no Brasil: Gol vende 4 vezes mais que Onix,1,78.629005,11.719525,False,False,False,False,False
378969,2019,Novo VW Golf GTI chega em 2020; projeção antecipa visual do esportivo,0,-34.002335,26.998741,False,True,False,False,False
354813,2019,"Ford anuncia Ka, EcoSport e Ranger com desconto e taxa zero",4,13.724885,15.702615,False,False,True,True,True
370801,2019,"FCA comemora produção de 1,5 milhão de motores E.Torq no Brasil",5,27.759745,15.228777,False,False,False,False,False
365888,2019,Mercedes-Benz revela Classe A e Classe B híbridos,4,-23.992094,-65.12231,True,True,False,False,False
348821,2019,Ford usa carroceria encurtada da Ranger para testar novo Bronco,0,-61.054527,14.552478,False,False,False,False,False
372675,2019,"Honda WR-V ganha promoção para PCD por R$ 68,3 mil",4,25.15359,49.234764,False,False,False,False,False
370224,2019,Novo Kia Cerato chega ao Brasil em duas versões a partir de R$ 94.990,4,-40.066784,48.125774,False,False,False,False,False
315988,2019,Novo Volvo S60 é confirmado para o terceiro trimestre no Brasil,0,-19.482512,-4.293008,False,True,False,True,False
315849,2019,Impactante: Ferrari F8 Tributo já aparece nas ruas,5,14.375665,-63.50177,False,False,False,False,False
364952,2019,Honda encerrará produção de automóveis na Argentina,2,29.785385,47.356895,False,False,False,False,False
356984,2019,"McLaren 600LT Spider e 720S Spider chegam a partir de R$ 3,25 milhões",4,-16.44646,-12.619462,False,False,False,False,False
348097,2019,Volkswagen Jetta GLi 2.0 turbo chega à Argentina por R$ 128 mil,4,-29.078861,23.979881,False,False,False,False,False
363955,2019,Porsche 911 GT3: carro de corrida habilitado para ruas celebra 20 anos,5,-33.890953,-45.0203,False,False,False,False,False
347790,2019,Lexus terá novo carro de entrada em 2021,5,-16.256098,-7.1942744,True,True,False,False,True
316136,2019,Mais vendidos em março (parcial): Onix dispara e Prisma sobe para 4º,1,73.92308,19.431776,False,False,False,False,False
354241,2019,Toyota e Honda lideram satisfação com o pós-venda no Brasil,5,8.372127,-5.2746415,False,False,False,False,False
374299,2019,Range Rover Velar SVAutobiography de 550 cv chega em dezembro por R$ 565.000,4,-18.592255,-29.50506,False,False,False,False,True
344286,2019,Honda Envix: sedã médio faz ponte entre Civic e Accord,2,27.166779,57.853786,False,False,False,False,False
379658,2019,Projeção: Como seria um VW Jetta com o design do novo Golf,0,-24.932314,5.8584037,False,False,False,False,False
351335,2019,Audi confirma que TT será substituído por esportivo elétrico,5,-57.07027,-30.557255,True,False,False,False,False
316462,2019,Segredo: Inédita BMW F850 RS aparece primeiro no Brasil,3,-70.66176,-7.7929854,False,False,False,False,False
299801,2019,"Semana Motor1.com: T-Cross em abril, Onix tetra, Brio no Brasil e mais",0,-8.327236,20.405968,False,False,False,False,True
364381,2019,"Hyundai Grand i10 Nios é o ""mini-HB20"" para os indianos",0,-19.581339,67.05961,False,False,False,True,True
376353,2019,Flagra: O que faz um VW T-Roc na Argentina?,0,-27.103313,11.867039,False,False,False,False,True
386086,2019,"Nissan Frontier 2020 ganha ""Sem Parar"" como item de série",4,-7.009506,-45.541348,False,False,False,True,False
356775,2019,Novo Hyundai Azera 2020 já está nas lojas por R$ 269.900,4,-9.681473,62.16959,False,False,False,False,False
344944,2019,Renault City K-ZE (elétrico) antecipa Kwid reestilizado,0,24.082354,-33.278473,True,False,False,False,True
380557,2019,Toyota terá versão esportiva de Yaris ou Corolla no Brasil em 2020,0,-17.620943,43.95557,False,False,False,False,False
365841,2019,"Novo Toyota Corolla será lançado dia 3 de setembro, confirma hotsite",0,-10.820808,43.49876,False,True,False,False,False
371998,2019,Novo Volkswagen Golf híbrido terá versões de 204 cv e 245 cv,0,-34.993454,28.123707,True,True,False,False,False
361996,2019,Kia prepara picape para brigar com Toyota Hilux e Ford Ranger em 2022,0,-30.7832,55.940514,False,False,False,True,False
304601,2019,"General Motors pode vender Holden e sair da Austrália, diz jornal",5,1.6326315,10.540708,False,False,False,False,False
386295,2019,"Longe do Brasil, Ford Focus ganha versão aventureira de luxo",0,-48.94367,15.434838,False,True,False,False,False
344408,2019,Vendas de SUVs premium em março: Volvo XC90 e BMW X2 batem recorde,1,77.31012,-23.088102,False,False,False,False,True
368621,2019,Lamborghini Sian: 1º carro eletrificado da marca é também o mais potente,4,-17.217102,-14.308292,True,True,False,False,False
303564,2019,Saída antecipada: Fiat deixará de operar na Índia já neste ano,5,29.721481,17.998621,False,False,False,True,False
301082,2019,Nova Honda CB650R começa a ser vendida pelo equivalente a R$ 33.390 na Europa,2,40.239567,43.61863,False,False,False,False,False
380763,2019,Toyota BEV: conheça o primeiro (micro) carro 100% elétrico da marca,5,-11.2894745,35.437496,True,False,False,False,True
362534,2019,"Vendas na Alemanha: VW desce, Volvo sobe",1,61.051014,-5.2434335,False,False,False,False,True
350966,2019,"FCA anuncia SUV da Fiat, motores turbo e investimento em Betim (MG)",5,27.881126,15.249558,False,False,False,False,True
363018,2019,Nova geração do VW Tiguan chega em  2022 com visual mais ousado,0,-26.42952,7.984906,False,True,True,False,False
303820,2019,"Argentina muda regras de homologação e ""facilita"" novos lançamentos",5,16.82376,-15.925302,False,False,False,False,False
369938,2019,Land Rover Discovery Sport nacional será renovado no início de 2020,0,-17.260523,-31.440107,False,True,False,True,True
357240,2019,"Mulheres estão por trás do boom dos SUVs, revela Aston Martin",5,-3.9167552,-10.610981,False,False,False,False,True
374968,2019,Sedãs compactos mais vendidos: Prisma não emplacava tanto desde 2014,1,73.19563,-11.995266,False,False,False,False,False
375197,2019,Toyota registra Corolla XSE com a frente norte-americana no Brasil,0,-12.161657,43.586544,False,False,False,False,False
363332,2019,Vendas diretas em julho: Renegade puxa fila de 4 SUVs no top 10,1,79.42578,11.64197,False,False,False,False,True
379251,2019,Toyota Hilux esportiva para enfrentar Ranger Raptor não é prioridade,0,-22.771915,44.76912,False,False,False,True,False
381041,2019,"No Brasil em 2020, Citroën C5 Aircross ganha versão híbrida",4,42.20147,-18.834917,True,True,False,False,True
362195,2019,Ford Mustang comemora 55 anos com edição especial,4,-51.222847,-2.0755496,False,False,False,False,False
352727,2019,Fiat Uno 2020:  a volta do Way e preços mais altos,4,17.335978,25.666636,False,False,False,False,False
307272,2019,Nova Ferrari F8 Tributo é revelada com o insano motor V8 de 720 cv,5,14.936771,-63.913765,False,False,False,False,False
377581,2019,Latin NCAP apresenta novo protocolo e passa a incluir teste do alce,5,40.152992,-36.89178,False,False,False,False,False
384777,2019,Novo Honda City 2020: veja o que mudou na comparação com o atual,2,23.190506,61.445015,False,False,False,False,False
313678,2019,Novo Volkswagen Golf: versões GTI e R serão lançadas já em 2020,0,-34.248756,27.207304,True,False,False,False,False
375763,2019,Porsche e Boeing desenvolverão carro elétrico voador para cidades,5,-34.967323,-43.74141,True,False,False,False,False
308360,2019,Eyesight: Subaru XV ganha condução semi-autônoma por R$ 10 mil,5,5.066602,-8.743589,False,False,True,False,False
316027,2019,Honda Fit 2020 será vendido apenas em versão híbrida na Europa,2,25.824854,62.105423,True,True,False,True,True
387648,2019,Lada compra operações da General Motors na Rússia,5,0.9586887,12.511464,False,False,False,False,True
306462,2019,"Cupra Formentor, o SUV que inaugura a divisão esportiva da Seat",0,-9.270227,-16.024584,True,True,False,False,True
352394,2019,Flagra: Fiat Toro terá motor a diesel na versão de entrada Endurance,4,17.640886,26.024488,False,False,True,True,False
346182,2019,"Esperada no Brasil, Jeep Gladiator é confirmada para a Europa em 2020",0,33.097927,-2.2611468,False,False,False,True,False
359879,2019,Chevrolet Equinox perderá versões a diesel em 2020,4,-4.9957113,15.048882,True,False,False,True,True
390298,2019,Vendas: última parcial de 2019 tem T-Cross líder dos SUVs e Onix Plus no pódio,1,73.4624,19.832476,False,False,False,False,False
369035,2019,Vendas diretas em agosto: Ka Sedan bate Prisma e lidera segmento,1,79.528915,11.629969,False,False,False,False,False
353113,2019,Volkswagen Jetta GLI 2.0 turbo chega ao Brasil por R$ 144.990,4,-30.465542,25.753717,False,False,False,False,False
360893,2019,Duster supera Renegade e se torna o SUV mais vendido na Itália no semestre,1,62.456497,-6.2819853,False,False,False,False,True
301021,2019,Honda CG Titan comemora 25 anos com série especial por R$ 10.800,2,34.53387,48.652775,False,False,False,False,False
352087,2019,Nissan não se opõe à fusão da Renault com Fiat-Chrysler,5,6.511064,-40.558247,False,False,False,False,False
368424,2019,Projeção: Novo Hyundai Tucson dividirá opiniões com design polêmico,0,-18.396463,64.55107,False,False,False,False,True
304025,2019,Nova Mitsubishi L200 Triton aparece em registro no Brasil,0,9.647728,-32.36438,False,False,False,True,False
345362,2019,Renault lança sistema de compartilhamento do Zoe no Brasil,5,24.259403,-24.814396,False,False,False,False,False
315349,2019,Salão Moto Brasil muda para Parque Olímpico e promete novo conceito,5,-2.7533467,-27.375755,False,False,False,False,False
368167,2019,Honda registra nova Africa Twin com motor de injeção direta,2,35.114113,50.14759,False,False,False,False,False
375997,2019,Chefe de design da BMW defende visual polêmico do Concept 4,3,-63.563652,-14.545463,False,False,False,False,False
302320,2019,Porsche amplia rede com concessionária em Goiânia,5,-35.373333,-44.333168,False,False,False,False,False
354884,2019,Novo Subaru Forester desembarca no Brasil por R$ 159.990,4,-11.176491,14.406838,False,False,False,False,False
387309,2019,"Latin NCAP bate novos Corolla, HB20, Sandero e Logan; veja notas",5,40.645565,-37.55362,False,False,False,False,False
369113,2019,Nova Ford Ranger terá motores V6 turbo emprestados da F-150,0,-55.299576,26.50076,False,False,False,True,False
359344,2019,Toyota prepara inédito SUV abaixo do RAV4,0,-7.424242,45.827446,False,False,False,False,True
356248,2019,Novo Ford Puma será revelado dia 26 como SUV acima do EcoSport,0,-51.521572,15.5108795,False,True,False,False,True
354474,2019,Kia Cadenza 2020 estreia novo visual e interior em reestilização,0,-35.83053,47.263615,False,True,False,False,False
344088,2019,Ford pode deixar de operar na Índia de forma independente,5,-48.179783,10.4051695,False,False,False,False,True
350562,2019,Ford apresenta novo Taurus com base de Fusion na China,0,-51.376987,14.233825,False,False,False,False,False
384000,2019,Chevrolet Onix Plus será feito no México com motor 1.2 turbo de 132 cv,4,3.1968098,25.10223,False,False,False,False,False
304557,2019,GM e sindicato fecham acordo por nova geração da S10,5,3.6455379,10.157467,False,False,False,False,True
301560,2019,Flagra: Novo Audi A1 terá versão aventureira Allroad,0,-54.208748,-28.871515,False,False,False,False,False
360656,2019,Novo Mercedes-Benz Classe A Sedan é lançado no Brasil; veja preços,4,-22.65277,-65.20889,False,False,False,False,False
389305,2019,Conheça um motor funcional de Lego que precisa de seu apoio,5,-14.278231,-12.036363,False,False,False,False,False
384385,2019,Novo Hyundai HB20X 2020 chega às lojas com desconto de até R$ 1.600,4,-5.1671066,63.46015,False,False,False,False,False
349940,2019,Vendas da quinzena em maio: Mobi é destaque em lista com dois Jeep no top 10,1,74.182045,19.789324,False,False,False,False,False
307209,2019,Honda inicia pré-venda da nova CB1000R; veja preço,2,37.547077,45.214485,False,False,False,False,False
373821,2019,Fiat comemora 20 anos de lançamento do Brava no Brasil,4,23.273294,24.56613,False,False,False,False,False
308966,2019,Fiat Argo chega a 100 mil unidades vendidas no Brasil,4,27.691034,19.57029,False,False,False,False,False
306846,2019,"Flagra: De perto, nova Fiat Strada revela porte quase de Duster Oroch",0,19.998663,33.011803,False,False,False,False,False
346802,2019,Toyota Hilux ganha série para celebrar vendas em alta na Europa,4,-19.188948,41.125313,False,False,True,False,False
351107,2019,Latin NCAP: Toyota RAV4 gabarita e Renault Kangoo fica na média,5,40.29342,-37.218304,False,False,False,False,True
365007,2019,Reino Unido estuda proibir uso de celulares por viva-voz,5,10.329046,-10.378114,False,False,False,False,False
303791,2019,"Mitsubishi L200 Triton Sport pode ter versão esportiva ""anti-Raptor""",0,8.823387,-32.97713,False,False,True,False,False
363480,2019,General Tires lança os novos pneus Grabber X3 e AT3 para uso off-road,5,33.34434,-4.706337,False,False,False,False,False
306931,2019,Chevrolet Camaro 2019 começa a ser vendido a partir de R$ 328.990,4,-49.144993,-0.6233646,False,False,False,False,False
368808,2019,Vendas no varejo em agosto: VW Polo perto do pódio e Creta é sexto,1,83.0297,9.661196,False,True,False,False,False
363640,2019,"Peugeot 3008 vira trilheiro em versão especial, mas sem 4x4",4,18.630753,5.204366,False,False,False,False,True
369288,2019,Nova Mitsubishi L200 terá versão híbrida e possível V6 turbodiesel,0,8.116749,-33.59299,True,True,False,True,False
305545,2019,Flagra: Picape média da Peugeot será baseada em modelo chinês,0,23.737993,7.983872,False,False,False,True,True
314941,2019,Flagra: Novo Land Rover Defender aparece em testes em Nürburgring,0,-16.455399,-31.744095,False,True,False,True,True
343930,2019,Bugatti SUV terá apenas duas portas e cerca de 1.000 cv,5,-8.601723,-18.195677,False,True,False,False,True
299796,2019,Projeção: Novo Audi A3 Sportback terá elementos do Q3,0,-56.8309,-33.07748,False,False,False,False,False
374646,2019,Nissan Versa: atual geração seguirá com nome de V-Drive,0,-2.2351544,-48.633118,False,False,False,False,False
364158,2019,Nissan Frontier ganha versão de topo N-Trek com estilo aventureiro,4,-8.786984,-48.17493,False,False,False,True,False
334284,2019,Onix lidera em 22 estados e Versa é vice-líder no RJ: as vendas por estado em março,1,71.7612,17.167704,False,False,False,False,False
315416,2019,Segredo: Ford registra nova Ranger 2020 no Brasil,0,-54.86344,28.283808,False,False,False,True,True
348116,2019,Elétrico Volkswagen ID.3 aparece quase pronto em vídeo oficial,0,-23.171041,0.77280617,True,True,False,False,False
358476,2019,Sedãs compactos mais vendidos: Chevrolet Prisma tem maior evolução em mês de queda,1,73.14074,-11.913429,False,False,False,False,False
375977,2019,VW Atlas Cross Sport 2020 estreia nos EUA com chances de vir ao Brasil,4,-25.716253,19.837143,False,False,False,False,False
301902,2019,Novo Mercedes-Benz CLA chega ao Brasil no último trimestre,0,-17.63801,-67.43846,False,False,False,True,False
385883,2019,Mitsubishi Eclipse Cross se torna nacional e agora parte de R$ 129.990,4,11.736263,-31.195692,False,False,True,True,True
376720,2019,Teste de impacto com Bugatti Chiron e Porsche 911 tem resultado desastroso,5,-32.158543,-42.326538,False,False,False,False,False
368690,2019,BMW X3 M Competition entra em pré-venda por R$ 573.950,3,-62.060825,-9.1139145,False,False,False,False,True
377232,2019,"Nissan lança novas multimídias para March, Versa, Kicks e Frontier",4,-6.237613,-46.037327,False,False,False,False,False
315290,2019,Toyota Etios 2020 aparece no site da marca; e mais caro,4,-5.654377,38.41229,False,False,False,False,False
305234,2019,Honda mostra interior do compacto elétrico Urban EV,2,32.6362,56.309002,False,True,False,False,False
307192,2019,Novo Kia Soul será vendido apenas em versão elétrica na Europa,4,-24.493053,-11.603617,True,False,False,False,False
364910,2019,Mercedes pode ser multada em 1 bilhão de euros por fraude em emissões,5,-16.620821,-61.641064,False,False,False,True,False
382085,2019,Novo Onix Plus 2020 com motor 1.2 será lançado na Argentina no dia 28,4,2.7162626,25.23364,False,False,False,False,False
306828,2019,"Chevrolet Volt, primeiro híbrido da marca, tem produção encerrada",5,-1.9846671,11.377269,True,True,False,False,True
366811,2019,Porsche Taycan mostra interior com cinco telas e assistente virtual,5,-1.3302697,-81.73085,False,False,False,False,False
359556,2019,Ford e Volkswagen confirmam novas gerações de Ranger e Amarok para 2022,0,-49.71504,23.494917,False,False,False,False,True
305588,2019,"Semana Motor1.com: Chery Tiggo7 e JAC T80, Kwid elétrico, Kicks híbrido, nova CB650R...",0,-10.614193,16.247763,True,True,False,False,True
348313,2019,Ford tira Ranger flex de linha e foca nas versões a diesel,0,-54.117943,27.439985,False,False,False,True,False
302944,2019,Renault Twizy faz sucesso na Coreia como alternativa elétrica às motos,5,-6.5078173,-4.799659,False,False,False,False,False
307286,2019,Motorsport.tv lança serviço gratuito de TV pela internet para fãs,5,21.897556,-45.573536,False,False,False,False,False
363191,2019,Semana Motor1.com: Flagramos os novos SUVs que vêm por aí,0,-9.410207,20.779638,False,True,False,False,True
308936,2019,Chefão da Audi sugere que TT poderá não ter próxima geração,5,-57.130302,-30.446,True,False,False,False,True
359907,2019,Toyota Prius testa carregamento solar no Japão,5,-22.326475,-14.662823,True,True,False,False,False
373957,2019,Salão de Tóquio: Nissan IMk Concept é proposta de elétrico urbano,5,-0.5011018,-81.666626,True,False,True,False,False
383489,2019,Hyundai RM19: conheça o Veloster com motor central de quase 400 cv,0,-15.09543,61.801044,True,False,False,False,False
356606,2019,Novo Defender 2020 surge em teaser e confirma visual quadradão,0,-16.011755,-28.26935,False,False,False,False,True
352252,2019,"Semana Motor1.com: Novos Ford FreeStyle, HR-V Touring, Ferrari híbrida e Kicks 2020",4,-43.51361,1.1213459,True,True,True,True,False
300253,2019,Hyundai Elevate é o conceito futurista de carro com pernas,5,-1.0446855,-81.18457,True,False,True,False,False
377890,2019,"Ford ""baby"" Bronco aparece limpo e confirma design de Land Rover",0,-62.74419,14.420177,False,True,False,False,True
382330,2019,"Optima, Seltos ou Sorento? Kia faz mistério sobre novidade em L.A.",0,-35.47372,51.576725,False,True,False,False,True
367656,2019,Novo Mercedes GLE Coupe 2020 fica mais belo e ganha versão AMG,0,-23.18585,-63.407455,False,True,False,True,True
347070,2019,"Novo Corsa, agora irmão do Peugeot 208, posa para primeiras fotos oficiais",0,16.973927,5.681918,True,False,False,False,False
302701,2019,"Fórmula E: Nissan ""eletrifica"" o maior arranha-céu da América do Sul",5,2.6684813,-44.6845,True,False,False,False,False
303033,2019,"Grande parte das chaves presenciais são vulneráveis, diz estudo",5,-13.671942,-29.425749,False,False,False,False,False
345581,2019,"Semana Motor1.com: As novidades do Salão da China, novo Corolla e mais",0,-9.200493,21.322954,False,True,False,False,True
348279,2019,Fiat Cronos fica até R$ 1.500 mais caro e parte de R$ 58.990,4,16.696035,23.098461,False,False,False,False,False
307846,2019,Volvo limitará velocidade máxima de seus carros em 180 km/h a partir de 2020,5,-0.8666151,-80.51312,False,False,False,False,False
350015,2019,VW T-Cross começa carreira com vendas abaixo do esperado,4,-21.426777,17.791977,False,False,False,False,True
379012,2019,Porsche Cayenne Coupé chega ao Brasil por R$ 459 mil,4,-31.369497,-46.881947,True,True,True,False,True
358196,2019,Renault Sandero 2020: veja as primeiras imagens oficiais,0,26.600122,-23.134195,False,False,False,False,False
304986,2019,Peugeot 308 e 408 deixam de ser vendidos no Brasil,5,19.995028,4.866399,False,False,False,False,False
387550,2019,Jeep: modelo sub-Renegade chega em 2022 com versão eletrificada,0,35.907692,-7.6686654,True,True,False,False,True
380503,2019,Porsche 911 terá câmbio manual de 7 marchas como opcional,4,-33.042957,-47.00859,False,False,False,False,False
388237,2019,"Em fim de linha, Ford Fusion tem desconto de até 20% nos EUA",5,-50.630657,12.058949,False,False,False,False,False
300556,2019,"Sedãs médios em 2018: Toyota Corolla lidera com folga, mas recua 7 mil unidades",1,74.87025,-10.591662,False,False,False,False,False
387267,2019,Mercedes-Benz GLA 2021 perde jeito de hatch e virá ao Brasil em 2020,4,-23.132895,-64.8917,False,True,False,True,True
348940,2019,Motorsport.com chega à Polônia para aumentar sua participação global,5,22.20417,-45.33017,False,False,False,False,False
301528,2019,Ford eletrificará toda gama na Europa a partir do Focus,5,-49.71968,9.74236,True,True,False,False,True
354235,2019,BMW anuncia financiamiento com taxa zero em junho,3,-72.02883,-1.4781022,False,False,False,False,False
351692,2019,"Volkswagen Golf R ganhará potência extra, mas não terá modo drift",0,-33.797222,27.27712,False,False,False,False,False
350197,2019,Ford Focus ST Wagon estreia como opção esportiva para famílias,0,-48.347538,16.104624,False,False,False,True,False
344461,2019,"Conheça o Motorsport Valley Tour, que leva os fãs às sedes das equipes de F1",5,22.489998,-45.51669,False,False,False,False,False
357777,2019,Honda E 2020: compacto elétrico terá 150 cv e autonomia de 200 km,2,33.964214,55.665173,False,False,False,False,False
303262,2019,Audi A4 2020: reestilização tem detalhes antecipados em projeção,0,-55.432865,-30.075857,False,False,False,False,False
309028,2019,"Novo Volkswagen Golf R será ""fantástico"", diz executivo",0,-35.54999,28.552547,False,True,False,False,True
367630,2019,"""SUV do Camaro"", novo Chevrolet Blazer é registrado no Brasil",0,-2.6726496,17.784746,False,False,False,False,True
381115,2019,Flagra! SUV elétrico do Ford Mustang aparece pronto para estreia,0,-52.593525,2.0428202,True,False,False,False,True
375031,2019,"Esperada no Brasil, Ram 1500 EcoDiesel tem autonomia de 1.600 km",5,0.32178766,-81.02742,False,True,False,True,False
375063,2019,Renault Twizy vira carro compartilhado para servidores em Brasília,5,20.398136,-24.755949,True,False,False,False,False
348595,2019,"Audi A4 chega aos 25 anos com 7,5 milhões de unidades produzidas",5,-55.86339,-35.535816,False,False,False,False,False
379647,2019,Mais vendidos na Europa: Novo Corolla supera até o Polo em setembro,1,62.0832,-5.6244907,False,False,False,False,True
376966,2019,BMW X1 reestilizado chega ao Brasil com preços a partir de R$ 189.950,4,-61.595043,-6.691866,False,False,False,False,True
374407,2019,"Vendas no varejo: ainda bom de loja, EcoSport supera Renegade e Kicks",1,83.44341,9.392443,False,False,False,False,False
362120,2019,"Semana Motor1.com: Os Jeep Renegade e Compass 2020, novo Sandero e mais",4,43.123848,-4.2420044,False,False,False,False,True
362741,2019,Novo Corvette 2020: produção do primeiro ano já foi quase toda vendida,0,-4.6531715,10.124892,False,False,False,False,False
304389,2019,Kia Sportage 2020 faz estreia em Chicago e agrega tecnologia,4,-38.18837,48.626637,False,False,False,False,True
342808,2019,"Hyundai Venue, o mini-Creta, terá motor 1.0 turbo",0,-16.216427,66.693344,False,False,False,True,True
346860,2019,"Semana Motor1.com: Novo Creta terá design exclusivo, Fiat Argo 2020 e mais",0,25.43867,9.427097,False,False,False,False,False
370047,2019,Hyundai 45 Concept se inspira no passado mirando para o futuro elétrico,5,-18.950048,60.713013,True,False,True,False,False
352476,2019,Flagra: Porsche testa novo 911 Targa em Nürburgring,5,-32.771908,-45.192028,False,False,False,False,False
354669,2019,Flagra: Audi A3 2020 testa freios antes da estreia no 2º semestre,0,-56.868767,-32.72523,False,False,False,False,False
360817,2019,Chevrolet Corvette 2020 estreia com motor central de mais de 500 cv,5,-0.701445,-81.09396,False,False,False,False,False
305084,2019,"Flagra: Ford Escape 2020 deixa ""escapar"" interior inspirado no Focus",0,-50.284286,18.219547,False,True,False,False,True
308356,2019,"Ford considera fechar mais duas fábricas, desta vez na Rússia",5,-47.513294,8.220349,False,False,False,False,False
314155,2019,Fiat 500 de nova geração chega em 2020 apenas com motor elétrico,0,29.75303,22.488132,True,False,False,False,False
376579,2019,Novo Toyota Yaris 2020 evolui na Europa e envelhece modelo nacional,0,-9.804539,46.21524,False,False,True,True,True
386303,2019,"Produção de carros cresceu 2,7% no acumulado de 2019, diz Anfavea",5,41.627632,13.389823,False,False,False,False,False
347125,2019,Novo Toyota Glanza fará papel do Yaris na Índia,0,0.62993735,54.233288,False,False,False,False,True
303925,2019,Presidente da VW diz que T-Cross será divisor de águas e mira liderança,0,-23.41558,13.970898,False,False,False,False,True
306785,2019,"Atuais VW Gol, Up! e Voyage terão produção encerrada em 2021, diz sindicato",5,-20.32611,13.027333,False,False,False,False,True
383271,2019,Toyota RAV4 Prime 2021 é a versão mais potente e veloz do SUV,4,-9.944913,40.059387,True,True,True,False,True
304802,2019,Volkswagen Up! e Peugeot 108 têm futuro incerto na Europa,5,-17.750914,2.4282255,True,False,False,False,False
300610,2019,Jeep Renegade 2019 fica até R$ 3 mil mais caro,4,44.612865,-2.1481822,False,False,False,True,True
364172,2019,Buick Encore GX testará gosto dos americanos por motores 3-cilindros,4,-7.0125937,8.234878,False,False,False,False,False
372605,2019,Flagra: VW Tylcon será o 1º SUV-cupê da marca,0,-25.47764,12.598535,False,False,False,False,True
370532,2019,"Flagra: Novo Hyundai Tucson começa a mostrar o design que te fará ""pirar""",0,-18.815668,64.6689,False,False,False,False,True
371331,2019,Recall: Novo Range Rover Evoque tem defeito no lavador de para-brisa,5,-14.885733,-30.854103,False,False,False,False,False
352238,2019,Jeep Renegade tem 37.723 unidades convocadas por falha no airbag,5,36.348984,-1.9803866,False,False,False,False,True
375280,2019,Picapes mais vendidas: Strada cresce 40% às vésperas da nova geração,1,79.083534,-12.560331,False,False,False,False,False
375967,2019,"Semana Motor1.com: novo HB20 básico, novos Tracker, 208 e Versa em 2020",0,-9.525397,20.97346,False,False,False,False,True
314496,2019,História do criador do DeLorean vai virar filme,5,-2.3117409,-9.817425,False,False,False,False,False
308529,2019,"Toyota anuncia aposentadoria de Steve St. Angelo, CEO para América Latina",5,-16.618628,37.886127,False,True,False,False,False
352791,2019,É o fim: Ford Focus some das lojas e deixa de ser ofertado no site,0,-50.144814,12.529292,False,False,False,False,False
301687,2019,Fiat Tipo Sport estreia com detalhes exclusivos e motor 1.4 T-Jet,4,15.83534,29.140553,False,False,False,True,False
307921,2019,VW revela o novo I.D. Buggy elétrico com 204 cv de potência,0,-23.78818,0.22317967,True,False,False,False,False
355972,2019,Ford Mustang elétrico de 544 cv participará do Festival de Goodwood,5,0.07908434,-80.31861,True,False,False,False,False
389844,2019,Recall solitário: Toyota Camry tem um único exemplar chamado no Brasil,5,9.186005,-0.80154717,False,False,False,False,False
315059,2019,Jeep Compass S: nova série especial mais equipada chega por R$ 187.990,4,42.879795,-4.645332,False,False,False,True,False
352475,2019,Volkswagen e JAC lançarão táxi autônomo na China,5,-17.62883,3.766123,True,False,True,False,False
357352,2019,Triumph inicia vendas da Scrambler 1200 no Brasil por R$ 59.990,2,41.041862,39.10129,False,False,False,False,False
308631,2019,Nissan Leaf vendeu mais de 400 mil unidades desde 2010,5,2.2034109,-44.07294,True,False,False,False,True
363481,2019,Renault Duster GoPro: série com tom de despedida custa R$ 81.890,4,28.352009,-20.91226,False,False,False,False,False
384492,2019,Jeep Renegade e Compass têm descontos de até R$ 42 mil,4,42.47205,0.19688791,False,False,False,False,False
375243,2019,"Irmã da S10, Chevrolet Colorado estreia facelift para a linha 2020",0,-2.8950596,23.881392,False,False,False,False,False
307385,2019,Porsche Cayenne Coupé é pego em testes por leitor do Motor1.com,0,-29.87841,-44.116817,False,True,False,False,True
308269,2019,"Volkswagen promete que novo Golf será ""um grande salto""",0,-35.60505,27.472733,False,True,False,False,False
307648,2019,Concessionários Ford e Chevrolet cravam divertida batalha em outdoors,5,-55.720592,9.691224,False,False,False,False,False
301958,2019,Toyota Supra 2020 tem 1ª unidade vendida por R$ 8 milhões,5,-10.60372,37.29916,False,False,False,False,False
306653,2019,Novo Peugeot 208 é revelado e chega ao Brasil em 2021,0,19.33088,8.670742,True,True,False,True,False
357015,2019,Hyundai está desenvolvendo SUV compacto elétrico,5,-19.371826,59.658016,True,True,False,False,True
350954,2019,Vídeo: BMW faz homenagem bem-humorada ao ex-chefão da Mercedes-Benz,3,-18.574749,-59.27394,False,False,False,False,False
361135,2019,Nissan X-Trail virá ao Brasil somente na nova geração,0,-0.6639787,-46.056572,True,False,False,False,True
302117,2019,"Clio, 208 e 3008 foram os carros mais vendidos na França em 2018",1,62.77128,-7.1050177,False,False,False,False,False
358971,2019,"Flagra: Novo Renault Duster nacional reduz disfarce, mas só chega em 2020",0,29.599636,-26.319603,False,False,False,False,False
350957,2019,Novo Toyota Supra prova ser mais potente e rápido do que diz a marca,5,-12.898494,-12.149033,False,False,False,False,False
358474,2019,SUVs compactos em junho: Renault Captur bate recorde e supera Honda HR-V,1,76.17829,-5.309705,False,False,False,False,False
357495,2019,"Renault Duster terá mais variantes, diz executivo",0,26.971834,-28.0288,True,True,False,False,True
300178,2019,Harley-Davidson lança moto elétrica Livewire pelo equivalente a R$ 111 mil,5,44.729214,28.625021,True,False,False,False,False
300514,2019,CES: Novo SUV elétrico da Ford será aspiracional e altamente digital,5,-50.510387,6.4151535,True,False,False,False,True
379912,2019,Fiat Cronos vende mais que Argo e lidera sedãs na Argentina,5,34.14891,14.350201,False,False,False,False,False
360633,2019,Elétrico Nissan Leaf desembarca no Brasil por R$ 195.000,4,-1.9653277,-44.810333,True,False,True,False,False
313964,2019,Mustang e Civic são os carros que mais bombam no Instagram,5,-0.14417714,-8.166578,False,False,False,False,False
300166,2019,Picape Jeep Gladiator pode ganhar versão mais potente chamada Hercules,0,32.698586,-3.4892445,False,False,False,False,False
345320,2019,"Renault Kwid reestilizado será apresentado no 2º semestre, confirma executivo",0,24.465805,-33.04445,True,False,False,False,True
441820,2020,Novo Peugeot 3008 2021 adota visual do 208 e amplia pacote tecnológico,0,17.033995,8.139224,False,True,True,True,True
414434,2020,Hyundai HB20S é vendido com preço do hatch em promoção,4,-8.2346325,67.026596,False,False,False,False,True
397768,2020,Hatches compactos em janeiro: Onix tem pior desempenho em 16 meses,1,74.80519,-14.149091,False,False,False,False,False
460652,2020,Mais vendidos na 1ª quinzena: VW T-Cross reage e lidera categoria SUV em 2020,1,72.696175,20.853098,False,False,False,False,True
446176,2020,"Toyota Hilux só deve ter versão esportiva na próxima geração, prevista para 2023",0,-22.2212,44.543404,False,False,False,True,False
435071,2020,Nissan inaugura loja e passa a oferecer toda linha no Mercado Livre,5,0.8523877,-43.592453,False,False,False,False,False
429337,2020,Carlos Ghosn pode ter sido vítima de armação por executivos da Nissan,5,5.2678823,-41.430714,False,False,False,False,False
447160,2020,Novo Logan 2021: compare o que mudou no visual da nova geração do sedã,0,21.807114,-27.991077,False,False,False,False,False
455211,2020,Flagra: Novo Nissan Kicks 2022 chega em fevereiro sem novidades mecânicas,0,0.70893884,-50.850544,True,True,False,False,True
432739,2020,Jeep Wrangler receberá novidades em resposta à chegada do Ford Bronco,0,-61.439327,13.377975,False,False,False,False,False
447120,2020,Flagra: Novo Honda Civic 2022 crescerá para tornar-se um mini-Accord,2,25.864977,59.535786,True,True,False,False,False
436059,2020,Mecânica Online: O que é um carro econômico?,5,-22.841122,-14.477133,True,True,False,False,False
435821,2020,Novo Toyota Yaris 2021 ganha reestilização e chega ao Brasil no ano que vem,0,-12.606762,45.973858,False,False,False,False,True
428008,2020,Caoa Chery Tiggo 8: comercial vazado antecipa motor 1.6 turbo e tela de Evoque,0,-39.621902,-27.737665,False,False,False,False,True
405156,2020,Coronavírus: VW e Ford anunciam paralisação de fábricas no Brasil,5,-45.63951,7.321809,False,False,False,False,False
398048,2020,Flagra: Nova Fiat Strada 2021 aparece sem camuflagem antes do lançamento,0,20.068478,32.979862,False,False,False,False,False
404479,2020,"Brabus 800 Adventure XLP: Mercedes Classe G picape chega por R$ 6,5 mi",0,-22.830528,-65.83868,False,False,False,False,True
427410,2020,Argo supera Ka e sobe ao pódio em maio; veja ranking geral do hatches,1,75.61008,-14.609892,False,False,False,False,False
433156,2020,Chevrolet Sonic sairá de linha ainda neste ano sem deixar sucessor,5,1.1914327,13.005981,True,False,False,False,False
423564,2020,Novo Peugeot 308 2021 terá visual agressivo para encarar Golf e Focus,0,16.610172,6.295294,True,True,False,False,False
423887,2020,Novo Toyota Yaris? Versão reestilizada aparece em registro na Argentina,0,-13.057173,46.603703,False,False,False,False,True
440302,2020,"Ford Territory será sorteado em Live Show de Maria Rita, Diogo Nogueira e Rael",4,-52.92312,15.169141,False,False,False,False,True
442200,2020,Novo Hyundai Tucson 2021 muda tudo e surpreende com interior futurista,0,-19.946323,66.08596,False,False,False,False,True
404189,2020,"Semana Motor1.com: Nova Fiat Strada, Renault Duster PCD e mais",0,10.670173,31.385565,False,False,False,False,False
396538,2020,BMW confirma Série 2 Gran Coupé e Mini JCW GP para o Brasil,3,-64.37805,-9.551859,False,False,False,False,False
456853,2020,Honda anuncia scooter Forza 350 e as novas Africa Twin e Fireblade para o Brasil,2,36.984844,48.186684,False,False,False,False,False
444154,2020,Nissan Z Proto resgata origens da família com motor V6 biturbo e câmbio manual,0,-0.5052901,-47.801853,True,False,False,False,False
431518,2020,Honda Civic sobe de preço e não tem mais versão abaixo de R$ 100 mil,2,25.492737,55.821255,False,False,False,False,False
453803,2020,"Black Friday: VW tem taxa zero, descontos e Nivus para PcD por R$ 75.075",4,9.426535,15.04143,False,False,False,False,False
401070,2020,Renault prepara ofensiva emergente com SUV do Kwid e inédito sedã,0,26.182373,-32.99775,False,False,False,False,True
438987,2020,Nissan Versa V-Drive chega às lojas com preços entre R$ 60.990 e R$ 77.990,4,-6.1088247,-47.16002,False,False,False,False,False
456304,2020,Toyota Yaris tem aumento de preços e perde versão manual; veja nova tabela,4,-5.4342694,38.90016,False,False,False,False,False
392085,2020,Novo Volkswagen Golf GTI terá versões de 235 cv e 290 cv,0,-33.5541,26.301966,False,True,False,False,False
431593,2020,Flagra: Novo Volkswagen Golf R 2021 mostra detalhes do interior,0,-34.78679,26.502123,False,True,False,False,False
405119,2020,Hyundai HB20 2020/2020 já troca cor da grade em algumas versões,0,-14.528887,65.164215,False,False,False,False,False
439700,2020,"Marco Silva, Presidente da Nissan do Brasil, fala ao vivo nesta terça às 19h",5,3.010476,-45.16228,True,True,False,False,True
439187,2020,BMW X1 abre vantagem no crescente segmento dos SUVs de luxo; veja ranking,1,77.18698,-23.096134,False,False,False,False,False
408183,2020,"Flagra: Hyundai Santa Fe, ainda recente no Brasil, já prepara mudança",0,-18.793169,64.70708,False,True,False,False,True
423370,2020,Mercedes Classe A Sedan vende mais que o Classe C pela 1ª vez; veja ranking,1,73.35985,-21.831789,False,False,False,False,False
427583,2020,Exclusivo: Picape Renault Alaskan já está no Brasil; veja flagra,0,-11.87029,-55.05031,False,False,False,True,False
393845,2020,Honda CB 250F Twister ganha modelo Special Edition por R$ 14.945,2,36.917484,47.084267,False,False,False,False,False
457279,2020,"Semana Motor1: Desvendamos o novo Logan, andamos no novo Sandero, SW4 2021 e mais",0,-13.132174,40.88814,False,False,False,True,False
461970,2020,VW Fusca celebra 75 anos do inicio de sua produção,5,-12.193137,6.212135,False,False,False,False,False
401799,2020,Novo Porsche 911 Turbo S estreia motor biturbo com 650 cv,4,-32.830296,-47.569176,False,False,False,False,False
396784,2020,Potência x Diversão: é preciso um carro potente para se divertir?,5,-11.33815,-17.81652,False,False,False,False,False
391797,2020,Salão do Automóvel 2020 tem primeira baixa: BMW e Mini,3,-68.33056,-7.2288437,False,False,False,False,False
430699,2020,Toyota Yaris norte-americano sairá de linha no final do ano,0,-12.900866,45.046932,False,False,False,False,False
402314,2020,"VW aumenta preços de Polo, Virtus, T-Cross e Tiguan; veja tabela",4,-21.109667,20.030775,False,False,False,False,False
404511,2020,"Depois da General Motors, Honda pode rever operações na Austrália",2,30.958693,54.365536,False,False,False,False,False
421362,2020,Novo Suzuki Vitara estreia no fim do ano para encarar HR-V e Creta,0,2.3867373,52.906322,True,True,False,False,False
428451,2020,Novo Hyundai Creta de 7 lugares é filmado em testes na Índia,0,-16.140907,68.11787,False,False,False,True,True
438378,2020,Novo Arrizo 6 já emplaca mais que Sentra e Cerato; veja ranking dos sedãs médios,1,75.933075,-12.377835,False,False,False,False,False
422880,2020,"Flagra: Novo Mercedes Classe S 2021 revela design de CLS e ""tablet"" no painel",0,-17.691515,-68.72834,False,False,False,False,False
407084,2020,Nova Fiat Strada 2021 tem diversas versões reveladas em registro,0,20.061073,33.33202,False,False,False,False,False
395871,2020,Troller TX4 automático combina conforto e off-road por R$ 167.530,4,-13.626321,15.207127,False,False,False,False,False
456599,2020,"Ford Bronco Sport 2021 tem consumo revelado e faz até 11,9 km/litro",4,-64.151375,12.34202,True,True,False,True,True
409396,2020,Novo Ford Bronco Sport tem produção adiada e deve atrasar no Brasil,0,-63.946564,15.294688,False,True,False,False,False
446376,2020,Novo Toyota SW4 2021 é registrado no Brasil e chega ainda este ano,0,-21.122145,42.90246,False,False,False,True,True
403562,2020,Novo Ford Bronco aparece em fotos vazadas antes da estreia,0,-62.61628,14.720136,False,True,False,False,False
421777,2020,Flagra: Novo Hyundai Tucson 2021 está praticamente pronto para estrear,0,-20.274502,65.09879,False,True,False,False,True
460737,2020,Projeção: Novo Mitsubishi Outlander 2022 terá design revolucionário,0,11.841206,-36.969994,False,True,False,False,False
450377,2020,Fiat Panda 2021: primo gringo do Uno ganha retoques e versão Sport,4,15.8969145,29.206854,False,True,False,False,False
458882,2020,Hyundai terá nova fábrica de motores em Piracicaba (SP),5,-12.942893,58.77908,False,False,False,False,False
408647,2020,Segredo: Nova Honda CRF 1100L Africa Twin 2020 é registrada no Brasil,2,38.88803,43.788258,False,False,False,False,False
419064,2020,Novo Nissan Kicks vai ganhar motor 1.3 turbo da Renault-Mercedes,0,24.536428,-36.770607,True,True,False,True,True
456395,2020,Kawasaki apresenta novas Ninja ZX-10R e ZX-10RR 2021 inspiradas na WorldSBK,4,40.219807,36.104126,False,False,False,False,False
397159,2020,Nissan Frontier ganha motor 3.8 V6 de 314 cv nos EUA,0,-8.1213045,-51.074177,False,True,False,False,False
408465,2020,Flagra: Novo VW Tiguan 2021 intensifica testes pouco antes da estreia,0,-29.04435,17.47915,False,True,False,False,True
449660,2020,Flagra: Nova Nissan Frontier mostra faróis full-LED e traseira em novas fotos,0,-10.474681,-50.78182,False,False,False,True,False
431993,2020,Flagra: Mini Cooper terá mais um facelift antes de trocar de geração,0,-47.35978,-12.537417,False,True,False,False,True
433004,2020,BMW M8 Gran Coupé Competition chega como o mais caro da marca: R$ 1.136.950,3,-62.000057,-8.960181,False,False,False,False,False
404785,2020,Novo Kia Sorento 2021 terá inédito motor 2.5 turbo e versão híbrida,0,-39.00912,49.86514,True,True,False,True,True
423379,2020,Hyundai Santa Cruz: picape do Tucson tem visual revelado em projeção,0,-22.758276,62.970074,False,False,False,False,True
399106,2020,General Motors oficializa fim da marca Holden na Austrália,5,1.4848039,10.518552,True,False,False,False,False
406510,2020,Grupo PSA nega rumores de que não fará mais fusão com Fiat-Chrysler,5,24.191563,1.5735306,False,False,False,False,False
433395,2020,Hyundai HB20 e HB20S 1.6 ganham novidades na linha 2021,4,-8.327049,64.05756,False,False,False,False,False
457894,2020,Abeifa pede redução do Imposto de Importação para 20%; vendas caem 9%,1,60.595398,4.490976,False,False,False,False,False
420246,2020,Suzuki Jimny mostra como ficaria com 4 portas em projeção,0,4.2989883,53.78968,False,False,False,False,False
452730,2020,Carro por assinatura: Volkswagen lança programa Sign&Drive no Brasil - veja preços,5,-22.002457,17.347166,False,False,False,False,False
440432,2020,"Semana Motor1.com: Os segredos da Nissan, novo WR-V, Polo 2021 e mais",0,-12.597512,18.516504,False,True,False,False,True
462324,2020,Novo Subaru WRX STI 2022 irá ultrapassar os limites de desempenho e tecnologia,0,-9.643986,-13.421892,False,False,False,False,False
444631,2020,Porsche faz dobradinha nas vendas de agosto com 911 e Boxster,1,74.05981,-19.97245,False,False,False,False,False
455698,2020,Hyundai Mistra é sedã com cara do novo Creta para a China,0,-16.37429,65.81271,False,False,False,False,False
429315,2020,BMW M8 Gran Coupé Competition virá ao Brasil com apenas 9 unidades,3,-63.47916,-10.032567,False,False,False,False,False
400780,2020,Hyundai i30 2021 muda design e ganha motor 1.5 turbo de 160 cv,0,-14.299212,63.39264,False,True,False,True,False
442513,2020,Gol e T-Cross fazem Volkswagen liderar vendas diretas em agosto; veja ranking,1,79.52386,11.133492,False,False,False,False,False
439929,2020,"Maurício Greco, diretor de marketing da Ford América do Sul, fala ao vivo nesta quarta às 19h",0,-63.940506,16.34675,False,False,False,False,True
394571,2020,Toyota e Honda anunciam mega recall de 6 milhões de veículos,5,2.0327036,42.567516,False,False,False,False,False
459350,2020,Picape Ford Maverick terá apenas configuração cabine dupla de 4 portas,0,-59.943676,20.160185,False,False,False,True,False
393495,2020,Projeção: VW Tiguan 2021 mostra novo visual baseado no Golf 8,0,-29.637634,10.888096,False,True,False,False,True
455609,2020,Nova BMW S 1000 RR 2021 muda design e fica mais leve e tecnológica,3,-74.38909,-7.403783,False,False,False,False,False
406929,2020,Projeção: Novo Toyota SW4 2021 terá design do Land Cruiser Prado,0,-11.761705,47.63828,False,False,False,True,True
420125,2020,Novo Peugeot 208 2021 deve começar a ser vendido em agosto,0,20.43181,7.8214393,False,False,False,False,False
446234,2020,Novo Kia Sportage 2022 estreia em abril com componentes do Tucson,0,-35.91825,49.750298,True,True,False,True,False
403622,2020,Novo Ford Everest 2021 será mais sofisticado e independente da Ranger,0,-50.57189,19.995323,False,False,False,False,True
462155,2020,VW Up! Xtreme 2021 agora é versão única do subcompacto por R$ 60.090,4,-19.482347,17.960283,False,False,False,False,False
431052,2020,Inédito SUV abaixo do Jeep Renegade estreia em 2022; confira projeção,0,34.91025,-7.137051,False,True,False,False,True
424139,2020,Toyota Corolla tem parcela de R$ 656 e três pagas pela marca em promoção,4,-7.427613,38.634354,False,False,False,False,False
424849,2020,"Semana Motor1.com: Captur turbo, novos City e Yaris, Tarek atrasado e mais",0,-13.843569,47.660034,False,True,False,True,False
434144,2020,Stellantis: definido nome da empresa oriunda da fusão Fiat-Chrysler e Grupo PSA,5,24.898802,1.6680706,False,False,False,False,False
419822,2020,Novo Peugeot 308 deve ganhar versão híbrida com mais de 300 cv,0,16.748243,6.607552,True,True,False,True,False
462172,2020,Ford Mustang Mach-E é destaque em comercial que recria Férias Frustadas de Natal,5,-50.950954,-0.50255185,False,False,False,False,False
449341,2020,VW Amarok V6 com 258 cv tem estreia marcada para o próximo dia 29,0,-34.886917,15.369335,False,False,False,True,False
428282,2020,Chevrolet tem condições especiais e descontos de até R$ 26 mil em junho,4,11.945397,16.513058,False,False,False,True,True
402105,2020,Bugatti Chiron Pur Sport custa R$ 16 milhões e terá apenas 16 unidades,5,-14.342457,-14.384945,False,False,False,False,False
456352,2020,Novo Nissan Note 2021 ganha inspiração no Ariya para encarar Honda Fit,0,-1.5798969,-49.64859,True,True,False,False,True
447318,2020,Novo Peugeot 208 tem descontos de até R$ 5 mil nas concessionárias,4,17.817385,11.275355,False,False,False,False,False
435335,2020,Flagra! Ford Ranger Raptor roda em testes no Brasil,0,-53.64409,29.551794,False,False,False,True,False
430320,2020,Novo Hyundai Creta de 7 lugares poderá ter nome próprio: Alcazar,0,-16.910107,69.13623,False,False,False,True,True
405027,2020,"Renault Sandero GT Line volta ao mercado, mas apenas na Argentina",4,26.450562,-20.999,False,False,False,False,False
429116,2020,Fábrica da Ford em São Bernardo é vendida para construtora por R$ 550 milhões,5,-45.427914,7.362636,False,False,False,False,False
429535,2020,Renault Captur sai de linha após vendas fracas na Índia,0,26.441864,-32.756573,False,False,False,True,True
436877,2020,Novo Peugeot 208 2021 tem produção em série iniciada na Argentina,0,20.506092,7.4796247,False,False,False,False,True
451290,2020,Yamaha MT-09 2021 é revelada com mais potência e novo design,2,46.151394,43.037907,False,False,False,False,False
391343,2020,Troller TX4: versão com câmbio automático custa R$ 167.530,4,-13.558969,15.214774,False,False,False,True,False
434875,2020,Novo Ford Bronco já ganha uma cópia chinesa: conheça o Wey P01,0,-63.32178,14.443466,False,False,False,False,True
414843,2020,Flagra: Será este o novo BMW Série 2 Coupé 2021?,3,-62.95676,-14.182833,False,False,False,False,False
423934,2020,"Nissan Kicks ganha motor 1.3 turbo e câmbio CVT na Índia, mas sem o novo visual",0,24.526777,-36.73546,False,True,False,True,True
426550,2020,"Chegando à América do Sul, picape Renault Alaskan sairá de linha na Europa",0,-12.210407,-55.401146,False,False,False,False,False
445380,2020,"Abortado para o Brasil, Renault Arkana é revelado em versão para a Europa",0,25.161278,-27.214275,True,True,False,False,True
454392,2020,"Semana Motor1.com: 208 vs. Onix e HB20, novo Taos no México, preços da Hilux e mais",0,12.314273,9.41082,False,True,False,False,True
455426,2020,Mercedes-Maybach Classe S 2021 redefine significado de luxo entre sedãs,4,-25.24043,-67.224495,False,True,False,False,False
425835,2020,"Fiat Mobi, Argo e Cronos têm promoção com descontos de até R$ 8 mil",4,14.5732565,19.133833,False,False,False,False,False
459719,2020,Ford oferece toda a linha com 20% de entrada e financiamento em 60 vezes,4,13.847425,15.758157,False,False,False,True,True
423472,2020,Ford Fusion terá produção encerrada em julho,5,-50.596554,10.834737,False,False,False,False,True
447352,2020,Flagra: Novo Jeep Compass roda com menos camuflagem e mostra novo visual,0,42.259624,-8.224322,False,False,False,False,True
414382,2020,Nova Chevrolet S10 pode ganhar motor 2.7 turbo a gasolina,0,-0.84630257,22.621506,False,False,False,True,False
448756,2020,"Novo Peugeot 3008: modelo vai se tornar ""SUV cupê"" na próxima geração",0,17.321613,6.082741,True,True,False,True,True
404014,2020,Projeção: Novo Citroën C4 abandonará nome Cactus e pode ficar assim,0,43.999714,-19.795639,True,True,False,True,False
445867,2020,Segredo: Chery Arrizo 6 aparece com novo visual na China,0,-37.58754,-27.099445,False,False,False,False,False
447122,2020,"Nova RAM 700, rebadge da Fiat Strada, será revelada em poucos dias",0,17.265522,35.614616,False,False,False,False,False
401250,2020,Salão de Genebra é cancelado devido ao coronavírus,5,-3.6282666,-27.739178,False,False,False,False,False
428888,2020,Mitsubishi Pajero Sport muda apenas um ano após o lançamento; veja preços,4,11.252629,-32.875164,False,False,False,True,True
398344,2020,Fiat terá motores turbo e gama renovada com dois SUVs a partir de 2021,0,27.349512,29.512781,False,False,False,False,True
438979,2020,"Citroën anuncia descontos de até R$ 10 mil para C3, C4 Cactus e Jumpy",4,45.76516,-17.37695,False,False,True,True,False
428522,2020,Novo Nissan X-Trail: eis o SUV médio que virá ao Brasil em 2021,4,-5.6713824,-48.109043,False,True,True,False,True
397445,2020,Brasil supera China e se torna 2º maior mercado global da Chevrolet,5,1.4323957,12.463962,False,False,False,False,False
396096,2020,Oficial: Picape Mercedes-Benz Classe X terá producão encerrada em maio,0,-13.089726,-57.29367,False,False,False,True,False
444525,2020,SUVs de luxo mais vendidos: Novo Defender mostra força na estreia,1,77.16167,-23.040302,False,True,False,False,False
392575,2020,Novo Land Rover Discovery Sport 2020 está nas lojas - Veja preços,4,-17.264246,-30.969631,False,False,True,True,True
431376,2020,Novo Jeep Grand Cherokee 2021 deixa escapar detalhes em novo flagra,0,-11.916626,-3.9013948,True,True,False,True,True
403359,2020,Chevrolet Cruze tem preços reduzidos em até R$ 2.440,4,-2.5542943,29.812164,False,False,False,False,False
398160,2020,"Nova Fiat Strada 2021: Depois de flagra, a primeira imagem oficial completa",0,20.193998,32.998966,False,False,False,False,False
460223,2020,Mercedes-AMG GT 63S 4MATIC+ Carbon é versão exclusiva para o Brasil,4,-24.906776,-62.28227,False,False,False,False,False
405243,2020,Novo Tracker: Chevrolet responde VW e segue briga pelas redes sociais,0,-1.7144972,17.36295,False,False,False,False,True
393459,2020,Outlet Nissan dá descontos de até R$ 36 mil para toda a linha,4,-7.400861,-42.339516,False,False,False,True,True
447546,2020,Ford Ranger recebe linha de acessórios inspirados na Storm,0,-53.28697,26.313274,False,False,False,True,False
437784,2020,Gordon Murray T.50 é o sucessor espiritual do McLaren F1 com V12 de 663 cv,5,-0.7992127,-81.54198,True,False,False,False,False
446196,2020,Nova Fiat Strada ganha edição Opening Edition com preço de R$ 92.290,4,15.87448,28.925467,False,False,False,False,False
403542,2020,Salão de Nova York é mais uma vítima do coronavírus e fica para agosto,5,-3.5206847,-28.462175,True,True,False,False,True
409287,2020,Projeção: Mercedes-Benz Classe C 2021 adotará nova identidade da marca,0,-17.712795,-67.90324,True,True,False,True,False
452253,2020,"Novas Toyota Hilux e SW4 2021: vaza lista de equipamentos dos modelos ""Mercosul""",0,-20.824636,43.46086,False,False,False,True,False
442018,2020,Novo Peugeot 5008 2021 atualiza visual e ganha novas tecnologias,4,-34.31674,0.9851789,False,False,False,True,False
438920,2020,BMW confirma inédita perua M3 Touring com primeira imagem oficial,3,-66.43614,-11.291281,False,False,False,False,False
425747,2020,Novos BMW M3 Sedan e M4 Coupe são confirmados para setembro,3,-66.10781,-11.957413,False,False,False,False,False
432177,2020,Volkswagen Nivus: 2º lote de 1.000 unidades também já está esgotado,5,-12.790401,8.987613,False,False,False,False,False
396818,2020,"Hyundai segue Chevrolet, Toyota, BMW e não estará no Salão do SP",5,-5.7443447,-27.809906,False,False,False,False,False
405353,2020,Motorsport Games anuncia parceria com Veloce Esports para transmissão das provas do #NãoÉoGP,5,22.379484,-45.525967,False,False,False,False,False
437793,2020,Novo Jeep Grand Cherokee 2022 terá sete lugares e painel com tela gigante,0,-11.978119,-3.8404016,True,True,False,True,True
430294,2020,Motorsport Network anuncia novo chefe do Motorsport Jobs,5,21.885006,-45.135582,False,False,False,False,False
445464,2020,"Exeed TXL, o Chery Tiggo 8 de luxo, muda na China e pode vir ao Brasil",0,-38.38886,-26.847908,False,False,False,False,True
433182,2020,"Aston Martin DBX, primeiro SUV da marca, começa a ser produzido",5,-8.123417,-9.826097,False,True,False,False,True
443414,2020,Flagra! Nova Nissan Frontier 2021 estreia ainda neste ano,0,-10.384559,-51.012814,False,False,False,True,False
454248,2020,Novo Nissan Versa 2021: veja fotos e equipamentos das versões mais baratas na loja,4,-5.725354,-47.104855,False,False,True,False,False
439417,2020,"Renault Sandero e Logan têm promoção com descontos de até R$ 7,4 mil",4,28.424252,-16.977625,False,False,False,False,False
409082,2020,"Semana Motor1: Nova Strada testada, Amarok cancelada, novos Kicks e SW4",0,-25.337366,39.482555,False,True,False,True,True
451850,2020,Controle de estabilidade e crash-test lateral obrigatórios são adiados para 2024,5,36.86247,-35.08626,False,False,False,False,False
434884,2020,Novo BMW X1 estreia em 2021 como mini X3; projeção antecipa design,3,-59.5283,-15.036139,True,True,False,False,True
440589,2020,Novo Corsa é o rei da Inglaterra pelo segundo mês seguido; veja ranking,1,61.597267,-1.8289083,False,False,False,False,True
450926,2020,Mitsubishi L200 Triton 2021 tem resultado mediano no temido teste do alce,5,9.056252,-34.444294,False,False,False,False,False
507929,2020,Toyota do Brasil anuncia metas ambientais até 2025,5,-15.985849,37.281372,True,True,False,False,False
404099,2020,Ford Bronco tem apresentação adiada por medo do coronavírus,0,-63.772133,14.94773,False,False,False,False,False
409446,2020,Nissan prevê encolhimento e reduz meta de vendas em 1 milhão de carros,5,5.320518,-43.18735,False,False,False,False,True
455372,2020,Mercedes Classe A supera Corsa e Fiesta no Reino Unido e é 1º premium a liderar,1,61.63548,-1.6281626,False,False,False,False,False
396945,2020,Kia Sonet estreia como menor SUV da marca,0,-37.018738,52.659035,False,False,False,True,True
428473,2020,Peugeot 308 recebe última reestilização antes de nova geração,0,16.838015,7.1278944,False,True,False,True,False
409689,2020,Peugeot 3008 sobe mais de R$ 30 mil em um ano e agora parte de R$ 170.090,4,16.817274,10.776758,False,False,True,False,False
409603,2020,Novo Kia Optima: versão híbrida marcará retorno ao Brasil,0,-38.788857,50.375202,False,True,False,False,False
418843,2020,Nova Toyota Hilux 2021 pode ter estreia mundial adiada,0,-21.802904,43.328014,False,False,False,True,False
456551,2020,Hyundai Bayon será mini-SUV derivado do Venue para o mercado europeu,0,-16.253817,66.04263,False,False,False,False,True
437379,2020,Volkswagen Tarok está em estudos para os Estados Unidos,0,-37.85336,10.185383,True,False,False,False,False
407137,2020,Renault Clio destrona VW Golf e assume liderança na Europa,1,62.452427,-5.8055496,True,True,False,False,True
443011,2020,Projeto Tarek: VW confirma revelação do SUV anti-Compass para outubro,0,-27.216526,11.857417,False,False,False,False,True
398131,2020,SUVs em janeiro: Toyota RAV4 se aproxima do vice-líder VW Tiguan,1,79.02183,-8.5374365,False,False,False,True,False
454050,2020,Novo Peugeot 208 já recebe aumento de preços e chega a R$ 95.990,4,17.937437,11.059366,False,False,False,False,False
410445,2020,"Ferrari LaFerrari atinge 372 km/h numa deserta e ""sem limite"" Autobahn",5,15.026337,-64.67713,True,True,False,False,False
443060,2020,Nova geração do Mercedes-Benz Classe C tem estreia confirmada para 2021,0,-19.86801,-68.15849,True,True,False,False,False
445981,2020,Novo Chevrolet Equinox RS 2021 é lançado com visual esportivo na China,0,-3.99339,20.223722,False,False,False,False,True
425451,2020,Mini Countryman 2021 estreia com visual renovado e mais equipamentos,4,-45.346573,-11.222439,True,True,False,False,True
433636,2020,"Chevrolet Equinox perderá motor 2.0 turbo do Camaro, diz site",0,-4.074099,18.563173,False,False,False,True,True
405364,2020,BMW paralisa produção em Santa Catarina até 22 de abril,3,-71.59484,-14.34949,False,False,False,False,False
431273,2020,Flagra: Honda City Hatch intensifica testes para estrear no 2º semestre,2,23.775005,59.312958,False,False,False,False,False
441969,2020,Chery Tiggo 8 Plus é nova versão com visual exclusivo e refinamento extra,4,-38.937862,-26.811277,False,False,False,False,True
392348,2020,FCA testará pedidos do McDonald´s pela central multimídia no Brasil,5,13.482257,-0.6106988,False,False,False,False,False
414420,2020,Ford Bronco Sport 2021: rival do Compass exibe detalhes em novo flagra,0,-62.59049,13.972691,False,False,False,False,True
445930,2020,Projeção: VW Nivus GTS seria a versão com motor 1.4 turbo do crossover,0,-24.680368,17.337769,False,False,False,False,False
414473,2020,Hyundai manterá fábrica em Piracicaba fechada até 27 de maio,5,-13.003659,58.512802,False,False,False,False,False
391983,2020,Chevrolet Onix e Onix Plus ficam até R$ 1.900 mais caros; veja tabela,4,-0.30359393,28.213879,False,False,False,False,False
439541,2020,"Mahindra Thar 2021: "" Baby-Wrangler"" indiano ganha nova geração",4,-13.511366,14.923331,False,False,False,True,False
456558,2020,Novo Toyota SW4 pode ter versões GR Sport esportiva e Diamond com outro visual,0,-19.182428,44.135143,False,False,False,True,True
404398,2020,Novo Chevrolet Tracker 2021: compare lista de equipamentos com rivais,4,-0.16750865,29.279896,False,False,False,False,False
452994,2020,Novas Toyota Hilux e SW4 2021 têm apresentação confirmada para o próximo dia 17,0,-20.66175,43.13695,False,False,False,True,True
444305,2020,"Nova Ferrari Portofino M é evolução do cupê-conversível, agora com V8 de 620 cv",4,15.247549,-63.89006,False,False,False,False,False
450958,2020,Latin NCAP: novo protocolo inclui teste do alce e já está em vigor,5,40.502964,-36.97331,False,False,False,False,False
403815,2020,Caoa Chery Arrizo 5 2021 ganha novo câmbio CVT e parte de  R$ 74.590,4,-41.349297,-26.57606,False,False,False,False,False
446854,2020,Novo BMW Série 4 Conversível repete design agressivo do irmão Coupé,3,-61.535473,-9.838226,False,True,False,False,False
454905,2020,Nissan nega rumores sobre vender sua participação na Mitsubishi,5,7.673759,-40.227676,False,False,False,False,False
431383,2020,Primeiro rally de carros na Itália após pandemia esgota entradas em tempo recorde,5,-2.295086,-10.275608,False,False,False,False,False
425795,2020,Preparadora fará Nissan Frontier com motor do GT-R de 1000 cv,5,-4.048034,-37.421852,False,False,False,False,False
448868,2020,Novo VW Golf GTI Clubsport tem 300 cv e modo de condução para Nürburgring,0,-34.733288,29.920774,False,True,False,False,False
399150,2020,"Recém-lançado no Brasil, Kia Rio já testa reestilização no exterior",0,-35.885754,47.803482,False,False,False,False,True
453712,2020,"S10 supera Hilux, e Toro tem melhor venda de 2020; veja ranking",1,79.45531,-13.068575,False,False,False,False,False
462888,2020,Nova Chevrolet Silverado prepara estreia para amanhã (30/12) na Argentina,0,0.29355365,21.991621,False,False,False,True,False
448265,2020,"BMW 320i GP 20/21 tem promoção com entrada de R$ 64.485 e taxa de 0,82%",3,-72.02258,-1.3668523,False,False,False,False,True
457774,2020,Novo Audi A5 Sportback já está em pré-venda no Brasil por R$ 284.990,4,-50.3777,-36.319862,False,True,False,False,False
425751,2020,Salão de Genebra 2021 pode ser cancelado e voltar somente em 2022,5,-3.689483,-27.925756,False,False,False,False,False
398138,2020,Volvo e Geely estudam fusão para ampliar sinergias,5,0.34327126,-18.591715,True,False,True,False,False
436457,2020,Nova Chevrolet S10 Cabine Simples 2021 é lançada por R$ 167.200 em versão única,4,-2.3755548,27.213415,False,False,False,True,False
421966,2020,"Cães no carro fazem as pessoas dirigir com mais cuidado, diz estudo",5,4.4524484,-10.740633,False,False,False,False,False
427199,2020,Novo VW Golf volta a ser entregue após problema em software de segurança,5,-1.6303998,-80.67365,False,False,False,False,False
399345,2020,Flagra: Novo Sandero 2021 aparece agora na versão Stepway,0,23.671879,-30.979609,False,True,False,True,False
433396,2020,"Honda Civic, Accord e HR-V têm recall por falha na bomba de combustível",2,31.636698,52.804596,False,False,False,False,False
397867,2020,Vendas de sedãs: Cruze toma segunda posição do Civic em janeiro,1,74.98037,-10.97289,False,False,False,False,False
403784,2020,Novo Volkswagen Nivus mostra multimídia inédita e fica para 2º semestre,0,-24.295748,14.609392,False,False,False,False,False
460866,2020,Bentley Bacalar testa protótipo que chega a 322 km/h,5,-8.530536,-11.344931,False,False,False,False,False
404424,2020,Novo Duster chegará à Argentina já com motor 1.3 turbo e tração 4x4,0,29.646265,-25.455797,False,False,False,False,True
456805,2020,Nova Ferrari 488 GT Modificata é um monstro de 708 cv feito para as pistas,5,14.853204,-62.83864,False,False,False,False,False
410353,2020,Hyundai Creta recebe últimos retoques antes da nova geração na Rússia,0,-18.288324,68.64472,False,False,False,False,True
427415,2020,Mercado: vendas sobem 50% na primeira semana de junho e apontam recuperação,5,37.32013,15.00265,False,False,False,False,False
396264,2020,"Mais vendidos em janeiro: Onix segue domínio, e agora em dose dupla",1,73.957794,20.011417,False,False,False,False,False
438727,2020,Novo Volkswagen Golf R 2021 revela traseira em novo flagra,0,-35.355648,27.865278,False,True,False,False,False
438738,2020,Caoa Chery Tiggo 8 é lançado em versão única com preço promocional de R$ 156.900,4,-39.88359,-28.193295,False,False,False,False,True
436122,2020,Nova Chevrolet S10 2021 recebe itens de segurança e muda visual; veja preços,4,-2.1219168,28.221388,False,False,True,True,True
392591,2020,Renault HBC: SUV compacto para emergentes é flagrado pela primeira vez,0,26.238468,-32.763863,False,False,False,False,True
399595,2020,Papo de entusiasta: Quão reais são os simuladores de corridas?,5,3.4455285,-13.870489,False,False,False,False,False
449394,2020,Flagra! Nissan Magnite é pego sem camuflagem e chega ao Brasil em 2022,0,-1.9776466,-52.25529,False,False,False,False,False
405645,2020,Novo Kia Picanto 2021 aparece na Europa com visual renovado,0,-36.775288,49.495625,False,False,False,False,False
392654,2020,"Caoa Chery Tiggo 2, Tiggo 5x e Arrizo ficam até R$ 4.600 mais caros",4,-39.731377,-29.052889,False,False,False,False,False
444340,2020,"Hyundai Santa Cruz, a picape do Tucson, é antecipada em nova projeção",0,-22.718616,62.99623,False,False,False,False,True
436911,2020,Nova Triumph Street Triple RS 2020 é lançada no Brasil por R$ 54.990,4,40.263012,36.909996,False,False,False,False,False
410621,2020,Novo Ford Mustang pode ter motor V8 híbrido e tração integral,0,-52.640697,-0.8103615,True,True,False,False,True
426572,2020,Chevrolet S10 e Trailblazer 2021: modelos reestilizados estrearão primeiro no Brasil,0,-3.3480606,23.540123,False,False,False,True,True
451468,2020,Picape Peugeot Landtrek será lançada na América Latina em 24 de novembro,0,24.359943,8.133106,False,False,False,True,False
399328,2020,Líder em transformação digital é o novo Chefe de Operações da Motorsport Network,5,21.894382,-45.48714,False,False,False,False,False
443603,2020,Fiat Argo 2021 ganha novo logo e perde versão 1.8 Precision - veja preços,4,17.463778,27.470848,False,False,True,False,False
399507,2020,Teasers: Novo Chevrolet Tracker 2021 será lançado em 17 e 18 de março,0,3.4969645,26.580153,False,False,False,False,False
432987,2020,Hyundai Creta Limited 1.6 2021 traz itens da versão Prestige 2.0 por R$ 99.990,4,-8.915663,64.64145,False,False,False,False,True
405893,2020,Novo Volkswagen Golf 2020 é registrado no Brasil em diversas versões,0,-35.151886,27.685137,False,True,False,False,False
460935,2020,RAM 1500 TRX: picape mais potente do mundo começa a ser produzida em série,4,10.492065,39.851673,False,False,False,False,False
447759,2020,"Novo Compass 2022 evoluirá em design, tecnologia e desempenho, diz executivo",0,40.23796,-6.751057,True,True,False,True,True
395421,2020,Novo Chevrolet Tracker é registrado no Brasil às vésperas da estreia,0,3.2752795,25.338968,False,False,False,False,True
404039,2020,Hyundai Elantra terá versão esportiva com motor 2.0 turbo de 275 cv,0,-15.118456,62.98372,False,False,False,False,False
407640,2020,Vendas em março: Volkswagen encosta de vez na Chevrolet,1,75.30115,-16.811693,False,False,False,False,False
447757,2020,Caoa Chery Arrizo 5 e Tiggo 2 têm descontos de até R$ 3.500,4,-40.71306,-29.608027,False,False,False,False,True
404271,2020,Jeep Renegade e VW T-Cross disputam liderança entre SUVs na 1ª quinzena,1,74.28844,20.224792,False,False,False,False,False
422901,2020,Porsche 911 surpreende com quarto lugar nas vendas de importados em abril,1,60.639572,4.4713902,False,False,False,False,False
403071,2020,VW Amarok cresce mais de 20% e ameaça S10 em fevereiro,1,79.40993,-13.099264,False,False,False,True,False
433526,2020,Ranking dos SUVs médios e grandes mais vendidos: Compass amplia vantagem,1,79.09901,-8.365924,False,False,False,False,False
457635,2020,Peugeot 208 no top 5 e Cruze à frente do Corolla; veja vendas na Argentina,1,72.04426,9.369973,False,False,False,False,False
457667,2020,"Volkswagen Gol, Saveiro e Voyage ficam até R$ 3,1 mil mais caros",4,-18.43341,20.121328,False,False,False,False,False
392024,2020,Toyota está desenvolvendo SUV compacto baseado no Yaris,0,-7.5145993,46.084568,False,True,False,False,True
436686,2020,Novo Peugeot 208 SW: projeção sugere estilosa perua como opção ao 2008,0,17.94097,6.3998556,False,False,False,False,True
448714,2020,Honda Accord 2021 recebe retoques visuais e pacote tecnológico atualizado,4,21.95972,53.665318,False,False,True,False,False
444735,2020,"Projeção: Hyundai terá ""SUV raiz""  para enfrentar Toyota - e ele pode ser assim",0,-19.72123,62.092976,False,False,False,False,True
441189,2020,Nova geração do Kia Sportage aparece em testes pela primeira vez,0,-37.176064,50.24728,True,False,False,False,False
437427,2020,"Ford: Jim Hackett, responsável pela reestruturação da marca, deixará o cargo",5,0.118905544,-80.79567,False,False,True,False,False
447732,2020,Fiat Grand Siena 2021 ganha versão de entrada por R$ 51.290,4,16.627943,26.035744,False,False,False,False,False
443607,2020,Flagra! Novo Jaguar F-Pace será reestilizado ainda este ano,0,-15.574375,-26.940607,True,True,False,True,True
452539,2020,"AMG indiano? Sim, divisão esportiva da Mercedes-Benz começa a fabricar na Índia",5,-21.705584,-61.23517,False,False,False,False,True
405640,2020,Onix supera Hilux de novo e passa a liderar também na Argentina,1,71.6712,9.576405,False,False,False,False,False
428099,2020,Ranger supera S10 e encosta nas vendas da Hilux; veja ranking,1,79.50733,-13.188459,False,False,False,False,False
408657,2020,Nova Nissan Frontier 2021 para os EUA terá design forte e motor 3.8 V6,0,-6.982633,-52.28106,False,False,False,False,False
409144,2020,Projeção: Como será a Strada exportada para o México como Ram 700,0,16.928295,35.84527,False,False,False,False,False
430478,2020,Câmara aprova texto-base que aumenta validade da CNH para 10 anos,5,12.404662,-12.881573,False,False,False,False,False
397224,2020,Novo BMW Série 4 deve polemizar com grade gigantesca; veja flagra,3,-61.106144,-14.307844,False,False,False,False,True
405657,2020,Renault suspende produção no Paraná até 14 de abril,5,17.387028,-21.239256,False,False,False,False,False
393037,2020,Picape Volkswagen Tarok aparece em registro e será lançada em 2021,0,-34.276783,10.483035,False,False,False,False,True
452497,2020,"Mecânica Online: Divisão ""CSI"" da Volvo completa 50 anos a serviço da segurança",5,4.9876246,-5.4167967,True,True,False,False,False
454292,2020,Volvo joga carros de 30 metros de altura em teste de colisão; assista ao vídeo,5,38.349792,-34.372646,False,False,False,False,False
393798,2020,Novo Volkswagen Golf GTI aparece antes da hora nas redes sociais,0,-35.26751,29.584599,False,True,False,True,False
420693,2020,Novo Nissan Kicks 2021 ganha data para a estreia oficial,0,0.1418164,-51.474598,True,True,False,False,True
427601,2020,Nissan anuncia datas para retomada da produção no Brasil e Argentina,5,5.2234216,-46.064373,False,False,False,False,True
458484,2020,Volkswagen Jetta fica até R$ 5.000 mais caro em novo reajuste de preço,4,-19.279675,20.259342,False,False,False,False,False
450636,2020,Nissan celebra 20 anos de Brasil com mais de 880 mil veículos vendidos,5,5.6881027,-45.33036,False,False,False,False,True
441447,2020,Nissan Frontier X-Gear argentina antecipa nova grafia da nossa Attack 2021,4,-8.983698,-48.619827,False,False,False,True,False
455197,2020,Primeiro contato: Novo Subaru BRZ 2022 fica mais potente e melhor na pista,0,-13.561329,-13.887248,False,False,False,False,False
419710,2020,Tesla Model 3 só perde para o Golf nas vendas de março na Europa,1,61.708576,-2.0001016,False,True,False,False,False
460849,2020,VW Taos nas alturas: marca testa novo SUV a mais de 4.000 metros de altitude,0,-27.810665,13.142002,False,False,False,False,True
407646,2020,Toyota Etios tem fim de linha anunciado... na  Índia,0,-12.700756,39.483685,False,True,False,True,False
442351,2020,Novo VW Tiguan X é irmão maior do Nivus para o mercado chinês,0,-27.356525,10.581532,False,False,False,False,True
420554,2020,Novo Citroën C4 estreia no dia 30 de junho para substituir C4 Cactus,0,43.737286,-19.738688,True,True,False,False,False
426954,2020,Novo Toyota SW4 2021 ganha refinamento e motor turbodiesel mais potente,0,-20.485222,42.482906,False,False,True,True,True
448499,2020,Novo Hyundai Santa Fe 2021 liga pelo celular e estaciona sem ninguém no comando,0,-14.870743,64.21904,True,True,False,False,True
418882,2020,Nova Ford F-150 2021 começará a ser produzida em setembro,0,-55.875317,23.458933,False,True,False,True,False
390982,2020,Ka bate HB20 e conquista inédita segunda posição em 2019; veja ranking,1,84.04395,7.587438,False,False,False,False,False
454065,2020,Novo Honda Fit com airbag central ganha nota máxima em teste de colisão,2,27.721294,52.722076,False,True,False,False,False
434835,2020,Flagra: Toyota Yaris reestilizado (2021) será revelado no dia 25 de julho,0,-13.077144,46.733116,False,False,False,False,False
441022,2020,"Novo Ford Bronco terá versão Raptor, revela ""sem querer"" engenheiro da marca",0,-60.811638,14.854333,False,False,False,False,False
449678,2020,Projeção: Novo Kia Sportage 2022 será revelado em abril com visual revolucionário,0,-37.152077,50.116962,False,True,False,True,True
433899,2020,"Pablo Di Si, Presidente e CEO da Volkswagen, fala ao vivo nesta terça às 19h",5,-16.82334,5.1758714,False,False,False,False,False
392816,2020,Toyota divulga teaser e confirma SUV compacto baseado no Yaris,0,-7.5915065,46.11563,False,True,False,False,True
454342,2020,Chery Arrizo 6 ganha retoques no visual e novos itens de segurança,4,-34.61895,1.1524341,False,False,True,False,False
425803,2020,Novo Volkswagen Nivus 2021 é revelado e chega às concessionárias no fim de junho,4,-23.209036,20.391205,False,False,False,False,False
452886,2020,XC60 e XC40 fazem Volvo crescer 30% nas vendas; veja ranking dos importados,1,60.601353,4.4856095,False,False,False,False,False
420082,2020,Renault diz que picapes grandes são sonho antigo de designers europeus,5,22.019978,-29.2806,False,False,False,False,False
420562,2020,Lamborghini Huracán Evo RWD Spyder une tração traseira e capota de abrir,4,-16.41627,-15.060726,False,False,False,False,False
395721,2020,Abeifa presta esclarecimento sobre situação da Lifan no Brasil,5,-2.2795305,-6.361439,False,False,False,False,False
402321,2020,Honda WR-V 2021 aparece antes da hora com visual retocado,2,23.742834,60.350746,False,False,False,True,False
438595,2020,Flagra: Chery Tiggo 2 aparece com cara de Hyundai Creta na China,0,-38.45378,-28.46972,False,False,False,False,False
431735,2020,Chevrolet Onix volta ao topo das vendas na Argentina; veja ranking,1,72.17401,9.309259,False,False,False,False,False
414020,2020,Volvo cortará facelifts e projetos de pesquisa para reduzir custos,5,-1.6752223,-12.049618,True,False,True,False,False
429328,2020,"Flagra no atacado! Novos Audi RS Q8, RS Q3, RS7 e RS6 2021 desembarcam no Brasil",4,-51.56612,-34.969437,False,True,False,False,True
425762,2020,Nissan 400Z: sucessor do 370Z é confirmado e ganha teaser em vídeo,0,0.14821261,-47.603794,False,False,False,False,False
432388,2020,"Vendas por estados: HB20 domina centro-oeste, SUVs são os preferidos em SP",1,71.73155,17.086573,False,False,False,False,False
399752,2020,Volkswagen T-Cross Sense (versão PCD) tem vendas suspensas,5,-20.202122,17.469576,False,False,False,False,False
440340,2020,Novo Peugeot 208: primeiro lote sai da Argentina com destino ao Brasil,0,20.057264,7.3328195,False,False,False,False,False
460275,2020,BMW Z3 completa 25 anos de história; relembre trajetória,3,-64.18634,-9.760929,False,False,False,False,False
459239,2020,Flagra: Novo Mitsubishi Outlander 2022 adota design de carro-conceito,0,11.366901,-35.089596,True,True,False,False,True
437536,2020,Mercedes-Benz Motorsport lança canal dedicado no Motorsport.tv,5,22.595093,-44.908577,False,False,False,False,False
429553,2020,Chevrolet Colorado 2021 estreia com visual semelhante ao da nova S10 nacional,0,-2.5932572,23.165384,False,False,False,False,True
452553,2020,Eleição nos EUA: como isso afetará o mundo automotivo?,5,1.0304112,6.5430946,True,False,False,False,False
463620,2020,Chevrolet Silverado é apresentada na Argentina e deve vir ao Brasil em 2021,0,0.32591927,21.976955,False,False,False,True,False
448001,2020,Honda Ridgeline 2021: picape monobloco ganha facelift e fica mais robusta,2,22.942919,55.601757,False,False,False,False,True
397471,2020,Renault Duster ganhará motor 1.3 turbo sem trocar de geração na Índia,0,30.171627,-24.801779,False,False,False,True,True
432012,2020,Nissan Frontier Attack passa a ser oferecida nas cores azul marinho e cinza,4,-8.770849,-48.209915,False,False,False,True,False
394743,2020,Kia Sonet: SUV compacto rival do EcoSport aparece em primeiros teasers,0,-36.941692,52.25211,False,False,False,True,True
391288,2020,Vendas por estados em 2019: Onix só perde em 3 locais,1,71.642235,17.55549,False,False,False,False,False
440132,2020,Novo Chevrolet Equinox estreará em 2024 com base mais refinada do Tracker,0,-3.606282,16.800228,True,True,False,False,True
420858,2020,Chevrolet Onix recua quase 70% e reduz vantagem sobre HB20 nas vendas em abril,1,75.44545,-14.414694,False,False,False,False,False
452305,2020,Toyota Corolla 2021 tem promoção com parcelas a partir de R$ 899,4,9.058398,16.13498,False,False,False,True,False
406376,2020,Como cuidar do seu carro parado durante a quarentena - e depois dela,5,5.3619,-12.013361,False,False,False,False,False
424815,2020,Honda produz último carro na Argentina e terá apenas modelos importados,2,29.749895,47.355915,False,False,False,False,True
396484,2020,Volkswagen T-Cross indiano retoma nome Taigun,0,-25.318623,12.77238,False,False,False,False,False
399321,2020,Toyota Etios sairá de linha em março (na Índia) sem deixar sucessor,0,-12.72155,39.47648,False,False,False,True,True
431535,2020,Salão de Genebra 2021 é cancelado e evento será vendido,5,-3.6213417,-27.724293,False,False,False,False,False
432227,2020,"Dodge Journey sairá de linha neste ano, mas a marca promete novidades no Brasil",5,-10.09818,-8.841329,False,False,False,False,True
458899,2020,Flagra: Kia Rio reestilizado já roda em testes no Brasil,0,-35.892197,47.833878,False,True,False,False,False
458123,2020,Fiat Strada e VW Gol comandam vendas diretas em novembro; veja ranking,1,79.39643,11.119776,False,False,False,False,False
439934,2020,Novo Nissan Versa chega à Argentina em 5 versões; Brasil aguarda novembro,4,5.208292,-48.693237,False,False,False,False,False
394321,2020,Flagra: Toyota Hilux e SW4 já testam nova reestilização para breve,0,-21.48142,43.544216,True,True,False,True,True
451153,2020,Bugatti Bolide é supercarro de 1.850 cv feito para superar os 500 km/h,5,-17.120697,-15.264016,False,False,False,False,False
456643,2020,"Assistentes de condução aumentam o risco de distrações, revela estudo",5,5.452824,-9.500803,False,False,True,False,False
397490,2020,Flagra: Hyundai Santa Fe já prepara facelift e terá versão híbrida,0,-18.668161,64.64743,True,True,False,False,True
419495,2020,"Semana Motor1.com: Toyota Corolla Cross, preços do Nivus, planos da Jeep...",0,-4.665797,45.49312,False,True,False,False,True
399822,2020,"Volkswagen Jetta, Amarok e Fox ficam até R$ 5.000 mais caros",4,-18.06868,20.534252,False,False,False,True,False
440597,2020,Novo Chevrolet Equinox vai conviver com a geração atual nas lojas,0,-3.6101093,16.854372,False,False,False,False,False
407431,2020,Novo Chevrolet Equinox 2021 e outras reestilizações têm estreia adiada,5,-3.0743535,16.084639,True,False,False,False,True
430117,2020,BMW X5 M50i inicia pré-venda nacional no Facebook por R$ 628.950,3,-64.89632,-8.826613,False,True,False,False,True
451867,2020,Ford conclui venda da fábrica em São Bernardo do Campo,5,-45.410446,7.347444,False,False,False,False,False
457699,2020,Onix Plus se aproxima do hatch e é destaque nas vendas de novembro; veja ranking,1,72.469864,20.222954,False,False,False,False,False
395949,2020,Hyundai HB20 ganha ESP como opcional nas versões de entrada,4,-7.3438015,63.138042,False,False,False,False,False
440479,2020,"Chevrolet Silverado voltará ao Brasil em 2021, diz site",0,0.25627613,22.03335,False,False,False,True,False
433727,2020,Ford Bronco Sport 2021 é o novo SUV médio da marca que será vendido no Brasil,0,-63.168392,13.596996,False,False,False,False,True
410281,2020,Volkswagen anuncia retomada da produção no Brasil para maio,5,-11.835193,4.7399106,False,False,False,False,False
396129,2020,Novo Land Rover Defender já está à venda no Brasil... feito de LEGO,0,-16.590054,-30.84205,False,False,False,False,True
459583,2020,"Novo Sandero basicão ""assusta"" no visual, mas dá show na segurança",4,28.237501,-20.592455,False,False,False,False,False
456575,2020,Nissan X-Terra: SUV da Frontier retorna com design renovado para enfrentar o SW4,0,-8.711695,-49.720257,False,False,False,False,True
427565,2020,Novo VW Nivus 2021 começa a ser produzido e chega às lojas ainda em junho,0,-22.938608,13.758963,False,False,False,False,False
437855,2020,"Ford Territory chega elevando nível de conforto, tecnologia e conectividade",4,-32.39855,-0.7576966,False,False,True,False,True
399589,2020,Nissan testa sistema de locação de carros no Brasil,5,2.6435082,-44.63134,False,False,False,False,False
402849,2020,"Semana Motor1.com: Novo Tracker PCD, Salão cancelado, Novo Duster...",0,-14.997719,-2.6956592,False,True,False,False,False
420694,2020,Novo Tracker lidera e Duster é pódio dos SUVs compactos em abril; veja ranking,1,76.36028,-5.661713,False,False,False,False,False
408168,2020,"Vendas: Mobi, Uno e Argo foram os únicos hatches ""imunes"" ao coronavírus",1,75.87058,-14.979757,False,False,False,False,False
455207,2020,"Nova RAM 700, clone da Fiat Strada, chega ao México por R$ 63.700",4,15.104296,36.32626,False,False,False,False,False
447563,2020,Toyota Etios perde versão X e motor 1.3 dois meses após lançamento da linha 2021,4,-5.7820034,38.53192,False,False,False,False,False
434647,2020,Esportivos em junho: Porsche 911 lidera por quase 40% dos emplacamentos,1,74.12651,-19.91373,False,False,False,False,False
409111,2020,Novo Nissan Kicks 2021: veja o que muda em relação ao atual,0,0.16544965,-51.350437,True,True,False,False,True
395957,2020,VW Polo e Virtus alcançam 300 mil unidades produzidas no Brasil,0,-20.865984,14.546673,False,False,False,False,False
445482,2020,Lada Niva ganha série especial feita na Alemanha que os russos não podem comprar,5,-0.8584166,-80.98453,False,False,False,False,True
449994,2020,Bugatti divulga teaser e atiça curiosidade sobre modelo com lanternas em X,5,-12.984659,-10.235811,False,False,False,False,False
451842,2020,Vídeo: Ferrari 812 Superfast perde controle e quase atropela ciclista em Londres,5,15.348024,-61.904133,False,False,False,False,False
459721,2020,SUVs mais vendidos: Caoa  Chery Tiggo 8 e Tiggo 7 se destacam em novembro,1,78.935265,-7.9115744,False,False,False,False,False
434123,2020,Mercedes-AMG GT Black Series é versão super preparada com V8 de 730 cv,4,-25.092623,-61.747993,False,False,False,False,False
435148,2020,Novo Toyota Yaris 2021 mostra dianteira com facelift em inédito teaser,0,-11.79747,47.41621,False,False,False,False,False
394067,2020,Fiat Mobi sobe de preço e deixa de ser o carro mais barato do Brasil,4,14.110707,23.928074,False,False,False,False,False
452560,2020,É uma questão de estilo,5,19.560904,-48.35912,False,False,False,False,False
426564,2020,"Novo BMW Série 4 estreia com grade polêmica, sistema híbrido e melhor dinâmica",3,-57.950165,-8.13513,False,True,True,False,False
442168,2020,"Cotados para o Brasil, Renault Kiger e Nissan Magnite finalizam testes juntos",0,24.817202,-34.96161,False,False,False,False,False
427861,2020,Toyota Hilux 2021 vai acelerar de 0 a 100 km/h em 10 segundos e terá som da JBL,0,-21.625475,42.75574,False,False,False,True,True
404630,2020,VW T-Cross Comfortline e Highline agora têm painel digital de série,4,-22.848398,21.052132,False,False,False,False,True
405853,2020,Novo Peugeot 2008 2021 é registrado no Brasil,0,19.032415,7.990571,True,False,False,True,True
441997,2020,Strada supera HB20 e conquista vice-liderança nas vendas de agosto; veja ranking,1,73.44659,20.397757,False,False,False,False,True
451780,2020,Novo Volkswagen Golf R será o mais potente já feito e estreia dia 4 de novembro,0,-34.256527,27.573782,False,True,False,False,False
443901,2020,Novo Honda HR-V 2022 mostra visual de cupê em primeiro flagra,2,26.459845,60.71098,True,False,False,False,True
447591,2020,"Jeep anuncia reality show de desafios com Renegade, Compass e companhia",5,38.0605,-3.4366033,False,False,False,False,False
406374,2020,"Enquanto Brasil para, China reabre concessionárias após coronavírus",5,-8.373704,-0.11703603,False,False,False,False,False
402298,2020,Projeção: Ford F-150 ganhará nova cara antes de vir ao Brasil,0,-55.588,23.251228,False,True,False,False,False
444760,2020,Mais vendidos na Alemanha: Mercedes-Benz GLC cresce e conquista o pódio,1,60.771877,-3.9892578,False,False,False,False,False
406971,2020,Carro parcelado: como adiar prestações por conta da Covid-19,5,13.195706,-5.09661,False,False,False,False,False
426947,2020,Ford Ranger surpreende e lidera vendas em dois estados; veja ranking,1,71.76106,17.111147,False,False,False,False,False
444137,2020,Toyota Corolla Cross é registrado na Argentina e chega ao Brasil em março,0,-7.9587026,43.25989,False,True,False,False,True
436672,2020,"Caoa Chery Arrizo 6: já nas lojas, anti-Corolla chinês se destaca pelo acabamento",4,-39.983944,-23.912512,False,False,False,False,False
430340,2020,BMW é a primeira marca premium a criar perfil no Tik Tok,3,-69.04747,-13.294851,False,False,False,False,False
396718,2020,Picape Hyundai Santa Cruz faz testes de inverno e chega em 2021,0,-22.11455,63.07464,False,False,False,False,False
395872,2020,Novo Seat Leon é um Golf 8 com estilo mais descolado e preço menor,0,-31.469606,23.942331,True,True,False,True,False
449688,2020,Nova geração do Renault Duster será antecipada para 2024,0,27.286257,-28.668196,False,True,False,True,True
394101,2020,Fiat Argo fica mais barato e perde câmbio GSR; veja preços,4,17.407627,23.19676,False,False,False,False,False
399156,2020,Cronograma Ford: Bronco será revelado em março e Maverick em abril,0,-63.656616,15.839993,False,False,False,False,False
443674,2020,Nissan: estúdio de design expande trabalhos para além do setor automotivo,5,2.0293617,-42.959057,False,False,False,False,False
428937,2020,Mini só no nome: marca terá dois novo SUVs maiores que o Coutryman até 2024,3,-59.759514,-16.139185,False,False,False,False,True
446617,2020,"Chevrolet Equinox ganhará novo motor 2.0 turbo, mas perderá potência",0,-4.554144,18.01039,False,False,False,False,True
436033,2020,Nova Chevrolet S10 2021 será revelada amanhã (28) com direito a show sertanejo,0,-2.519971,23.088974,False,False,False,True,True
428677,2020,"Semana Motor1.com: Nova L200, Alaskan e Corolla Cross flagrados, Tiggo 8 e mais",0,-10.802487,26.961536,False,False,False,False,True
407353,2020,Chevrolet estende prazos de revisão e garantia durante isolamento,5,-3.4940765,11.828066,False,False,False,False,False
398937,2020,Volkswagen Golf GTD ganha teaser antes da estreia em março,5,-2.3224514,-80.676346,False,False,False,True,False
457429,2020,"Novo Jeep de 7 lugares deve adotar motor turbodiesel mais potente, com 200 cv",0,40.747368,-7.785571,False,False,False,True,True
454742,2020,Novo Jaguar F-Type 2021 é lançado no Brasil com preço inicial de R$ 404 mil,4,-19.65366,-18.0046,False,False,False,False,False
402090,2020,Ford substitui Toyota como patrocinadora oficial da Copa Libertadores,5,-52.111008,9.26496,False,False,False,False,False
434155,2020,BMW GS completa 40 anos com ebook que conta a história da linha,3,-73.43421,-8.779653,False,False,False,False,False
445268,2020,Salão de Detroit 2021 é adiado para setembro,5,-0.49313083,-80.702835,False,False,False,False,False
423950,2020,"Nova Ford Ranger Thunder é tipo a versão Storm, só que para a Europa",0,-52.918552,28.421204,False,False,False,True,False
442592,2020,Segredo: novo Peugeot 308 é flagrado pela 1ª vez com resgate histórico,0,17.574009,6.8704557,True,True,False,False,False
446270,2020,New Horizons Studio: centro de inovação da Hyundai para criar veículos Transformers,5,-17.65442,59.00692,False,False,False,False,False
428226,2020,"Ford Bronco ""será muito superior"" ao Jeep Wrangler, diz executivo",0,-63.298824,15.142035,False,False,False,False,False
436711,2020,Flagra: Picape Peugeot Landtrek intensifica testes para estreia no Brasil em 2021,0,24.29349,8.138869,False,False,False,True,False
430131,2020,Jaguar pode substituir sedãs XE e XJ por inédito modelo hatchback,5,-13.384587,-27.033072,False,False,False,False,False
435748,2020,BMW M340i Touring First Edition é a nova perua dos nossos sonhos,3,-63.812492,-9.659317,False,False,False,False,False
436509,2020,Novo Hyundai Creta vende 20 mil unidades em apenas quatro meses na Índia,0,-13.956465,70.329735,False,False,False,True,True
399276,2020,Teaser: SUV derivado do Toyota Yaris começa a aparecer oficialmente,0,-0.36439952,-78.075294,True,True,False,False,True
409918,2020,"Novo BMW Série 4 Gran Coupé promete visual agressivo com grade ""bocão""",3,-59.60652,-13.608759,False,True,False,False,False
403524,2020,Teaser: Novo Hyundai Elantra 2021 terá estilo fastback,0,-18.112984,64.633415,False,False,False,False,False
415223,2020,Nova G310 RR? Próxima moto da parceria BMW e TVS chega em 2021,3,-73.04453,-8.941774,False,False,False,False,False
395618,2020,"Ford Maverick será o nome de produção do ""Baby Bronco""",0,-63.42331,15.791655,False,False,False,False,False
404042,2020,Flagra: Hyundai i20 N pode adotar motor 1.6 turbo de 204 cv,0,-14.634433,62.442616,False,False,False,False,False
441455,2020,Nissan 400Z chegará no final de 2022 para manter linhagem esportiva da marca,0,0.5643201,-47.471455,True,False,False,False,True
427244,2020,Fiat Doblò segue firme no mercado e chega à linha 2021 por R$ 98.290,4,16.15967,26.522478,False,False,False,False,False
409820,2020,Novo Hyundai Tucson 2021 tem design polêmico adiantado em projeção,0,-18.706867,64.38303,False,True,False,False,True
451341,2020,Citroën C4 Lounge desaparece das lojas e deve sair de linha no Brasil,5,44.98809,-19.768219,False,False,False,False,False
449102,2020,Novo Mitsubishi Eclipse Cross 2022 estreia com mudanças imporantes no design,0,11.586071,-34.14506,False,True,False,False,True
414793,2020,BMW: confira evolução da icônica grade duplo rim nos últimos 87 anos,3,-67.94813,-14.422423,False,False,False,False,False
460390,2020,"Mike Manley, CEO da Fiat-Chrysler, pode assumir comando da Ferrari",5,13.013746,-60.52827,False,False,False,False,False
420752,2020,Nova Ford F-150 Raptor 2021 será ainda mais bruta e tecnológica,0,-50.672325,20.003704,False,False,False,True,False
453331,2020,"Fiat-Chrysler, Peugeot e Citroën têm fusão aprovada no Brasil",5,24.989803,1.9124217,False,False,False,False,True
425741,2020,Novas Toyota Hilux e SW4 serão reveladas no dia 4 de junho,0,-21.471222,43.393177,False,False,False,True,True
447173,2020,"Semana Motor1.com: 12 lançamentos da Fiat, novo Civic e aceleramos o VW Taos",0,11.415112,31.22073,True,True,False,True,True
410045,2020,Novo Honda City hatch: projeção antecipa modelo final após patentes,2,23.323605,58.648678,False,False,False,False,False
397459,2020,VW Passat sairá de linha nos EUA e pode ser substituído por elétrico,5,-23.583092,4.776954,True,True,False,False,False
424830,2020,Mini Logan? Confira como deve ser o visual do inédito Renault Kwid Sedan,0,26.055082,-33.081017,False,False,False,False,True
436324,2020,Novo Ford Bronco acumula reservas e alcança 18 meses de espera,5,-63.806053,15.259925,False,False,False,False,False
426559,2020,BMW vende mais que Caoa Chery e encosta na Citroën em maio; veja ranking,1,83.58004,7.1439495,False,False,False,False,False
420026,2020,Renault e BMW são as primeiras a retomar produção de carros no Brasil,3,-71.83648,-15.526382,False,False,False,False,False
449382,2020,Novo Mini Countryman 2021 desembarca no Brasil a partir de R$ 199.990,4,-43.507362,-10.116273,True,True,False,False,True
445708,2020,Chevrolet Onix e Onix Plus 2021: o que perde e quanto custa cada versão,4,1.6167064,27.21756,False,False,False,False,False
450522,2020,Promoções Fiat vão de Mobi com parcela de R$ 399 a Toro com R$ 29.500 de desconto,4,14.60597,19.068289,False,False,False,True,False
400864,2020,Novo Hyundai i20 mostra interior mais tecnológico que o do HB20,0,-17.804804,63.003513,False,False,False,False,False
406102,2020,Hyundai estende prazos de revisões e garantia em meio a quarentena,5,-11.034835,68.51841,False,False,False,False,True
402494,2020,Mercedes-Benz confirma que irá reduzir quantidade de carros e motores,5,-16.836308,-63.08992,True,False,False,False,False
449419,2020,Projeção: Volkswagen Tarok de produção é antecipada com cara do Taos,0,-34.62115,10.407508,False,False,False,True,True
435279,2020,Tarek GTI? VW desenvolve versão esportiva com motor 2.0 TSI e tração integral,0,-27.4408,12.132481,False,False,False,False,True
406906,2020,"FCA, Daimler e Toyota buscam empréstimos para sobreviver à pandemia",5,-6.970163,3.6433778,False,False,False,False,False
451094,2020,Volkswagen Up! deixará de ser vendido na Argentina; e no Brasil?,5,-20.741268,10.522745,False,False,False,False,False
399538,2020,Volkswagen alcança 20 milhões de motores feitos no Brasil desde 1974,5,-22.105194,13.560063,False,False,False,False,False
430067,2020,Chevrolet Spin 2021 ganha controle de estabilidade e muda detalhes de acabamento,4,-1.1957606,28.569529,False,False,True,False,False
397836,2020,Volkswagen desiste da Tanoak e deve levar brasileira Tarok aos EUA,0,-37.78266,10.228479,False,False,False,False,True
393492,2020,Nissan terá novo March e mais 10 lançamentos até 2023,0,0.97114664,-50.029453,True,True,False,False,True
438922,2020,Nova Toyota Hilux 2021 ganha versão Rugged X específica para off-road,0,-21.010984,42.39959,False,False,True,True,False
399133,2020,Nissan Frontier e Kicks são oferecidos com bônus de até R$ 18.000,4,-7.962086,-41.906464,False,False,False,False,False
401852,2020,Mercedes-Benz Classe E ganha reestilização e conectividade MBUX,4,-22.291113,-67.31993,True,False,True,False,False
455668,2020,Nova BMW G 310 R 2021 é lançada na Europa; Brasil aguarda ano que vem,3,-73.38137,-7.0329638,False,False,False,False,False
435818,2020,"Fiat oferece Argo, Cronos e Toro com descontos de até R$ 27,5 mil",4,14.644485,19.236113,False,False,False,True,False
462358,2020,"Semana Motor1.com: Fit e Up! 2021, teste HB20S, flagra do Compass e mais",0,11.506458,31.200935,False,False,False,True,True
419518,2020,Ford Fusion deixa de ser vendido no Brasil,5,-50.575985,11.014377,True,False,False,False,False
453571,2020,Novo Peugeot 208 vende menos que o Etios no segundo mês de loja; veja ranking,1,75.8243,-14.787217,False,False,False,False,False
442602,2020,Toyota realiza primeiro teste tripulado de carro voador do Japão,5,-14.605157,36.272526,True,False,False,False,False
425304,2020,Novo Hyundai Santa Fe 2021 aparece em teaser com visual polêmico,0,-18.84003,64.605995,False,True,False,False,False
426313,2020,"Hilux, Ranger e Amarok são top 5 da Argentina em maio; veja ranking",1,72.25082,9.311026,False,False,False,False,False
394232,2020,Flagra: Sucessor do Citroen C4 Cactus aparece em testes pela 1ª vez,0,43.84321,-19.722769,True,True,False,True,False
454674,2020,Jeep Wrangler Rubicon 392 adota motor Hemi V8 para ser o mais potente da história,4,34.380314,-3.5732558,False,False,False,True,False
396171,2020,"Semana Motor1.com: Kia Rio chega, Weekend e Classe X se despedem",0,-19.413637,-3.8663328,False,False,False,False,True
451944,2020,Fiat Mobi e Renault Kwid: modelos mais baratos do país partem de R$ 38.690,4,13.973801,24.327654,False,False,False,False,False
406868,2020,Flagra: Novo Hyundai Creta de 7 lugares aparece em testes pela 1ª vez,0,-16.047503,67.83466,False,False,False,True,True
459050,2020,"Novo Ecosport? Primeiro SUV da parceria Ford-Mahindra ""vaza"" na Índia",0,-47.960808,11.055301,False,False,False,False,True
461495,2020,"Geely Preface, sedã com alma de Volvo, é eleito Carro do Ano na China",0,-35.93038,-5.6926255,True,False,False,False,False
448167,2020,Hyundai HB20 tem nota rebaixada para 1 estrela em teste de colisão,5,41.196663,-37.52276,False,False,False,False,False
405718,2020,"Flagra: Toro coreana, Hyundai Santa Cruz aparece na versão final",0,-22.138426,63.094368,False,True,False,False,True
434912,2020,Nissan Frontier 2021 herdará melhorias vindas da Mercedes Classe X,0,-11.845559,-55.359097,False,False,False,False,False
428877,2020,"Depois do Fusion, Ford Edge pode ser o próximo a sair de linha",0,-51.02955,8.357312,True,False,False,False,True
392286,2020,Sedãs premium mais vendidos: BMW Série 3 encerra domínio do Classe C,1,73.11961,-22.361507,False,True,False,False,False
444526,2020,Bugatti pode ser vendida para marca de esportivos elétricos Rimac,5,-16.358404,1.4145235,False,False,False,False,False
401813,2020,Novo Audi A3 Sportback 2020 surge como opção mais refinada ao Golf 8,4,-53.263016,-33.08947,True,True,False,True,False
445817,2020,Ford Puma ST é a versão crossover do Fiesta esportivo com 200 cv,5,-0.4734811,-80.67348,False,False,False,False,True
432127,2020,"Recall: Volvo convoca 2,2 milhões de carros por causa do cinto de segurança",5,3.725249,-5.981839,False,False,False,False,False
447368,2020,Honda CB 650R é atualizada na Europa com nova suspensão e painel de instrumentos,2,35.74613,49.566982,False,False,False,False,False
442605,2020,Ford abrirá novo turno para reforçar produção da Ranger na Argentina,5,-56.997757,27.232986,False,False,False,False,False
433729,2020,Novo Ford Bronco 2020 investe em estilo e robustez para encarar o Jeep Wrangler,0,-62.5921,12.986764,True,False,True,False,False
427194,2020,Novo Ford Bronco tem apresentação confirmada para julho,0,-63.308407,15.264756,False,False,False,False,False
431765,2020,"Em teaser, novo Ford Bronco 2021 mostra suas semelhanças com o original",0,-60.867718,14.545576,False,False,False,False,True
392013,2020,Lifan: marca nega fim de operação no Brasil,5,-8.309779,-0.41946197,False,False,False,False,True
446994,2020,Fiat Cronos lidera vendas na Argentina pela 1ª vez em setembro,1,72.070335,9.36653,False,False,False,False,False
453411,2020,Hyundai Tucson N Line ganha teaser que antecipa versão com visual esportivo,0,-17.251354,64.42182,False,True,False,False,True
443061,2020,Novo BMW X1 testa plataforma eletrificada para 2022,3,-62.663044,-15.954769,True,True,False,False,True
442175,2020,Projeção: Novo Subaru WRX chega em 2021 com motor 2.4 turbo de até 400 cv,0,-9.68419,-13.620703,False,False,False,False,False
425166,2020,Ford Territory é reestilizado na China antes mesmo de chegar ao Brasil,0,-53.317654,15.174346,True,True,True,False,True
397179,2020,Chevrolet Equinox 2021 ganha novo visual inspirado no Blazer,0,-3.968147,20.208221,False,False,False,False,False
431608,2020,Bentley Bentayga 2021 estreia visual menos polêmico em reestilização,0,-34.38837,1.0281221,False,False,False,False,False
423588,2020,Volvo lidera segmento de luxo com XC40 e XC60 em abril; veja ranking,1,77.245674,-22.994196,False,False,False,False,True
456607,2020,Mini John Cooper Works Paddy Hopkirk chega ao Brasil por R$ 249.990,4,-43.841908,-10.259152,False,False,False,False,False
391133,2020,Vendas diretas em 2019: Jeep Renegade supera Ka e sobe ao pódio,1,79.514786,11.479123,False,False,False,False,False
454272,2020,Mercedes-AMG GT 63 S 4MATIC+ bate recorde no circuito de Nürburgring,5,-24.415812,-61.782066,False,False,False,False,False
451553,2020,Hennessey Ford Bronco VelociRaptor será versão preparada com motor V8 de 760 cv,0,-62.728676,15.337263,False,False,False,False,False
504656,2021,Progetto Fiat 363: SUV mostra mais detalhes e será revelado dia 4,0,25.378817,30.691587,False,False,False,False,True
545284,2021,Husqvarna finalmente apresenta a nova Norden 901,2,40.945724,39.76179,False,False,False,False,False
492466,2021,Nova Fiat Strada lidera em 9 estados do país em fevereiro; veja os números,1,71.4108,17.385002,False,False,False,False,False
504626,2021,Volkswagen é investigada nos EUA por falsa mudança de nome,5,-16.250227,3.6535702,True,False,False,True,True
554857,2021,Chevrolet Onix: nova calibração no motor e mais versões com Wifi,4,2.3872354,26.347572,False,False,False,False,False
510970,2021,Europa em abril: Peugeot 208 e 2008 se aproximam do líder VW Golf,1,62.99796,-4.4230723,False,True,False,False,True
541449,2021,Canossa Events anuncia a criação da Canossa Racing,5,19.81523,-47.967243,False,False,False,False,False
536732,2021,Novo Fiat Pulse: lançamento e pré-venda serão em 19 de outubro,0,25.995106,29.667593,False,False,False,False,True
543380,2021,Toyota Yaris também poderá ter opção híbrida,0,-10.292905,42.806717,True,True,False,False,True
520238,2021,Fiat e Jeep expandem carros por assinatura para 16 estados,5,13.970627,-0.42998374,False,False,False,False,False
492226,2021,Vendas diretas (PJ) em fevereiro: Jeep Renegade lidera pelo 3º mês seguido,1,79.64391,10.9296875,False,False,False,False,False
548020,2021,Toyota Corolla GR deve surpreender e entregar potência de 300 cv,0,-15.2706,44.593365,True,False,False,False,False
483081,2021,VW Polo fica mais caro pela 2ª vez em janeiro e Virtus parte de R$ 77.590,4,-20.001146,19.68266,False,False,False,False,False
546783,2021,Yamaha apresenta a nova MT-10 2022 com mais performance,2,48.62093,43.12774,False,False,False,False,False
492881,2021,Caoa Chery Arrizo 5 perde versões e se mantém apenas com a RXS de R$ 87.490,4,-10.136122,14.305032,False,False,True,False,False
529330,2021,Salão de Genebra dará origem a evento automotivo bienal no Qatar,5,-3.5420828,-28.294106,False,False,False,False,False
535910,2021,Agora é possível indicar motorista em multa por app de celular,5,9.8124695,-9.973207,False,False,False,False,False
466544,2021,Novo Toyota Corolla GR: versão esportiva poderá adotar motor turbo de 260 cv,0,-15.241996,44.588654,True,False,False,False,False
493464,2021,BMW Série 3 e X1 têm financiamento com parcela de R$ 1.990,3,-71.97506,-1.6901141,False,False,False,False,False
501986,2021,Novo BMW 430i Cabrio M Sport chega ao Brasil por R$ 460.950,3,-62.60162,-7.763849,False,False,True,False,False
532317,2021,Toyota Corolla Cross será vendido no Japão com design exclusivo,0,-5.6089115,43.268192,False,True,False,False,True
546853,2021,"VW Taigo, o Nivus para Europa, tem preço equivalente a R$ 164 mil",4,-25.613878,19.688982,False,False,True,False,True
547818,2021,O novo Honda HR-V 2023 será um SUV compacto ou médio?,2,19.710274,57.870106,False,True,False,False,True
502031,2021,Detran-SP anuncia mudanças nos prazos para transferir multas,5,15.066885,-9.466911,False,False,False,False,False
486563,2021,VW Golf é o carro mais vendido da Europa pelo 13º ano; veja ranking 2020,1,62.915405,-4.2220397,False,True,False,False,False
499274,2021,Novo Toyota GR 86 estreia com tração traseira e motor 2.4 de 235 cv,0,-15.444729,44.09373,False,False,False,False,False
531871,2021,Stellantis corrige Peugeot e vê crescimento disparar 156% no ano,5,20.330524,4.614331,False,False,False,False,True
552333,2021,Fiat Argo e Cronos tiram nota zero em teste de colisão,5,40.759174,-36.68447,False,False,False,False,False
506694,2021,Sedãs compactos em abril: Chevrolet Onix Plus mantém liderança,1,73.31329,-12.421846,False,False,False,False,False
488976,2021,Toyota Corolla Cross ganha site e data de lançamento no Brasil: 11 de março,0,-7.93165,43.734528,False,True,False,False,True
501448,2021,Strada e Toro garantem dobradinha da Fiat na 1ª quinzena de abril,1,72.18042,20.487467,False,False,False,False,False
521864,2021,"Susie Wolff: ""Um Wolff na Fórmula 1 é suficiente!""",5,20.598312,-50.2256,False,False,False,False,False
492237,2021,Chevrolet e Veloe oferecem 14 meses de mensalidade grátis para clientes OnStar,5,6.226716,4.417111,False,False,False,False,False
507017,2021,Mercedes-Benz Classe X com 6 rodas é mostrado por customizadora,0,-22.658,-66.5266,False,False,False,True,False
556710,2021,Harley terá Kymco como sócia em futuros modelos elétricos,5,45.155247,29.150135,True,False,False,False,False
519001,2021,BMW lança promoção exclusiva de financiamento para mês de julho,3,-72.02807,-1.3923999,False,False,False,False,False
532237,2021,"Vendas de seminovos já superam 7,5 milhões de unidades em 2021",1,74.85371,17.867773,False,False,False,False,False
546613,2021,Novo Ford Fusion aparece na China em fotos vazadas,0,-51.441017,14.275861,False,False,False,False,False
502938,2021,Novo Mini Cooper chega ao Brasil com inédita versão por R$ 214.990,4,-43.910557,-9.748874,False,False,True,False,False
537036,2021,Honda lança Biz 2022; Confira os preços e o que muda,2,35.09268,49.202736,False,False,False,False,False
505520,2021,Novo Volkswagen Tiguan 2022 reestilizado estreará dia 12 de maio,0,-29.189152,12.608495,False,True,False,False,True
531529,2021,Chefe da Ferrari F1: Troca para combustível sustentável “é importante”,5,18.813486,-50.20459,True,True,False,False,False
556709,2021,Toyota lança programa de certificação de seminovos no Brasil,5,9.159097,-0.95669276,False,False,False,False,False
508398,2021,Novo BMW X5 M Competition desembarca no Brasil por R$ 973.950,3,-62.11648,-7.108493,False,True,False,False,True
491453,2021,Audi amplia programa de carros por assinatura no Brasil,5,-56.69795,-36.04965,False,False,False,False,False
485417,2021,Flagra: Lamborghini Urus terá reestilização e pode ficar mais potente,0,-8.251112,-16.349192,False,False,False,False,True
517638,2021,Honda Civic Type R 2022: projeção antecipa design da nova geração,2,25.423708,62.7769,True,True,False,False,False
526996,2021,Fiat Strada 2022 fica mais cara; Volcano passa dos R$ 100.000,4,17.16137,27.496183,False,False,False,False,False
544745,2021,Segredo: Fiat planeja Pulse Abarth com motor 1.3 turbo de 185 cv,0,23.41092,28.96109,False,False,False,False,True
464604,2021,Jeep paga 100% da tabela Fipe em usados na compra de Renegade e Compass,4,38.70311,-2.9901617,False,False,False,False,True
529771,2021,Fim dos carros manuais? Volkswagen deve aposentar câmbio em 2030,0,-33.120323,22.772,True,False,False,True,False
515887,2021,Harley-Davidson antecipa nova moto com motor da Pan America,5,45.359825,29.05783,False,False,False,False,False
543745,2021,Novo Range Rover terá versão elétrica e chega ao Brasil em 2022,4,-18.240124,-32.37223,True,True,False,True,True
511543,2021,Toyota Corolla Cross chega aos EUA mais refinado que no Brasil,4,-4.7053213,42.22771,False,True,False,False,False
515643,2021,Picape Ford Maverick pode chegar ao Brasil na versão FX4,0,-59.986996,21.177727,True,True,False,False,False
538703,2021,Novo Fiat Pulse 2022 é flagrado totalmente sem disfarces,4,25.57413,29.667963,False,False,False,False,True
467422,2021,"Sem X9: Ford pede a fornecedores que não ""vazem"" fotos dos novos carros",0,-59.977814,17.896687,False,False,False,False,False
557903,2021,"Novo Ford Mustang iniciará produção em março de 2023, revela site",0,-52.536404,-0.92387366,True,True,False,False,False
486905,2021,Novo Nissan Kicks 2022 tem lançamento no Brasil confirmado para março,0,-2.0220542,-51.965225,False,True,False,False,False
553200,2021,Foxconn e Arábia Saudita devem fazer elétricos com base de BMW,5,-66.027985,-19.902502,True,False,False,False,True
487372,2021,Motor 2.0 turbo do Honda Civic Type R será vendido separadamente por R$ 48 mil,2,27.623018,57.2338,False,False,False,False,False
543727,2021,Fiat Pulse surpreende e acumula 5.500 reservas em apenas 96 horas,4,22.414574,26.427593,False,False,False,False,True
552081,2021,Ford Ranger 2023: versão básica XL aparece em novas fotos,0,-53.692547,26.936026,False,False,False,False,False
545236,2021,"Organizar corrida de F1 é como um show do Coldplay, diz promotor do GP do México",5,23.102787,-53.879047,False,False,False,False,False
500788,2021,Dodge Challenger Hellcat tenta fazer graça e causa capotamento,5,2.570812,-11.051351,False,False,False,False,False
547142,2021,Toyota Hilux 2022 ganha mais equipamentos e abandona motor flex,4,-19.72199,42.122444,False,False,False,True,False
539262,2021,Royal Enfield Continental GT e Interceptor mudam para 2022,2,45.829014,33.011833,False,False,False,False,False
537898,2021,Honda cria conceito de aeronave elétrica e quer lançá-la em 2030,2,32.378975,57.23484,True,True,True,False,False
493562,2021,Mecânica Online: Mais uma barreira para quem precisa de um veículo PCD,5,13.61982,-6.2451425,False,False,False,False,False
501948,2021,Novo Volkswagen Polo 2022: teaser revela grade em LED como o Taos,0,-28.55126,15.86376,True,True,False,False,True
483448,2021,Novo SUV da Citroën será lançado no Brasil no segundo semestre de 2021,0,45.14652,-21.823463,False,False,False,False,True
537205,2021,Onix lidera lista dos 10 carros mais econômicos do Brasil,4,-7.9139457,11.635036,True,True,False,False,False
542559,2021,Fiat Pulse já vendeu mais que o Chevrolet Tracker em pré-venda,4,22.941242,26.222095,False,False,True,False,True
538917,2021,"Corolla Nürburgring Edition tem visual esportivo, mas motor é 1.8",4,-14.7289915,43.824173,False,True,False,False,False
535596,2021,Ducati Desert X antecipa rival da BMW F 850 GS,2,41.63599,35.85799,False,False,False,False,False
522180,2021,"Na Índia, nova Suzuki Hayabusa vende mais que Intruder",2,6.264966,55.881073,False,False,False,False,False
502964,2021,Picape Jeep Gladiator ganha versão de seis rodas,0,33.72379,-3.3556397,False,False,False,True,False
521882,2021,Mercedes Classe A testa facelift e deve ganhar nova dianteira,0,-20.321224,-69.51451,False,False,False,False,False
485923,2021,Daimler mudará nome para Mercedes-Benz e irá separar divisão de caminhões,5,-16.449453,-61.53224,True,False,False,False,False
532428,2021,SUVs mais vendidos em agosto: VW Taos é superado pelo Tiggo 8,1,78.77318,-7.6598063,False,False,False,False,False
519044,2021,Nova minivan de 7 lugares baseada no Logan tem estreia confirmada,0,24.400625,-31.344082,False,False,False,False,False
526580,2021,VW T-Cross 2022 perderá versão manual e receberá itens do Taos,4,-23.34541,19.982473,False,False,False,False,True
540009,2021,SUVs mais vendidos em setembro: Compass e Corolla Cross na frente,1,78.62307,-7.554049,False,False,False,False,False
465819,2021,"Chevrolet Silverado terá preços competitivos na Argentina, garante marca",0,0.18433669,22.08383,False,False,False,True,False
509892,2021,VW e BMW: multas de 400 milhões de euros em escândalo de emissões,5,-1.3718224,-20.537209,False,False,False,True,False
531752,2021,"“Eletrificação matará os sedãs”, diz chefe de design da Mercedes",5,-16.65317,-64.6055,True,False,False,False,False
465026,2021,Lojas de usados preparam paralisação contra aumento de 207% no ICMS de SP,5,16.335278,-6.440365,False,False,False,False,False
465162,2021,Vazou! Ford Maverick (rival da Fiat Toro) aparece na linha de produção,0,-60.097885,20.256556,False,False,False,False,True
487513,2021,Stellantis deve priorizar Chrysler em vez de levar Peugeot para os EUA,5,25.39528,0.6631241,False,False,False,False,False
546264,2021,"Esperado no Brasil, novo Chevrolet Equinox volta a ser produzido",0,-3.9249432,18.76075,False,False,False,False,True
527023,2021,Vazou? Novo Jeep Commander 2022 aparece em material para lojistas,0,42.178593,-6.77428,False,False,False,True,True
524796,2021,"Novo Ford Everest 2022, SUV derivado da Ranger, aparece em flagra",0,-55.879517,28.600422,True,True,False,True,True
465950,2021,Peugeot 208 não escapa de novo aumento de preço e chega aos R$ 96.990,4,17.791185,11.033811,False,False,False,False,False
487760,2021,"Chevrolet S10 2021 fica mais cara em nova tabela, veja todos os preços",4,4.917168,21.903557,False,False,False,True,True
552745,2021,"SYM, parceira da Dafra no Brasil, lança rival para a Honda ADV",2,34.49667,50.492554,False,False,False,False,False
547557,2021,Novo Kia Sportage híbrido chegará ao Brasil em março de 2022,0,-38.841625,49.8135,True,True,False,False,True
538182,2021,Novo Duster para uso comercial tem motor turbo de até 150 cv,4,29.342068,-22.928608,False,False,True,True,True
518759,2021,Novo Ford Focus 2022: veja como ficará o hatchback reestilizado,0,-46.71642,19.19523,False,False,False,False,False
490304,2021,Hyundai Alcazar: Creta de 7 lugares é confirmado com alcance global,0,-16.516794,68.21379,False,False,False,True,True
532311,2021,Ford EcoSport tem facelift cancelado e sairá de linha nos EUA,0,-47.970257,10.668877,False,False,False,False,True
544182,2021,Jeep Renegade e VW T-Cross disputam vice-liderança em outubro,1,72.13679,20.67105,False,False,False,False,False
546840,2021,VW Santana sairá de linha após 30 anos por causa dos SUVs,5,-11.14568,1.5488522,True,False,False,False,False
542579,2021,"Semana Motor1.com: Novo Creta vai mudar, flagra da Montana e mais",0,-10.544197,22.969242,True,False,False,False,True
520751,2021,Novo Astra GSi 2022: projeção detalha design da versão esportiva,0,-46.53743,19.192291,False,True,False,False,False
553472,2021,Toyota Yaris reestilizado chega em janeiro no Brasil,0,-12.404423,45.89264,False,False,True,False,False
489875,2021,Jaguar leva fãs para dentro da Fórmula E com canal na Motorsport.tv,5,21.50498,-45.167553,True,False,False,False,False
490350,2021,Novo Nissan Kicks 2022 estreia sem aumento de preço; veja versões e equipamentos,4,-5.8053284,-47.470356,False,False,True,False,False
521460,2021,"Toyota cancela comerciais e esconde ""novos carros"" das Olimpíadas",5,-15.253593,36.5691,True,False,False,False,False
553773,2021,Nissan promove “Frontier Day” com condições especiais de compra,4,-7.107823,-44.8821,False,False,False,False,False
494680,2021,"Novo Sandero 2022 já aparece em registro no Brasil, mas ainda é dúvida",0,25.709368,-28.483435,False,False,False,False,False
516471,2021,Jeep Wrangler traz pacote Xtreme Recon para off-road pesado,5,34.110756,-3.9713862,False,False,False,False,False
520501,2021,Harley-Davidson revela a nova Sportster 2021,2,44.488064,36.21352,False,False,False,False,False
490907,2021,"Nova Mitsubishi L200 Triton terá ""desempenho de alto nível"", promete marca",0,8.063853,-33.608505,True,True,False,False,False
500080,2021,Fiat estuda parar produção em Betim (MG) pela 2ª vez,5,-7.911492,2.8257415,False,False,False,False,False
506484,2021,Nova Ford Ranger Raptor 2023 terá motor 3.0 V6 biturbo com 400 cv,0,-52.4507,28.945873,False,False,False,True,False
528902,2021,Hyundai HB20 trocará motor 1.6 aspirado por 1.0 turbo,4,-11.901972,63.33326,False,False,False,False,True
519957,2021,Alemães protestam contra proibições a motos em rodovias,5,17.273829,-10.917038,False,False,False,False,False
498752,2021,Subaru Outback Wilderness Edition é a versão mais radical da perua,4,-5.3632107,-10.159163,False,False,False,False,False
551225,2021,Volkswagen Taos acumula novo aumento e se aproxima dos R$ 200 mil,4,-22.732864,25.804094,False,False,True,False,True
514792,2021,Picape Ford Maverick já soma 36 mil reservas nos Estados Unidos,0,-60.24231,20.989788,False,True,False,False,True
505529,2021,Ferrari 812 Competizione A é revelada com motor V12 de 841 cv,5,15.875798,-62.84946,False,False,False,False,False
534336,2021,"Além de Escort e Maverick, Ford pode reviver mais nomes clássicos",0,-50.884956,8.076421,True,False,False,False,True
482693,2021,Mais vendidos na Alemanha em 2020: Golf completa 40 anos no topo,1,61.061604,-4.029806,False,False,False,False,False
506753,2021,Câmara dos Deputados aprova pedágio cobrado por quilômetro rodado,5,15.170133,-10.22341,False,False,False,False,False
491431,2021,Novo Honda CR-V 2023 mostra porte superior em 1º flagra; veja fotos,0,24.927675,62.97155,True,True,False,False,True
544353,2021,Jeep Commander entra em serviço de assinatura por R$ 5.399 ao mês,4,39.633575,-3.169974,False,False,False,True,True
543650,2021,Triumph Bonneville 2022 chega ao Brasil mais leve e potente,2,41.80656,38.996803,False,False,False,False,False
514118,2021,Honda irá renovar linha no Brasil e cortar alguns modelos,2,29.493414,60.197918,True,True,True,False,True
504684,2021,Flagra: Novo Range Rover Vogue 2022 poderá adotar motor V8 da BMW,0,-15.959156,-28.666601,True,True,False,False,True
532698,2021,Hatches em agosto: Chevrolet Onix tem pior resultado desde 2012,1,76.07626,-14.984909,False,False,False,False,False
526323,2021,Novo Nissan Z 2022 ganha teasers e será revelado dia 17 de agosto,0,-1.4657121,-52.774807,False,False,False,False,False
539004,2021,Hyundai Alcazar chegará ao México como Creta Grand para 7 pessoas,0,-16.786047,69.39317,False,False,False,True,False
500779,2021,Argentina obriga fabricantes a produzirem com capacidade máxima,5,16.834454,-17.268837,False,False,False,False,False
519032,2021,BMW X7 2023 terá dianteira com faróis divididos estilo Fiat Toro,0,-58.251637,-14.965426,False,False,False,False,True
558110,2021,"Fiat encerra vendas de Grand Siena, Doblò, Argo 1.8 e Cronos 1.8",5,23.522049,23.199606,False,False,False,False,False
524480,2021,Hyundai HB20 lidera no varejo pelo 3º mês seguido em julho,1,82.57048,8.71886,False,False,False,False,True
525045,2021,Honda PCX tem o melhor mês de vendas de 2021,2,48.880592,17.292742,False,False,False,False,False
553544,2021,Fiat Strada ganha câmbio automático CVT e parte de R$ 111.990,4,17.475945,27.6367,False,False,False,False,False
518234,2021,Motos em junho: Honda CG tropeça e vendas da Yamaha caem,2,50.616997,18.126686,False,False,False,False,False
515962,2021,Carro PCD: Câmara mantém teto de R$ 140 mil para isenção de IPI,5,14.8829975,-8.841861,False,False,False,False,False
523373,2021,Flagra: picape Jeep Gladiator se apronta para estreia no Brasil,0,32.30023,-1.8284775,False,False,False,False,False
547464,2021,Citroën lançará mais dois modelos nacionais até 2024,5,45.653034,-21.247559,True,False,False,False,True
553782,2021,Peugeot 208 recebe duas estrelas em teste de colisão,5,41.22323,-37.052307,False,False,False,False,True
496024,2021,Projeção: Toyota Corolla Cross GR Sport chega em 2022 com visual esportivo,0,-16.80716,43.989105,False,False,False,False,True
504666,2021,Honda Civic 2022 mostra como seria na forma de perua em projeção,2,26.196465,58.9077,False,False,False,False,False
485964,2021,Jeep vai revelar data para o novo Compass e nome do SUV de 7 lugares em abril,0,40.774414,-7.7241645,False,False,False,True,True
491773,2021,Jaguar Land Rover cancela planos para elétrico Road Rover e inédito J-Pace,5,-15.877462,-33.28617,True,True,False,False,True
491053,2021,Toyota Yaris é o 1º carro asiático a liderar vendas na Europa; veja o ranking,1,62.884926,-4.968107,False,False,False,False,False
515021,2021,Chinesa Great Wall estuda comprar fábrica da Mercedes no Brasil,5,-14.724268,-61.13083,False,False,False,False,True
538650,2021,"Chery lança novo Tiggo 7 Plus, versão mais voltada ao luxo do SUV",4,-39.271175,-28.078218,False,False,False,False,True
495976,2021,Picape Hyundai Santa Cruz 2022 já está pronta para estreia; veja detalhes,0,-23.071823,62.788994,False,False,False,False,True
515457,2021,"Nissan Frontier terá nova geração em 2024, maior e eletrificada",0,6.980407,-37.42553,True,True,False,False,False
549738,2021,Google e Toyota lançam minivan elétrica que faz entregas sozinha,5,6.5455737,-7.654095,True,False,True,False,False
526760,2021,Semana Motor1.com: novas S10 Z71 e Ram 3500 no Brasil e mais,0,0.74215233,21.589489,True,False,False,True,True
510340,2021,"Depois do Brasil, Toyota Corolla Cross será lançado nos EUA",0,-5.6299615,43.418053,False,True,False,False,True
527946,2021,Flagra: Land Rover Defender 130 será versão alongada de 8 lugares,0,-17.096119,-30.416065,False,True,False,True,True
494130,2021,Honda Civic 2022 terá motores 2.0 e 1.5 turbo nos Estados Unidos,2,27.085667,58.80525,False,True,False,False,False
552117,2021,Mitsubishi ASX: nova geração poderá virar clone do Renault Captur,0,11.418998,-37.098995,True,True,False,False,False
482504,2021,Novo Jeep Compass 2022 tem preços a partir de R$ 125.700 na Índia,4,41.731564,-4.720926,False,False,False,True,False
464983,2021,Flagra: Novo Honda HR-V 2022 deve ter lanternas interligadas como nos Porsche,2,26.320126,60.661835,True,True,False,False,True
508917,2021,Jeep do futuro é tema de concurso de design da Stellantis,5,34.586765,-6.032075,False,False,False,False,True
516215,2021,Suzuki estaria trabalhando em um novo scooter elétrico,5,4.8609033,54.933807,True,False,False,False,False
512803,2021,"Produção de veículos cresce 55,6% no acumulado até maio",5,42.4051,13.702836,False,False,False,False,False
539900,2021,Ducati Streetfighter V4 pode chegar ao Brasil em outubro,2,42.097805,38.069023,False,False,False,False,False
520124,2021,Novo Opel Astra: como o hatch se compara ao Volkswagen Golf,0,-32.80048,27.28628,False,True,False,True,True
546366,2021,Novo Hyundai Creta já responde por 60% das vendas do SUV,0,-12.382455,69.95488,False,False,True,False,True
485654,2021,Flagra: Ford Focus sobrevive na Europa e vai ganhar novo visual em breve,0,-47.137646,19.141485,False,False,False,False,False
505352,2021,Peugeot 2008 terá versão Skywalker com motor 1.6 turbo de 173 cv,0,19.284775,6.842237,False,False,False,False,True
530036,2021,Ford paralisa reservas do novo Bronco por excesso de pedidos,5,-63.975357,15.166008,False,False,False,False,True
515915,2021,Nissan Versa lidera vendas no México pelo 20º mês consecutivo,1,68.16983,0.18630545,False,False,False,False,False
510937,2021,Novo Hyundai Creta nem estreou no Brasil e já vai mudar lá fora,0,-19.838701,68.6493,False,False,False,False,True
499764,2021,Honda registra logo Trailsport para versões off-road,2,33.38273,53.470848,False,False,False,False,True
481955,2021,Novo Hyundai Creta de 7 lugares será lançado em abril; e no Brasil?,0,-17.104834,68.90515,False,False,False,True,True
534410,2021,Raro Lamborghini Espada é encontrado após 30 anos escondido,5,-5.692828,-15.022014,False,False,False,False,False
554736,2021,SUVs premium: Land Rover Discovery e BMW X5 se destacam no mês,1,77.1196,-22.997736,False,False,False,False,False
480407,2021,Nova Nissan Frontier para os EUA será lançada em fevereiro; veja teaser,0,-7.049583,-51.988724,False,False,False,False,True
505833,2021,Volkswagen Polo e Virtus 2022 têm preços a partir de R$ 66.120,4,-20.52019,18.692797,False,False,False,False,False
516938,2021,Nova Montana: GM confirma nome para futura picape rival da Toro,0,-0.7798928,24.393166,False,False,False,False,True
540773,2021,VW Jetta 2022 melhora consumo com novo motor 1.5 TSI de 160 cv,4,-22.899197,-8.540342,False,False,False,False,False
548636,2021,Volkswagen Amarok fica de novo mais cara e já alcança R$ 310 mil,4,-20.048084,22.721436,False,False,False,True,False
532355,2021,Nova picape da Jeep: Gladiator Rubicon é flagrada no Brasil,0,32.426,-1.9236572,False,False,False,False,False
517544,2021,Novo Renault Duster chega com motor 1.3 turbo e 4x4 na Argentina,0,29.774387,-25.214073,False,False,False,False,True
556432,2021,Mercedes-Benz pagará bônus de R$ 40 mil para seus funcionários,5,-16.103626,-61.34082,True,False,False,False,False
524024,2021,BMW contra-ataca Harley com novas versões da R 18,3,-74.15707,-6.45741,False,False,False,False,False
530795,2021,Chevrolet confirma lançamento do novo Cruze RS no Brasil,0,-4.624002,19.688942,False,False,False,False,False
494153,2021,"Semana Motor1.com: Novo Corolla Cross, motor 1.3 turbo da Stellantis e mais",0,-4.8615417,45.281033,False,True,False,False,True
546635,2021,Veja como um frete global mais caro encarece o preço das motos,5,18.704433,-9.507747,False,False,False,False,False
492956,2021,VW Nivus e T-Cross 2021 sobem de preço após mais um reajuste; confira tabela,4,-21.042545,19.957117,False,False,False,False,False
491433,2021,Huawei estuda lançar carro elétrico em 2021,5,3.8918586,-17.808846,True,False,True,False,False
511270,2021,Nissan irá parar produção de Kicks e V-Drive por 5 dias em junho,5,6.8341875,-44.654255,False,False,False,False,True
554580,2021,"Marca de luxo da Chery, Exeed tem sua estreia adiada no Brasil",5,-38.46965,-29.322626,False,False,False,False,True
546645,2021,Novos Toyota SW4 GR-S e Diamond chegarão no Brasil até dezembro,0,-19.616114,44.129528,False,False,True,True,True
487754,2021,Mercedes-Benz comemora 50 milhões de veículos produzidos em 75 anos,5,-14.84644,-62.57975,False,False,False,False,False
482647,2021,Renault Kiger: SUV do Kwid é apresentado por completo e pode vir ao Brasil,0,24.789618,-34.734604,False,False,False,False,True
482755,2021,Toyota supera Volkswagen como montadora líder global de vendas em 2020,5,-17.191597,36.140182,False,False,False,False,False
528583,2021,Tiger Sport 660 será nova aventureira da Triumph,2,41.7689,34.793293,False,False,False,False,False
494786,2021,Kia Rio passa a ser vendido apenas na versão topo de linha no Brasil - veja preço,4,-39.552055,47.7665,False,True,False,False,False
539189,2021,Veja o ranking de vendas diretas em setembro: Compass lidera,1,80.54235,10.452493,False,False,False,False,False
518769,2021,Vídeo: Mustang Mach 1 e Toyota Supra disputam arrancada,4,-50.62778,-2.2606115,False,False,False,False,False
512280,2021,Jaguar F-Pace 2021 tem novo visual e preço inicial de R$ 463.750,4,-20.847057,-27.207453,False,True,False,False,True
488661,2021,"Novo Mitsubishi Outlander 2022 tem base de Nissan, design ousado e 7 lugares",0,12.039679,-34.11235,False,False,False,False,True
543665,2021,Ford grava comercial da nova Maverick ao lado da F-150 Raptor,0,-59.75632,22.633535,False,True,False,False,False
501972,2021,"F-150 lidera, mas Toyota supera Ford nos EUA no 1º trimestre",1,69.978714,-3.0149333,False,False,False,False,False
523597,2021,Chevrolet Camaro sairá de linha para dar lugar a sedã elétrico,5,-0.6202056,12.490104,False,False,False,False,True
531500,2021,Picapes em agosto: Chevrolet S10 tem melhor resultado desde 2014,1,80.36165,-12.975867,False,False,False,False,False
503207,2021,Novo Taos 2022: Volkswagen inicia produção na Argentina,0,-27.944527,12.915267,False,False,False,False,True
495918,2021,"Longe do Brasil, Ford Fiesta é o mais vendido no Reino Unido seguido do Corsa",1,62.645016,-0.8979568,False,True,False,True,False
527225,2021,Novo Lamborghini Countach V12: ouça o ronco do bólido pela 1ª vez,0,-17.825344,-14.078781,True,True,False,False,False
544467,2021,Inédito Audi Q9 chega em 2022 como maior SUV da marca alemã,0,-57.91377,-33.43322,False,True,False,False,True
527424,2021,Mercedes-Benz vende fábrica em Iracemápolis para Great Wall,5,-14.668646,-61.09889,False,False,False,False,False
539527,2021,Toyota Corolla e Corolla Cross ficam mais caros; veja tabela,4,-2.5760026,38.26538,True,True,False,False,True
545274,2021,Picape Ford Maverick será lançada na Argentina nesta semana,0,-59.904232,22.465248,False,False,False,True,False
553051,2021,Os carros que sairão de linha na Argentina devido à lei no Brasil,5,16.88478,-16.431425,False,False,False,False,False
535194,2021,"Suzuki apresenta a GSX-1000GT, que virá ao Brasil",2,5.82581,55.317455,False,False,False,False,False
539518,2021,Novo Fiat Pulse 2022 terá motor 1.0 turbo de 130 cv e câmbio CVT,4,22.130772,26.162243,False,False,False,False,True
525093,2021,Renault prorroga suspensão da produção no Brasil até o dia 27,5,17.154972,-21.05582,False,False,False,False,False
544063,2021,Suzuki Jimny ganha nova opção de cor por tempo limitado,4,4.6334524,53.71127,False,False,False,False,True
488477,2021,Mais vendidos no Reino Unido: Ford Fiesta cai para 4º em seu principal mercado,1,62.94748,-0.80829346,False,True,False,False,True
491603,2021,Hyundai Bayon: novo SUV menor que o Creta aposta em design ousado,0,-16.138157,66.364044,True,True,False,False,True
488711,2021,Novo Kia K8 2022 substitui Cadenza e estreia logotipo redesenhado da marca,0,-37.550514,49.986313,True,False,False,False,False
494002,2021,Motores 1.0 e 1.3 Turbo GSE feitos em Betim equiparão Peugeot e Citroën no Brasil,0,26.728767,1.6406447,False,False,False,False,True
497493,2021,Ford encontra US$ 100.000 em couro durante demolição e doa para instituições,5,-46.69208,8.973442,False,False,False,False,False
542599,2021,Toyota promete eletrificar toda linha no Brasil em 6 anos,5,-14.304465,37.540283,True,True,False,False,True
530609,2021,Ford Maverick 2022 deve chegar ao Brasil nas versões mais caras,0,-60.392166,20.559437,False,True,False,False,True
542321,2021,Nova Ford Ranger 2023 rodou mais de 10 mil km só em desertos,0,-55.27177,26.069016,False,True,False,True,False
509378,2021,Carros da Fiat foram os que mais aumentaram de preço em abril,5,33.216606,17.389603,False,False,False,False,False
537051,2021,Toyota Frontlander é Corolla Cross com novo nome e design próprio,0,-8.941638,44.588245,False,True,False,False,True
511577,2021,Projeção: Porsche Cayenne Coupé 2022 prepara mudança de design,0,-32.546623,-44.372627,False,False,False,False,True
534388,2021,Motos já representam mais de 50% dos acidentes graves no Brasil,5,18.148388,-9.64964,False,False,False,False,False
555895,2021,Jeep Commander chegará à Argentina apenas com motor turbodiesel,4,39.287678,1.4404393,False,False,False,True,False
506748,2021,Novo Kia Sportage 2022: visual polêmico será conhecido em breve,0,-35.747776,49.2199,True,True,False,True,False
527960,2021,Flagra: Novo Porsche 911 GT3 RS 2023 aparece com asa gigantesca,0,-32.413292,-44.06235,False,False,False,False,False
482484,2021,Novo Lada Niva: projeção antecipa design retrô da próxima geração,0,23.523722,-30.249119,False,False,False,False,False
524286,2021,Carbon Edition é o novo Range Rover Sport de R$ 1 milhão,4,-18.890926,-30.987015,False,False,False,False,True
529150,2021,Mini Cooper ganhará versão Piccadilly no Brasil,4,-43.59461,-11.423531,False,False,False,False,False
550527,2021,Toyota Hilux híbrida será produzida na Argentina e virá ao Brasil,0,-23.129713,42.00721,True,True,False,True,True
518791,2021,Dodge Challenger lidera as vendas sobre o Mustang nos EUA,5,-51.007484,1.0926933,False,False,False,False,False
495253,2021,IPVA 2021 será restituído para PCD após decisão da justiça,5,15.346181,-8.956097,False,False,False,True,False
523414,2021,Novo Subaru WRX tem estreia confirmada para 19 de agosto,0,-9.76195,-13.562879,False,False,False,False,False
483383,2021,Fiat Cronos começa 2021 na liderança da Argentina; veja ranking,1,71.89971,8.983479,False,False,False,False,False
545327,2021,"Volkswagen T-Cross encarece até R$ 5,7 mil e passa de R$ 100 mil",4,-21.621752,20.195086,False,False,False,False,True
545588,2021,Novo Renault Kwid será lançado em dezembro no Brasil,0,26.703949,-23.356684,False,False,False,False,False
525774,2021,Novo Jeep Commander 2022 será revelado dia 26 de agosto,0,41.720806,-6.6911287,False,False,False,True,True
522191,2021,Land Rover Defender 2022 parte de R$ 543.950 com nova multimídia,4,-20.822144,-27.253143,False,False,False,False,True
482126,2021,Fiat anuncia datas de lançamento do SUV do Argo e Toro reestilizada na Argentina,0,26.465752,29.500313,False,False,False,False,True
543127,2021,BMW diz que próximos lançamentos terão design ousado e profundo,3,-65.58399,-18.669003,True,False,False,False,False
513256,2021,"Picape Ford Maverick não será vendida na Europa, diz site",0,-60.66051,19.723679,False,False,False,False,False
521862,2021,"Chevrolet Tracker PCD retorna com descontos de até R$ 21,3 mil",5,5.9417343,23.029,False,False,False,False,True
537636,2021,Toyota ainda não decidiu se lançará supercarro GR Super Sport,5,-16.31491,42.968204,False,True,False,False,False
543140,2021,Petrobras anuncia novo aumento nos preços da gasolina e do diesel,5,23.24462,-9.402657,False,False,False,True,False
507184,2021,Nova Honda Africa Twin 2021 é apresentada; veja os preços,2,38.367634,44.552162,False,False,False,False,False
528399,2021,Novo Hyundai Creta 2022: tudo que já sabemos sobre a 2ª geração,0,-16.659166,67.4502,False,False,False,False,True
507248,2021,Jeep acusa Mahindra de copiar design do Wrangler no modelo Thar,0,35.050774,-6.4659925,False,False,False,False,True
493425,2021,Vendas de picapes em fevereiro: nova Fiat Strada cresce mais de 80%,1,79.77033,-12.624112,False,False,False,False,False
498349,2021,Range Rover SVAutobiography Ultimate estreia como o ápice do luxo da marca,5,-18.074627,-31.42243,False,False,False,False,False
509609,2021,Pedágio ficará mais caro por isenção de cobrança para motos,5,15.72373,-9.491953,False,False,False,False,False
493469,2021,Mitsubishi terá dois modelos baseados na Renault para a Europa,5,9.359374,-38.369972,False,False,False,False,True
536710,2021,Nem indianos querem o Yaris; Toyota tira o carro de linha por lá,0,-12.696737,45.159695,False,True,False,False,True
503949,2021,Ram TRX enfrenta Nissan GT-R em arrancada monstruosa,5,-4.1495337,-37.243103,False,False,False,False,False
485397,2021,CAOA Chery reforça serviço de vendas em domicílio no Brasil,5,-36.35476,-27.76095,False,False,False,False,False
530353,2021,Fiat Lovers chega como clube de relacionamento para fãs da marca,5,23.908293,21.294115,False,False,False,False,False
527471,2021,Velozes e Furiosos 10 será lançado dia 7 de abril de 2023,5,-3.2458487,-9.520349,False,False,False,True,False
519729,2021,Substituto do Lamborghini Aventador receberá novo motor V12,5,-6.6202383,-15.793392,True,True,False,False,False
527707,2021,Honda CB200X será a XRE 190 indiana R$ 5 mil mais barata,2,38.202282,48.04079,False,False,False,False,False
507152,2021,Picapes mais vendidas: Fiat Strada tem melhor resultado em 7 anos,1,80.13848,-12.910962,False,False,False,False,False
507468,2021,Jeep Commander 2022: projeção adianta visual do novo SUV nacional,0,41.457993,-6.615034,False,False,True,True,True
499745,2021,Hyundai Alcazar: novo Creta vira SUV de 7 lugares e pode chegar ao Brasil,0,-16.529543,67.63731,False,False,False,True,True
532832,2021,Elite do automobilismo e eSports estão na Le Mans Virtual Series,5,20.546413,-47.494625,False,False,False,False,False
510273,2021,Senado aprova projeto que prorroga isenção do IPI de carros PCD,5,14.996722,-8.762509,False,False,False,False,False
509532,2021,Nova Chevrolet S10 Z71 deve ser lançada no Brasil no 2º semestre,0,-0.44233015,23.322454,False,False,False,True,False
512059,2021,Vídeo: Mercedes E63 S mostra ultrapassagem a 332 km/h na Autobahn,5,-23.143019,-60.448383,False,False,False,False,False
552381,2021,Hyundai HB20 fica mais caro e preço ultrapassa os R$ 100 mil,4,-4.874894,63.81421,False,False,False,False,False
504412,2021,Ford F-150 2021 chega à Argentina com motor V8 por US$ 70 mil,4,-55.378487,20.693306,False,False,True,False,False
508165,2021,Dacia Bigster aparece na versão de produção e virá ao Brasil,0,25.991505,-28.690685,False,True,False,True,True
511560,2021,Bolsonaro sanciona lei do pedágio por quilômetro rodado,5,15.134316,-10.15403,False,False,False,False,False
495538,2021,Segredo: Novo SUV de 7 lugares da Jeep poderá se chamar Patriot,0,41.190628,-6.6829133,False,False,True,True,True
518033,2021,Varejo em junho: Hyundai emplaca HB20 e Creta no topo pela 1ª vez,1,82.822876,8.622512,False,False,False,False,False
484097,2021,"Toyota Corolla fica até R$ 6,2 mil mais caro e parte de R$ 120.790",4,-2.777454,38.463966,True,True,False,False,True
508931,2021,Toyota vira tema de golpe com suposto aniversário de 80 anos,5,-15.730228,40.103752,False,False,False,False,False
550199,2021,Novo Audi A3 2022 chegou sem alguns itens devido crise de chips,5,-55.585773,-35.1242,False,False,False,False,False
486216,2021,Renault desiste de sedã do Kwid para focar em SUVs,0,25.3528,-33.074974,False,False,False,False,True
541543,2021,Jeep Compass celebra 315 mil unidades produzidas em 5 anos,0,38.34624,-1.8552101,False,False,False,True,True
528653,2021,"""R1 barata"", Yamaha R15 é flagrada em testes",2,47.421505,40.227463,False,False,False,False,False
555522,2021,Este BMW 316i Compact 1994 teve seu motor 1.6 trocado por um V12,3,-64.22504,-10.445306,False,False,False,False,False
492952,2021,Carros mais roubados de 2020: ranking mostra que sedãs são os alvos principais,5,8.050632,-8.8226795,False,False,False,False,False
552734,2021,Nova Yamaha Ténéré 700 2022 chega com grafismos mais nostálgicos,2,47.972034,43.090183,False,False,False,False,False
493959,2021,Inédita Picape Ford Maverick apostará em versão híbrida para encarar Toro no Brasil,0,-60.687717,20.144934,True,True,False,False,True
542348,2021,Novo BMW X1 2023 mostra escape quádruplo em novo flagra,0,-58.838737,-14.732629,True,True,False,False,False
534425,2021,Vídeo: Conheça o pneu que não fura e não precisa ser calibrado,5,0.24056756,-9.229406,False,False,False,False,False
555114,2021,Audi A3 Sedan estreia em 2º entre os sedãs premium em novembro,1,73.78841,-22.00673,False,False,False,False,False
495501,2021,Renault Captur 2020 é vendido em versão única antes de mudar,4,29.98917,-21.790312,False,False,False,False,False
511992,2021,"Lenda britânica, BSA pode voltar pelas mãos dos indianos",5,46.625065,31.78964,False,False,False,False,False
547543,2021,Ducati apresenta as novas Streetfighter V2 e V4 SP 2022,2,41.298706,38.218273,False,False,False,False,False
514755,2021,Novo Peugeot 3008 2022 tem interior revelado em teaser,0,17.082832,8.201258,False,True,False,False,True
522610,2021,Novo Fiat Pulse 2022 revela interior com painel digital da Toro,4,25.572508,30.547632,False,False,False,False,True
466930,2021,InsideEVs Alemanha: nova edição do site de mobilidade elétrica está no ar,5,4.1628914,-19.188341,True,True,False,False,False
546238,2021,Peugeot trabalha em SUV-cupê baseado no 3008,0,18.473078,5.8994365,False,True,False,True,True
520023,2021,Kia Carnival ganha versão que massageia até seus pés,4,-38.531536,47.591736,False,False,False,True,False
534314,2021,"A cada 10 motos roubadas em SP, 8 eram da Honda; Veja a lista",2,17.933767,-9.718919,False,False,False,False,False
496994,2021,Novo Chevrolet Captiva chega ao México em abril e não virá ao Brasil,4,-4.5267134,18.638847,False,False,False,False,True
512379,2021,Hyundai Creta bate recorde; veja os SUVs compactos mais vendidos,1,76.71856,-6.0526013,False,False,False,False,False
532837,2021,Tem iPhone? Apple pede para você não usá-lo na moto,5,7.174626,-3.420018,True,False,False,False,False
485708,2021,Novo Mercedes-Benz GLS 2021 estreia no Brasil em versão única por R$ 917.900,4,-26.093868,-66.384865,False,False,False,False,False
485897,2021,Ford Bronco Sport faz estreia na Argentina e deixa Brasil à espera,0,-64.22664,14.64847,False,False,False,False,True
522899,2021,"Flagra: Nova Duster Oroch deve ganhar apenas um facelift ""leve""",0,28.783438,-26.930887,False,False,False,False,True
548834,2021,"Novo Kia Sportage Hybrid faz até 16,5 km/litro e virá ao Brasil",4,-38.88642,49.74829,True,True,False,False,True
467114,2021,SUVs mais vendidos em 2020: Jeep Compass ultrapassa 60% de participação,1,79.051414,-8.06622,False,False,False,False,False
465092,2021,General Motors anuncia logo novo com foco no futuro de “emissões zero”,5,-1.1417421,10.071116,True,False,True,False,True
536720,2021,Royal Enfield tem 3 lançamentos para 2022,2,46.5727,32.677578,False,False,False,False,False
504351,2021,Achado: Galpão abriga dezenas de Chevette abandonados por 20 anos,5,7.5170503,-9.115725,False,False,False,False,False
552945,2021,Chevrolet Onix lidera e Peugeot 208 é único a crescer em novembro,1,76.1491,-14.97653,False,False,False,False,False
517100,2021,Novo Honda HR-V 2023 tem desenho registrado no Brasil,0,24.722406,61.88702,False,True,False,False,True
505276,2021,Yamaha Factor e Fazer 2022 têm novas cores a partir de R$ 11.090,2,47.04136,40.610676,False,False,False,False,False
511351,2021,Renault Triber: minivan do Kwid alcança 4 estrelas em segurança,5,37.97651,-37.166428,False,False,False,False,False
497082,2021,Ford F-150 tem produção suspensa nos EUA por falta de semicondutores,5,-45.72092,8.456282,False,False,False,False,False
509881,2021,"Volkswagen Taos 2022 é lançado: veja fotos, versões e preços",4,-23.451876,26.084475,False,True,False,False,True
545616,2021,Ford Maverick é lançada na Argentina pelo equivalente a R$ 220 mil,4,-59.52481,22.660358,False,True,False,True,False
491687,2021,BMW anuncia aumento de 10% no volume de produção da fábrica de Araquari (SC),3,-72.41096,-15.065428,False,False,False,False,False
527708,2021,Toyota reduzirá produção global em 40% por falta de chips,5,-18.410627,37.370323,False,True,False,False,True
499316,2021,Ford Escort estreia novidades para encarar VW Santana e Chevrolet Monza,0,-46.208923,19.429203,False,False,False,False,False
549653,2021,Como estão as vendas de carros em 2021 em comparação com 2019 e 2020?,5,36.290054,15.782926,False,False,False,False,False
532845,2021,BMW X1 M Sport vira versão definitiva no Brasil por R$ 309.950,3,-62.327496,-7.2229443,False,False,False,False,False
530967,2021,Jeep emplaca dupla no topo das vendas diretas em agosto,1,80.29904,10.706867,False,False,False,False,False
485422,2021,Leão redesenhado: Peugeot apresentará novo logotipo no final do mês,0,17.633726,7.0377283,False,False,False,False,False
530086,2021,Novas KTM RC 390 e RC 125 mostram que tamanho não é documento,2,42.701096,34.46569,False,False,False,False,False
524280,2021,"Veja como é a Ford Maverick XL, versão “pé de boi” da picape",0,-59.424374,21.109165,False,True,False,False,False
532074,2021,Toyota Corolla Cross tem preço equivalente a R$ 115.600 nos EUA,4,-4.80987,42.34401,False,True,False,False,False
537561,2021,"Careta? Honda cria ""Novo Civic"" bem mais descolado na China",2,26.987526,57.994244,False,False,False,False,False
503589,2021,Renault limitará velocidade máxima em 180 km/h a partir de 2022,5,20.747438,-24.357231,False,False,False,False,False
492011,2021,RAM Dakota: nova picape média cotada para o Brasil continua em desenvolvimento,0,13.910266,42.168766,False,False,False,False,False
516461,2021,Mitsubishi não tem planos para novo Lancer Evolution no momento,5,9.74984,-36.967857,True,True,False,False,False
538382,2021,Ford Maverick: primeiras unidades da picape chegam à Argentina,0,-60.08341,22.36628,True,True,False,False,True
485630,2021,"Sucesso da Strada, inédito SUV e Toro renovada fazem Fiat sonhar com a liderança",0,27.394884,22.122751,True,False,False,False,True
539210,2021,Nova Ford Ranger 2023 surge menos disfarçada e revela traseira,0,-55.47231,29.226938,False,True,False,True,True
516860,2021,Honda Prologue será SUV elétrico feito em parceria com GM,2,31.45206,59.32463,True,False,False,False,True
553078,2021,Novo Mitsubishi ASX 2023 promete brigar com T-Cross e Renegade,0,11.37403,-37.01814,True,True,False,False,True
511348,2021,Fiat irá revelar nome do novo SUV compacto na quarta-feira,0,26.173353,30.148085,False,False,False,False,True
521868,2021,KTM RC 8C custa R$ 213 mil e nem pode ser emplacada,2,42.84979,35.166214,False,False,False,False,False
492035,2021,Volvo reduzirá oferta de sedãs e peruas para priorizar SUVs,5,1.4072597,-17.442923,True,False,False,False,False
523811,2021,Europa: Tesla Model 3 conquista vice-liderança inédita em junho,1,63.12302,-4.810285,False,False,False,False,True
548966,2021,"Nissan Titan, irmã maior da Frontier, poderá não ter nova geração",0,-6.3547645,-52.61587,False,False,False,False,False
492053,2021,Jaguar Land Rover admite que perde vendas por problemas de qualidade,5,-15.650397,-33.375023,True,False,False,False,False
549629,2021,"SUV confirmado para o Brasil, novo Kia Niro será revelado dia 25",0,-37.857292,50.14925,True,True,False,False,True
551801,2021,"“Automobilismo não pode ser só elétrico”, diz astro do WRC",5,19.81822,-48.745663,False,False,False,False,False
541802,2021,Pulse ou Nivus: como o SUV da Fiat se compara ao rival da VW?,4,21.384731,28.003532,False,False,False,False,True
506937,2021,Novo Volkswagen Tiguan Allspace 2022 é apresentado oficialmente,0,-29.407757,12.750796,False,True,False,False,True
524998,2021,"Exceto o Kwid, Renault não tem mais carro abaixo dos R$ 70 mil",4,26.010399,-16.834415,False,False,False,False,False
517135,2021,Mercedes-Benz GLE 2023: SUV reestilizado é flagrado pela 1ª vez,0,-20.477701,-69.63692,False,True,False,True,True
512014,2021,Carros PCD: Câmara aprova teto de R$ 140 mil para isenção de IPI,5,14.801283,-8.482798,False,False,False,False,False
519897,2021,Vendas: Honda Civic reduz diferença para Toyota Corolla em junho,1,76.210884,-11.9985285,False,False,False,False,False
537659,2021,Crise: Opel fechará fábrica até 2022 por causa da falta de chips,5,-8.1895485,2.701019,True,True,False,False,True
498326,2021,Flagra: Novo SUV cupê da Fiat já roda no Brasil disfarçado de sedã,0,25.823177,30.867064,False,False,False,False,True
551782,2021,Novo Opel Astra Sports Tourer: beleza e esportividade contra SUVs,0,15.201631,7.824117,False,True,True,True,False
499062,2021,Projeção: Mitsubishi Lancer Evolution é imaginado em uma nova geração,0,11.080061,-35.470226,True,True,False,False,True
487076,2021,Picapes mais vendidas: Strada tem melhor janeiro desde 2015 e puxa alta do setor,1,79.67107,-12.773376,False,False,False,False,False
513347,2021,Jeep Renegade tem promoção com até R$ 7 mil de desconto,4,43.190895,1.460578,False,False,False,True,True
508152,2021,"Após 2 anos, Land Rover Evoque novamente será feito no Brasil",5,-17.401325,-32.001694,False,False,False,False,True
527743,2021,Honda terá inédito SUV emergente para brigar com Hyundai Creta,0,15.936888,60.352097,False,False,False,True,True
486648,2021,"Novo Honda City 2022: em breve no Brasil, já é sucesso na Índia",2,20.85997,57.822605,False,False,False,True,False
466561,2021,Bom de loja: Nissan Magnite acumula 30 mil reservas em um mês na Índia,0,6.884177,-49.070766,False,False,False,False,True
486380,2021,"Semana Motor1.com: Uno subiu no telhado, Corolla 2022, novo GLA e novidades FCA",0,-4.6696486,45.375042,False,False,True,False,True
541561,2021,"Novo Fiat Pulse 2022 é lançado; veja preços, itens e versões",4,18.61925,27.612122,False,False,True,False,True
513022,2021,Novo Peugeot 3008 2022 tem lançamento confirmado para junho,0,17.389086,8.080186,False,True,True,False,True
492937,2021,Como e por que os preços dos carros ficaram tão caros no Brasil?,5,17.191982,-5.2475266,False,False,False,False,False
513005,2021,Royal Enfield Classic Tribute Black será a última 500 do Brasil,2,46.117645,32.246773,False,False,False,False,False
517074,2021,Motos elétricas: interesse dos brasileiros cresce mais de 1000%,5,18.558681,-10.167167,False,False,False,False,False
543500,2021,Porsche Cayenne terá novo design e interior antes da nova geração,0,-48.5885,-13.769969,False,False,False,False,True
550781,2021,BMW oferece emblema retrô para comemorar 50 anos da divisão M,3,-68.59167,-13.241548,True,False,False,False,False
556378,2021,Flagra: Novo Toyota Yaris já roda sem camuflagem,0,-12.433796,45.96322,False,False,False,False,False
534299,2021,Hyundai Creta 2022 chega às lojas; versão topo fica mais barata,4,-8.972586,65.26471,False,False,False,False,True
505273,2021,Marcas: Fiat lidera e amplia vantagem sobre Volkswagen em abril,1,72.33002,-5.8613825,False,False,False,False,False
501196,2021,Sedãs premium em março: BMW Série 3 amplia vantagem entre médios,1,73.607025,-22.406752,False,True,False,False,False
514160,2021,"Honda CG e rivais têm 45 dias de fila de espera, diz Abraciclo",5,45.67455,16.550253,False,False,False,False,False
492920,2021,"Novo Peugeot 308 2022 é flagrado descoberto ostentando novo logo ""premium""",0,17.753893,7.508006,False,False,False,False,False
527418,2021,CNH: 5 infrações de moto que causam suspensão automática,5,14.686035,-11.321814,False,False,False,False,False
491758,2021,Fiat amplia liderança em fevereiro fraco; veja ranking de marcas e modelos,1,82.60895,6.0440784,False,False,False,False,False
502282,2021,"Esperado no Brasil, Nissan Magnite supera 50 mil pedidos na Índia",4,7.1382604,-49.217327,False,False,True,False,True
494509,2021,"BMW X7 Dark Shadow Edition inicia pré-venda por R$ 1,09 milhão em plataforma de luxo",3,-62.788982,-7.147161,False,False,False,False,True
525458,2021,Hyundai HB20S se aproxima do líder Cronos nas vendas de julho,1,73.44071,-12.468898,False,False,False,False,False
532855,2021,Dodge lançará novo SUV médio com DNA chinês na América Latina,0,-12.600875,-6.122874,False,False,False,False,True
515010,2021,Último Audi com motor a combustão deve ser lançado em 2026,0,-51.903194,-31.493973,True,True,False,True,False
499318,2021,Aston Martin confirma os modelos que serão vendidos no Brasil,5,-15.907875,-12.968034,False,False,False,False,False
535181,2021,Jeep Renegade tem descontos de até R$ 10 mil no preço em promoção,4,42.93065,-0.23052898,False,False,True,True,True
514746,2021,"Kia Telluride, maior SUV da marca, atualiza design com nova grade",0,-38.364986,48.33115,False,False,False,False,True
521928,2021,Honda deve lançar novo SUV compacto no lugar do HR-V na Índia,0,15.974354,60.34214,False,False,False,True,True
492702,2021,SUVs compactos mais vendidos em fevereiro: Renegade lidera pelo 4º mês seguido,1,76.04011,-5.485917,False,False,False,False,False
529134,2021,Peugeot 308 que não foi lançado no Brasil é vendido em leilão,0,20.01767,5.1538506,False,False,False,False,False
557268,2021,Chevrolet Tracker 2022 perde câmbio manual e parte de R$ 109.970,4,-0.13816267,29.002586,False,False,False,False,True
557222,2021,Motoristas deixam porta-malas abertos para evitar furtos nos EUA,5,3.9262714,-10.968485,False,False,False,False,False
464583,2021,Novo Nissan Kicks 2021 tem preços divulgados nos EUA; Brasil aguarda,4,-2.6393144,-51.267387,False,True,False,False,False
491347,2021,"Jeep ""nega respeitosamente"" pedido para deixar de usar o nome Cherokee",5,35.00214,-5.7580338,False,False,False,False,False
510525,2021,Rolls-Royce Phantom é apreendido por usar couro de crocodilo,5,8.1669235,-8.054741,False,False,False,False,False
553161,2021,Jeep Commander 2022 tem novo aumento e parte de R$ 207.990,4,45.172207,-2.135444,False,False,False,True,True
529155,2021,Hyundai confirma construção de nova fábrica de motores no Brasil,0,-12.858519,58.905743,False,False,False,False,False
534587,2021,Pininfarina reimagina design do icônico troféu Autosport Awards,5,21.634592,-45.8559,False,False,False,False,False
554468,2021,Motos: produção no Brasil é a maior desde 2015 no acumulado,5,46.094074,16.00538,False,False,False,False,False
530875,2021,Ford começa a produzir picape Maverick; chega ao Brasil em 2022,0,-60.46786,21.415857,False,True,False,False,True
465740,2021,Novo Honda Civic Type R será o último carro da marca sem eletrificação na Europa,2,26.413994,57.302246,True,True,False,False,False
522891,2021,SsangYong divulga teaser e sugere novo SUV com design de Renegade,0,33.551403,-6.7503357,True,False,False,False,True
525118,2021,Hyundai Custo: novas imagens confirmam design inspirado no Tucson,0,-32.907642,48.503166,False,False,False,False,False
526551,2021,Governo aprova isenção de pedágios para motos,5,16.156431,-9.741229,False,False,False,False,False
523123,2021,"Toyota Corolla Cross: depois do Brasil, SUV será lançado no Japão",0,-5.5518575,43.210373,False,True,False,False,True
525744,2021,Ford anuncia fim da produção da Troller em setembro,5,-45.577404,7.981423,True,False,False,False,False
514489,2021,Toyota não deve depositar todas as fichas somente em elétricos,5,6.182989,-22.790873,True,True,False,False,True
507179,2021,Stellantis celebra Fiat e Jeep e prevê crescimento das francesas,5,26.14726,1.2074946,False,False,False,False,True
510102,2021,BMW 320i GP 2022 estreia novos equipamentos por R$ 267.950,3,-63.133926,-6.8771534,False,False,False,False,False
494964,2021,Motor 1.3 turbo da Stellantis: os detalhes do motor nacional mais moderno,0,9.46997,8.31225,False,False,False,False,True
485950,2021,Volkswagen Nivus entra em programa de assinatura por R$ 2.249 ao mês,4,-20.067255,24.43804,False,False,False,False,False
528618,2021,Nova Kia Carnival chega ao Brasil com pegada SUV por R$ 479.990,4,-32.52388,-1.1526568,False,False,True,False,True
524322,2021,Honda renova a CRF 250F para 2022 e parte de R$ 17.550,2,40.85491,44.128838,False,False,False,False,False
466970,2021,BMW 320i nacional agora é flex e linha 2021 tem preços a partir de R$ 245.950,3,-65.48497,-8.380849,False,True,False,False,False
522836,2021,Waze agora mostra condições do trânsito antes de escolher rota,5,8.936773,-8.707442,False,False,False,False,False
503645,2021,Hyundai lança sistema Bluelink para HB20 com mensalidade de R$ 30,5,-16.460537,57.28643,False,False,False,False,True
527207,2021,Haojue Master Ride chegará às lojas em setembro,2,42.597816,34.358368,False,False,False,False,False
482385,2021,Novo Hyundai Tucson N Line aposta em visual esportivo sem mexer no motor,0,-15.470105,63.666122,False,True,False,True,False
527735,2021,Assista: VW Touareg V10 turbodiesel anda a 240 km/h em Autobahn,4,-18.202183,-13.810479,False,False,False,True,True
508676,2021,Porsche Cayenne Coupé Turbo ganhará uma versão ainda mais potente,0,-31.896843,-47.09005,False,False,False,False,False
486425,2021,Nivus supera Kicks e HR-V nas vendas de janeiro; veja ranking de SUVs compactos,1,76.16515,-5.390197,False,False,False,False,False
551731,2021,MotoGP poderá usar etanol a partir de 2024,5,6.0877213,-18.65079,True,False,False,False,False
553040,2021,Porsche Vision Gran Turismo é revelado e só existirá nos games,5,-31.86396,-42.816467,True,False,False,False,False
518495,2021,Renault Captur: veja a trajetória ao lado do Duster no Brasil,1,71.58585,-11.419241,False,False,False,False,True
540456,2021,Fiat Toro supera Strada e é picape mais vendida em setembro,1,79.94682,-13.0148115,False,False,False,False,False
501555,2021,Chevrolet lança Onix 2022 com aumento de preços; veja tabela,4,4.819432,22.679668,False,False,False,False,False
516222,2021,Vídeo: Ford mostra como deixar crianças no carro é perigoso,5,-54.73604,7.5439215,False,False,False,False,False
554846,2021,Motorsport Watches: paixão e desempenho quando cada segundo conta,5,21.241982,-46.743317,False,False,False,False,False
494791,2021,"Chevrolet Equinox reestilizado perderá motor 2.0 turbo, diz site",0,-4.5217433,18.275501,False,False,False,False,True
551246,2021,Projeto quer regulamentar mototáxi por aplicativo no Brasil,5,12.666719,-11.755962,False,False,False,False,False
493238,2021,Novo BMW M3 2021 chegará ao Brasil ainda neste 1º semestre,3,-62.67193,-8.067149,False,False,False,False,False
540941,2021,BMW Série 3 vendeu quase 11 vezes mais que o Audi A4 em setembro,1,73.710724,-21.735653,False,False,False,False,False
543203,2021,Nova Chevrolet S10 Z71 chega com visual off-road por R$ 260.490,4,-2.4744825,26.598103,False,False,True,True,False
498030,2021,Flagra: Caoa Chery Tiggo 8 Plus aparece no Brasil e deve ser novo SUV da marca,0,-39.028805,-29.198103,False,False,False,False,True
543449,2021,Contato: VW ID.3 e ID.4 estudam mercado brasileiro para 2022,5,-22.941708,1.8475475,True,False,False,False,True
536742,2021,Peugeot Landtrek poderá chegar ao Brasil com novo motor diesel,0,24.844301,8.1880665,False,False,False,True,True
523398,2021,Rodízio em São Paulo voltará ao horário normal no dia 2 de agosto,5,15.752585,-9.114067,False,False,False,False,False
547661,2021,BMW domina segmento de SUVs premium em outubro,1,77.04481,-22.837288,False,False,False,False,False
535227,2021,Fiat Cronos repete sucesso do Prêmio e terá produção ampliada,5,27.79424,18.247643,False,False,False,False,False
556118,2021,Lançamentos Volkswagen 2022: novidades previstas para o Brasil,0,-29.656614,23.170729,True,True,False,False,True
492283,2021,"BMW G 310 R, G 310 GS e F 750 GS Sport têm financiamento com taxa 0% em março",3,-72.61886,-1.5539206,False,False,False,False,False
525080,2021,Fiat Toro 2022 tem aumento de até R$ 6 mil - Veja os preços,4,14.880421,22.24297,False,False,False,True,False
482188,2021,"Nova Kawasaki KLR650 2022 retoma conceito trail ""utilitária"" na marca",2,40.937416,40.53758,False,False,False,False,False
549969,2021,Land Rover inicia produção nacional do novo Range Rover Evoque,5,-17.450396,-31.897501,False,False,False,False,True
550453,2021,"Audi E-Tron terá facelift, mas terá novo Q8 E-Tron como sucessor",0,-55.39072,-32.188576,True,False,False,False,True
512800,2021,Projeção: Novo Ford Fusion 2023 será sedã com conceito inovador,0,-46.555637,18.784222,False,True,False,True,False
541026,2021,Ducati Scrambler 2022 ganha duas novas versões,2,41.654533,36.081528,False,False,False,False,False
518480,2021,Renault lança novo Captur 2022 com motor 1.3 turbo; veja preços,4,-32.495235,-2.017087,False,False,True,False,True
497045,2021,Caoa Chery fará mais um SUV em Jacareí (SP) acima do Tiggo 2,0,-38.91697,-29.403214,False,False,False,False,True
538621,2021,Motos em setembro: Yamaha e Shineray batem recorde,2,47.63371,17.461412,False,False,False,False,False
526265,2021,"Brasil deve fabricar mais de 1,2 mi de motos em 2021",5,45.623993,16.240318,False,False,False,False,False
556188,2021,"Royal Enfield oferece reprogramação para Meteor, Himalayan e 650",2,46.171474,32.37346,False,False,False,False,False
466873,2021,Aumento do ICMS para carros usados em SP vai parar na justiça,5,16.456331,-6.4193697,False,False,False,False,False
488431,2021,Projeção: Mitsubishi Lancer é imaginado nos dias atuais,0,11.303424,-35.15248,True,False,False,False,True
505003,2021,"Subcompactos devem dobrar de preço na Europa, diz CEO da Renault",5,8.4196825,-21.784521,True,False,False,False,False
540993,2021,Ford Maverick tem duas versões e preço de R$ 170 mil no México,4,-59.993923,21.69728,False,False,True,False,True
525284,2021,Mercado de importados cai quase 10% em julho; Volvo XC60 lidera,1,60.66046,4.4533434,False,False,False,False,False
493583,2021,Jeep Compass 2021 tem promoção com R$ 8.000 de desconto antes da reestilização,4,43.13719,1.0989202,False,False,False,True,False
495936,2021,VW Polo Track terá estilo aventureiro e lançamento antes do Polo reestilizado,0,-20.935085,15.828484,False,False,True,False,False
486662,2021,Range Rover Sport alcança 1 milhão de unidades vendidas desde 2005,0,-17.566881,-31.792784,True,True,False,True,True
532053,2021,"Depois do Brasil, Ford anuncia fechamento de fábricas na Índia",5,-45.792282,8.915995,False,False,False,False,True
527719,2021,"""Hotel para carros"", Box 54 reúne e cuida de antigos e exóticos",5,8.1358185,-8.805494,False,False,False,False,False
496284,2021,Hyundai HB20 2022 adiciona controle de estabilidade e 4 airbags de série,4,-7.2929792,63.07934,False,False,False,False,False
531884,2021,Jeep Renegade 2023: SUV reestilizado mostra novidades em flagra,0,42.76365,-7.43801,False,False,False,True,True
542063,2021,Kia muda logo no Brasil e prepara novo SUV híbrido para novembro,0,-38.983673,50.221703,True,True,False,False,True
482775,2021,Flagra: Novo Hyundai Creta 2022 terá frenagem autônoma e disco nas 4 rodas,0,-15.826589,67.32704,False,False,False,False,True
488670,2021,Subaru prepara submarca com proposta fora-de-estrada,5,-4.4770026,-10.099448,False,False,False,False,False
503727,2021,Mini Cooper S Cabrio 2022 chega ao Brasil a partir de R$ 269.990,4,-43.98644,-9.77566,False,False,False,False,False
503882,2021,Nova Suzuki GSX-S1000 2022 chegará ao Brasil com 152 cv,2,6.195328,55.7045,False,False,False,False,False
492875,2021,Nova Volkswagen Amarok 2023 pode ganhar versão esportiva rival da Ranger Raptor,0,-52.426212,30.793093,False,False,False,True,False
534728,2021,Novas Toyota Hilux e Tacoma serão unificadas e estrearão em 2023,0,-15.007376,34.925816,True,True,False,False,True
486598,2021,Ferrari 812 GTO Aperta pode ser a última equipada com motor V12 aspirado,5,13.667079,-61.111877,True,True,False,False,False
506162,2021,Anfavea: Indústria dribla falta de insumos e cresce em abril,5,42.160557,13.639458,False,False,False,False,False
555787,2021,BMW e TVS estendem parceria para produzir motos elétricas,3,-72.76722,-10.383923,True,False,False,False,False
531321,2021,Big trails em agosto: Honda Africa Twin passa Versys e GS,2,46.959778,18.221972,False,False,False,False,False
544727,2021,Honda XRE 190 ou Dafra NH 190: o que cada aventureira traz?,2,39.489,45.259933,False,False,False,False,False
521837,2021,Tom Cruise revive filme Top Gun a bordo do Porsche 911 GT3 2022,5,-31.90179,-42.790573,False,False,False,False,False
550785,2021,"Aguardado no Brasil, Nissan Magnite faz sucesso na Índia",4,7.111141,-49.200428,False,False,True,False,True
487694,2021,Citroën C3 Aircross retoca visual e dá pistas sobre inédito SUV no Brasil,0,47.42656,-21.154474,False,False,False,True,True
481573,2021,Novo Sentra na Stock Car pode trazer divisão esportiva NISMO ao Brasil em 2022,5,0.45808265,-46.266777,False,False,False,False,False
495964,2021,Volkswagen não terá novos motores a combustão,5,4.6172585,-23.016136,True,True,False,True,False
514460,2021,Nova Honda CG 160 2022 é apresentada com novo visual,2,37.9448,47.322216,False,False,False,False,False
503807,2021,Novo Volkswagen Polo GTI 2022 tem design adiantado em projeção,0,-31.979874,25.76136,False,False,False,False,False
515973,2021,Novo Renault Captur 2022 terá motor 1.3 turbo de 170 cv,4,30.129112,-23.706682,False,False,False,False,True
552716,2021,Nova Husqvarna Norden 901 tem preço confirmado,2,40.990448,39.74933,False,False,False,False,False
549941,2021,Kia cancela planos e não terá picape para brigar com Hilux e S10,0,-30.762918,56.199867,False,False,False,True,False
532338,2021,Nova Tornado existe... Mas é uma moto da Benelli?,2,43.056026,34.880524,False,False,False,False,False
542335,2021,"Baseada na Africa Twin, Honda apresenta a inédita NT 1100",2,38.345394,46.62647,False,False,False,False,False
522582,2021,Flagra: Novo Creta ganhará design do Tucson e grade iluminada,0,-20.187218,68.55377,False,False,False,False,False
518968,2021,Novo Jeep Commander 2022 ganha site especial antes de lançamento,0,42.09529,-6.6693554,False,True,False,True,True
534405,2021,Engenheira cria bolsa para proteger carros durante enchentes,5,3.167793,-11.560758,False,False,False,False,False
496821,2021,Novo Ford Bronco será lançado em maio no Brasil e ganha teaser,0,-63.96778,14.391619,False,False,False,False,True
494989,2021,Lamborghini passará a priorizar dirigibilidade ao invés de aceleração,5,-6.491457,-13.621112,True,True,False,False,False
524082,2021,Toyota Corolla Cross Special Edition está de volta por R$ 192.690,4,-4.638174,42.111523,False,True,True,False,True
503153,2021,"Honda HR-V recebe melhorias da Mugen, preparadora da marca",2,29.545992,57.25895,True,False,False,False,True
532351,2021,Fábrica de airbags registra equipamento para motos,5,7.3613977,-4.211492,False,False,False,False,False
548610,2021,Nova Honda CB 250F Twister 2022 chega em dezembro por R$ 17.190,2,39.414795,46.74018,False,False,False,False,False
486223,2021,Toyota Hiace: van com motor de Hilux pode ser fabricada na Argentina,5,-20.298647,39.38713,False,False,False,True,False
516918,2021,Aston Martin Valkyrie AMR Pro é revelado com mais de 1.000 cv,5,-14.515892,-16.045547,False,True,False,False,False
494140,2021,VW Tiguan Allspace aparece com novo visual pela primeira vez,0,-29.109072,12.270229,False,True,False,False,True
529157,2021,Nova Royal Enfield Classic chegará em setembro,2,46.514732,32.50184,False,False,False,False,False
508367,2021,Novo Citroën C3 para o Brasil tem design revelado em miniatura,0,46.1923,-21.491056,False,False,False,False,True
541537,2021,Novo Citroën C4 L mostra o que esperar do próximo sedã brasileiro,0,45.448513,-21.198902,False,False,False,True,True
615411,2022,"Land Rover Defender 130, de 8 lugares, é homologado no Brasil",4,-17.286709,-30.49325,False,True,False,True,True
574863,2022,Tesla Model S alugado é destruído após pular em rua em Los Angeles,5,2.2285717,-12.117953,False,False,False,False,False
616383,2022,"Fiat, Jeep, Peugeot e Citroën oferecem peças usadas com preço 40% menor",5,24.544765,0.19449724,False,False,False,False,False
562821,2022,"Longe do Brasil, Ford Focus aposta no etanol contra eletrificação",0,-48.15641,15.879453,True,True,False,False,False
609825,2022,Flagra: Citroën testa SUV de 7 lugares que será lançado no Brasil em 2023,0,49.433666,-21.552065,False,False,False,False,True
572209,2022,Stellantis está preocupada com escalada do preço de carros novos,5,24.230621,-0.431376,True,False,False,False,False
616860,2022,Nova Yamaha Lander 2023 aparece no site; veja o preço e o que muda,2,45.90622,43.56207,False,False,False,False,False
608041,2022,"Carros mais baratos: veja preços das versões básicas de Gol, Onix, C3, HB20 e cia",4,14.741172,27.40856,False,False,False,False,False
566647,2022,Ford Ranger Raptor 2023 ganha teaser e data de estreia; confira,0,-52.47289,28.76941,False,False,False,True,False
607827,2022,"Petrobras anuncia nova redução de R$ 0,25 no preço da gasolina",5,23.050907,-9.745963,False,False,False,True,False
571250,2022,Jeep Wagoneer e Grand Wagoneer têm desenhos registrados no Brasil,0,33.035515,-2.3717546,False,True,False,False,True
569558,2022,Renault Duster sai de linha na Índia diante da concorrência feroz,0,26.510067,-32.686794,False,False,False,True,True
585260,2022,Ford intensifica testes com SUV médio feito na plataforma da Maverick,0,-55.729404,15.957767,True,True,False,False,True
596671,2022,"Vendas no semestre: Strada, HB20 e Onix fazem o pódio no acumulado do ano",1,83.22004,7.159203,False,False,False,False,False
626455,2022,Carro mais barato na Argentina já beira o equivalente a R$ 100 mil,5,19.059685,-17.36055,False,False,False,False,False
623243,2022,Chevrolet FNR-XE antecipa inédito sedã elétrico com jeitão de Camaro,0,-1.7547847,13.28427,True,False,False,False,False
598566,2022,Honda deixará de oferecer CR-V e Insight no Japão; até Accord terá mudanças,2,27.358654,59.737076,True,True,False,False,True
601974,2022,Flagra: Novo Porsche Panamera 2024 aparece com rodas de parafuso central,5,-33.00675,-44.55715,False,False,False,False,False
578111,2022,Toyota fechará fábrica de São Bernardo do Campo após 60 anos,5,-17.950949,38.407272,False,False,False,False,False
586625,2022,Flagra: Ford testa nova Ranger na Argentina e chega em 2023,0,-55.01773,29.234524,True,True,False,True,True
603789,2022,"Ford apresenta Mustang Mach-E no Brasil, mas apenas para desenvolvimento",5,-52.64088,9.427238,True,False,True,False,False
626406,2022,Mini Cooper de nova geração realiza últimos testes antes da estreia,0,-46.487568,-12.395046,True,False,False,True,True
589142,2022,"Com mais de 1.000 cv, Mercedes-AMG One será apresentado dia 1º de junho",5,-22.886,-61.126595,True,False,False,False,False
611995,2022,BMW prepara i1 e i2 como carros elétricos de entrada da marca,3,-65.7822,-15.746585,True,False,False,False,True
564920,2022,Ranking: os 50 carros mais vendidos no Brasil em janeiro de 2022,1,83.011696,7.5382442,False,False,False,False,True
578083,2022,"Vendas de carros novos caem 23,8% em março no 9º mês consecutivo de queda",1,72.409164,-5.7400093,False,False,False,False,False
621397,2022,China cancela Salão de Pequim e Guangzhou por causa de Covid,5,-3.8694384,-27.774347,False,False,False,False,False
566029,2022,Confira os 20 SUVs compactos mais vendidos em janeiro de 2022,1,76.50939,-6.0365276,False,False,False,False,False
615057,2022,Honda XRE 300 2023 aparece no site; veja os preços e o que muda,2,39.40935,45.613094,False,False,False,False,False
604137,2022,"Semana Motor1.com: Novo Toyota Yaris, Tiggo 8 Pro, fim da autoescola e mais",0,-10.769842,28.522377,True,True,False,False,True
613129,2022,"Ford F-250 Super Duty 2023 estreia novo visual e motor V8 de 6,8 litros",0,-56.15236,23.546154,False,False,False,True,False
625117,2022,Toyota C-HR Prologue antecipa segunda geração do SUV anti-HR-V,0,-11.8981285,41.407528,False,True,False,False,True
566962,2022,Honda CB 500 ganha faróis de LED em toda a linha e mais novidades,2,35.42151,49.431973,False,False,False,False,False
587156,2022,Mercedes-Benz revela teaser inédito de sedã que pode ser sucessor do CLA,5,-17.068787,-64.07114,True,False,False,False,True
606280,2022,Toyota Sienta 2023 é van híbrida de 7 lugares que mais parece ser Fiat,0,-10.97175,39.01376,True,True,False,False,False
617364,2022,Stellantis quer suavizar regras anti-poluição e priorizar híbridos,5,4.6640377,-20.546928,True,True,False,True,False
587604,2022,BMW lança M 1000 RR em comemoração aos 50 anos da divisão esportiva,3,-72.42574,-8.336728,False,False,False,False,False
622600,2022,Nova Honda Fireblade 2023 chega com opção de pintura histórica,2,36.418438,49.22433,False,False,False,False,False
624136,2022,"Sem clube, Cristiano Ronaldo se consola com Bugatti de 8 milhões de euros",5,-9.444955,-11.0062065,False,False,False,False,False
627042,2022,Confirmado: novos Volkswagen Golf e Tiguan serão elétricos,0,-37.07977,27.42422,True,True,True,False,True
607612,2022,Honda CG 160 Start 2023: veja o preço e o que muda na versão mais barata,2,35.362724,48.930656,False,False,False,False,False
622088,2022,"No Brasil em 2023, nova Ford Ranger inicia vendas na Europa",0,-54.287518,29.742708,False,False,False,True,False
623626,2022,Peugeot terá conceito para adiantar nova geração de elétricos dedicados,0,17.338774,5.3266497,True,False,False,False,False
561248,2022,Sedãs premium mais vendidos: BMW Série 3 é tricampeão em 2021,1,73.73655,-22.190573,False,False,False,False,False
607109,2022,"Nova Bajaj CT 125X 2023 é lançada com preço de R$ 4,5 mil",2,41.47543,34.107853,False,False,False,False,False
571905,2022,Confira estes caminhões de 3.000 cv tirando racha carregados,5,-13.270338,-15.746649,False,False,False,False,False
595719,2022,Nova Toyota Tacoma intensifica testes e dá o caminho da próxima Hilux,0,-23.849106,42.000275,True,True,False,False,False
615734,2022,"Vendas de picapes em setembro: VW Saveiro cresce, mas Strada ainda é líder",1,80.10069,-13.207112,False,False,False,False,False
568978,2022,SP: mortes no trânsito caíram 10% em janeiro,5,16.697792,-9.318553,False,False,False,False,False
563372,2022,"Confirmada, Ram 3500 será a picape diesel mais potente do Brasil",0,12.685912,39.113716,False,False,False,True,False
583859,2022,Kia Soul 2023 ganha bocão metálico em reestilização de meia-vida,4,-36.092953,47.005455,False,False,False,False,False
612205,2022,Volkswagen Gen.Travel adianta o futuro dos carros autônomos,5,-19.861753,4.0679345,True,False,True,False,False
628282,2022,Hyundai Creta ganhará novo visual e motor 1.5 turbo de 160 cv na Índia,0,-15.6505165,67.85477,False,True,False,False,True
609882,2022,Royal Enfield lança nova Classic 350 no Brasil e preço parte de R$ 18.490,2,46.3583,33.6626,False,False,False,False,False
603045,2022,Nova Honda Forza 350 2022: Veja o preço e como anda a maxi-scooter,2,40.634937,45.54145,False,False,False,False,False
624379,2022,"Hyundai i20, que inspirou facelift do HB20, também terá renovação",0,-20.215794,67.76658,False,False,False,False,False
596143,2022,Citroën C4 Cactus é ofertado com parcela final só para daqui 2 anos,4,29.391365,6.448917,False,False,False,False,True
589963,2022,Novo Passat elétrico? Volkswagen testa inédito sedã com ares de cupê,0,-24.71547,0.877485,True,False,False,False,False
590912,2022,"Caoa Chery anuncia taxa zero para Tiggo 5x PRO, Tiggo 7 PRO e Tiggo 8",4,-40.211365,-29.631487,False,False,False,False,False
563376,2022,Ford Maverick tem pedidos suspensos em razão da alta procura,0,-60.397873,21.820826,False,True,False,False,True
625897,2022,Volkswagen Amarok pode receber versão esportiva anti-Raptor,0,-52.28675,30.95754,False,False,False,False,False
622333,2022,Citroën C3 Aircross 2024 intensifica testes e será vendido no Brasil,0,48.41738,-21.809937,False,False,False,False,True
587787,2022,"No Brasil em 2023, novo Honda CR-V híbrido ganha primeiras fotos oficiais",2,25.935097,60.227654,False,True,False,False,True
570122,2022,Strada líder e City em alta: veja ranking da parcial de fevereiro,1,71.6834,20.405146,False,False,False,False,False
585510,2022,Nova Ford Ranger fabricada na Argentina terá 46% de conteúdo local,0,-56.043602,25.26601,False,False,False,True,False
617558,2022,Latin NCAP: Fiat Strada decepciona e recebe somente 1 estrela em segurança,5,40.631645,-36.48385,False,False,False,False,False
569522,2022,Novo Citroën C3 ganha hotsite e terá 13 opções de cores,0,48.230774,-20.499346,False,False,False,False,False
574645,2022,"Semana Motor1.com: Tarok chegando, Pulse Abarth, C3, GLA e GLB 35",0,-4.672118,-5.8958893,False,False,False,False,True
580038,2022,Sedãs de luxo em março: BMW Série 3 lidera pelo 30º mês consecutivo,1,73.75622,-21.925941,False,True,False,False,False
601984,2022,Novo Ford Mustang 2024: motor V8 deverá ter potência de quase 500 cv,0,-52.347195,-1.3851151,False,True,False,False,False
582183,2022,Hyundai Azera 2023: foto revela volante curioso e painel com 3 telas,0,-19.936712,66.6121,True,True,False,False,False
572686,2022,"Petrobras aumentará preço da gasolina em 18,77%",5,23.116533,-9.426195,False,False,False,True,False
591460,2022,"Nova scooter aventureira, Yamaha X-Force é alternativa à Honda ADV no Japão",2,47.82272,43.766945,False,False,False,False,False
559346,2022,Cinema no carro: conceito da BMW tem tela de 31 polegadas 8K,3,-68.206116,-11.886672,False,False,False,False,False
591193,2022,Novo Volkswagen Virtus tem preço equivalente a R$ 70.300 na Índia,4,-28.247068,19.785126,False,False,False,False,False
610526,2022,"Ferrari elétrica chega em 2025 e será ""única e verdadeira"", diz CEO",5,12.885039,-64.55156,True,True,False,False,True
628006,2022,Great Wall: picape rival de Hilux muda de visual antes da chegada ao Brasil,0,-33.028976,-19.876453,True,True,False,True,False
562822,2022,Produção de motos em 2021 foi a melhor desde 2015,5,46.224766,16.393904,False,False,False,False,False
570727,2022,Análise: Gran Turismo 7 volta às origens em grande forma,5,3.439278,-13.828497,False,False,False,False,False
605768,2022,Baby Renegade: Novo SUV Jeep terá versão a gasolina; será que vem ao Brasil?,0,39.15797,-9.186921,True,False,False,True,True
590433,2022,Designers da nova Honda Hornet dão mais detalhes da futura esportiva,2,33.77419,52.847435,False,False,False,False,False
597759,2022,"Citroën explica design do novo C3 e diz que será ""hatch com atitude SUV""",0,46.558403,-21.143082,False,False,False,False,True
601293,2022,Flagra: Estradeira 650 da Royal Enfield continua em testes na Índia,2,46.6318,32.792282,False,False,False,False,False
628571,2022,Projeção: Novo BMW X2 2024 terá versão elétrica e mudará para ser um mini-X4,3,-62.671116,-15.433224,True,True,False,True,True
570412,2022,Ford Ranger 2023 chega menos equipada por a partir de R$ 220 mil,4,-52.505928,26.433588,False,False,False,True,False
627541,2022,Revelado: Suzuki Jimny de 4 portas aparece sem disfarces em flagra,0,3.3792746,52.936493,False,True,False,False,False
613616,2022,Tata Tiago EV é elétrico para as massas que roda mais que Kwid E-Tech,4,-23.750557,-10.442744,True,False,False,False,False
599710,2022,Fábrica da GM em Gravataí já fez Celta e agora completa 22 anos,5,4.550259,11.213295,False,False,False,False,False
594698,2022,Hyundai Creta 2023 ganha comando de voz para abertura do teto solar,4,-9.053468,11.317361,False,False,False,False,True
584329,2022,Volkswagen T-Cross e Nivus são vendidos com taxa zero em maio,4,-16.952736,23.97712,True,False,False,False,True
614543,2022,"Por nova Montana, Chevrolet aumenta produção de motores em Joinville (SC)",5,4.584259,11.650541,False,False,False,False,True
688104,2022,"F1: Batida proposital de Pérez teria motivado 'não' de Verstappen a pedido de troca de posição em Interlagos, diz jornalista",5,27.45047,-58.31959,False,False,False,False,False
606757,2022,Jeep Commander fecha 1º ano de mercado com 16 mil unidades vendidas,4,39.34727,1.3727669,False,False,False,True,True
628304,2022,"No Brasil em 2023, Nissan Versa reestilizado já é produzido no México",4,-2.5897675,-50.913853,False,False,False,False,False
559793,2022,Nova Nissan Frontier 2023 já aparece para o público na Argentina,0,-11.2839,-50.27985,False,False,False,True,False
578806,2022,Fiat Pulse sobe de preço e anula efeito do IPI reduzido; veja tabela,4,15.505978,22.708477,False,False,False,False,False
593233,2022,"Hyundai Veloster sairá de linha em julho, segundo publicação",0,-16.576227,63.242264,False,True,False,False,True
578605,2022,Novo Honda Civic Type R faz recorde em Suzuka antes da estreia,2,26.538088,56.87213,False,False,False,False,False
621708,2022,Porsche Macan elétrico terá mais de 610 cv e estreará em 2024,5,-34.296684,-41.934696,True,False,False,False,True
600542,2022,"Com Tesla Model Y líder, mercado chinês registra alta após 3 meses",1,67.58506,-4.4856873,False,False,False,False,False
622525,2022,Novo Subaru Impreza 2024 renova fórmula e tem versão RS com 185 cv,4,-33.544426,0.54796976,False,False,False,False,False
571999,2022,Novo Nissan Sentra já roda em testes no Brasil; veja flagra,0,-0.9106297,-49.35183,False,False,False,False,False
572909,2022,Jaguar Vision Gran Turismo Roadster estreia no Gran Turismo 7,5,-15.310133,-15.700993,True,False,False,False,False
585514,2022,Novo Honda HR-V 2023 ganha hotsite e chega ao Brasil em agosto,2,28.506207,60.412754,True,True,False,False,True
623100,2022,"Preço da gasolina sobe pela sexta semana seguida e alcança R$ 5,05",4,23.126272,-9.270624,False,False,False,True,False
571486,2022,Bugatti Chiron Super Sport mal cabe no drive thru do McDonald's,5,-19.136806,-15.268375,False,False,False,False,False
600540,2022,"Ford Evos, SUV-perua sucessora do Fusion, é mostrada em detalhes",0,-51.830135,14.623169,False,False,False,False,True
563602,2022,Novo Mitsubishi ASX 2023 aparece em teaser e terá base de Renault,0,11.43577,-36.951046,True,True,False,False,True
621382,2022,Kawasaki mostra a inédita Ninja elétrica e motos híbridas,5,42.204975,31.101614,True,True,False,False,False
592137,2022,"No Brasil em 2023, novo Honda Civic Type R é flagrado rodando na estrada",2,26.910595,57.571358,False,False,False,False,False
566598,2022,Jeep Renegade 2022 1.3 turbo é lançado entre R$ 123.990 e R$ 163.290,4,43.095257,-5.128204,False,False,False,True,True
598556,2022,Jeep Compass terá versão Sport com motor 2.0 turbodiesel na linha 2023,4,43.04664,-3.6250908,False,False,False,True,True
584474,2022,Onix Plus e Corolla mantém liderança confortável entre sedãs em abril,1,75.517006,-12.861924,False,False,False,False,False
619419,2022,Toyota registra nome Taisor para seu próximo mini-SUV,0,1.0652478,54.11162,False,True,False,False,True
602767,2022,Conceitos esquecidos: o estranho Porsche Cayenne conversível que foi vetado,5,-33.435337,-44.507347,False,False,False,False,True
572725,2022,Flagra: Chevrolet Montana deve ter porte de Oroch em vez de Toro,0,-0.6998779,24.561152,False,False,False,False,True
688095,2022,F1: Verstappen admite 'medo' do ritmo da Mercedes,5,26.831478,-56.239532,False,False,False,False,False
596132,2022,Versões e motores do novo Citroën C3 são revelados antes do lançamento,0,48.313927,-19.822342,False,False,False,False,True
576641,2022,Vídeo: Nevasca causa engavetamento com mais de 50 carros nos EUA,5,3.9817715,-11.698056,False,False,False,False,True
595466,2022,"Sucessor elétrico do BMW Série 3 será produzido no México em 2027, diz site",3,-64.50012,-15.867126,True,False,False,False,True
628445,2022,Citroën vende C3 e C4 Cactus com parcela final para daqui 2 anos,4,29.524319,6.3739223,False,False,False,False,True
619095,2022,Chery Tiggo 7 estreia dianteira redesenhada e novo painel em facelift,0,-38.58096,-26.654509,False,True,False,False,True
595202,2022,Land Rover Discovery 2023 chega em duas versões a partir de R$ 730.950,4,-19.78688,-27.472822,True,True,False,True,True
584349,2022,"Oficial: Peugeot 208 com motor 1.0 ""Fiat"" será lançado este mês",4,29.625654,24.554201,False,False,False,False,False
619069,2022,Seat tem futuro indefinido após 2029 e pode se tornar marca de mobilidade,5,-17.338232,1.5374839,False,False,False,False,False
570625,2022,Os carros mais vendidos da Argentina em fevereiro; Cronos vai bem,1,71.59572,8.828739,False,False,False,False,False
600353,2022,Royal Enfield terá série especial para suas 650 no Brasil,5,45.490482,32.593227,False,False,False,False,False
614824,2022,"Renault lança Stepway 1.0 2023, que chega com preço de R$ 77.990",4,28.317715,-20.739515,False,False,False,False,False
616793,2022,Novo Volkswagen Tiguan 2024 é revelado na melhor projeção até agora,0,-26.594564,7.9760904,True,True,False,True,False
598561,2022,Veja a lista dos SUVs premium mais vendidos em junho no Brasil,1,76.73076,-22.88153,False,False,False,False,True
567693,2022,Dafra Cruisym 150 fica mais barata em promoção,2,38.053894,36.335117,False,False,False,False,False
571266,2022,Ferrari de Schumacher no GP do Japão de 1998 é colocada à venda,5,19.732912,-56.262897,False,False,False,False,False
601648,2022,Peugeot 208 ameaça liderança do Cronos em julho na Argentina; veja ranking,1,71.570045,8.710689,False,False,False,False,False
594193,2022,Nova Chevrolet S10 ganha primeiro teaser nos EUA e será revelada em julho,0,-2.0546803,23.181892,False,False,False,True,True
604952,2022,Novo Dodge Hornet é SUV que pode ser o retorno da marca ao Brasil,4,-11.822325,-13.229498,True,True,False,False,True
598929,2022,"Lamborghini Huracan ganhará motor híbrido plug-in em 2023, confirma marca",0,-7.7405176,-17.407393,True,True,False,False,True
562869,2022,Vida curta: Mercedes-Benz Classe A Sedan não terá nova geração,0,-18.190693,-65.54932,True,False,False,False,True
575662,2022,BMW X7 2023 com faróis de Fiat Toro aparece em imagem vazada,3,-62.854477,-14.302669,True,False,False,False,True
624816,2022,BAW Calorie estreia na China como picape média mais barata do mundo,4,-14.3348675,14.7904215,False,False,False,False,False
558919,2022,Comerciais de carro na França deverão sugerir caminhar ou pedalar,5,9.851101,-14.475462,True,True,False,True,False
589218,2022,Land Rover Defender 130 é o mais longo da história e leva 8 pessoas,4,-18.208323,-27.701408,False,True,False,True,True
594246,2022,BMW confirma que mais um modelo da divisão M será revelado neste ano,3,-60.491062,-11.879197,False,False,False,False,False
608103,2022,Ford Mustang 2024 ganha novo teaser e pode ter versão GT Performance,0,-52.54317,-1.3943006,False,False,False,False,False
610882,2022,Chrysler 300C: edição final de despedida com motor V8 esgota em 12 horas,4,-12.869068,-13.644511,False,False,True,False,False
569818,2022,Perrengue chique: Magnata finalmente pôde comprar sua LaFerrari,5,14.0458,-62.30753,False,False,False,False,False
588338,2022,"Só para os games, Suzuki Vision Gran Turismo estreia com motor da Hayabusa",5,-8.809817,-12.554344,False,True,False,False,False
611315,2022,Novo Mitsubishi ASX 2024 vira clone do Captur com três versões híbridas,0,14.095556,-34.47467,False,True,True,False,True
608425,2022,Toyota anunciará novo SUV híbrido flex no Brasil até o final do ano,0,-9.554438,42.44242,True,True,False,False,True
592316,2022,Sedãs premium em maio: Mercedes-Benz CLA tem melhor resultado em 3 anos,1,73.5748,-21.926884,False,False,False,False,False
572685,2022,Chevrolet Blazer terá versão SS esportiva totalmente elétrica,0,-2.432561,14.7285185,True,False,False,False,True
611472,2022,"""O cliente desativa a segurança ativa, então por que vendê-la?"", diz Dacia",5,9.7614975,-22.103853,False,False,False,False,False
571477,2022,Guerra na Ucrânia: Honda e Harley suspendem vendas na Rússia,2,43.50108,29.611982,False,False,False,False,False
601112,2022,Ram 1500 Classic ganha teaser e tem lançamento confirmado no Brasil,0,12.103829,40.050644,False,False,False,False,False
605013,2022,Volvo XC90: sucessor será elétrico e terá novo nome; veja projeção,0,-15.923851,-5.473674,True,False,False,False,True
597136,2022,Anfavea mantém aposta em mercado acima de 2 milhões de veículos em 2022,5,41.915848,13.565845,False,False,False,False,False
575923,2022,Novo Jeep Grand Cherokee chegará no 4º trimestre e pode vir híbrido,0,38.481403,-6.376199,True,True,False,False,True
581947,2022,Renault Captur ganhará versão cupê para substituir Mégane e Arkana,0,24.360502,-30.116196,True,False,False,False,True
613135,2022,Nova Chevrolet Montana será a estrela do Big Brother Brasil 2023,0,-1.2840104,24.303436,False,False,False,True,True
561630,2022,Moto que fica em pé sozinha: veja evolução do Honda Riding Assist,2,35.889004,51.335842,True,False,True,False,False
584327,2022,BMW pode estar trabalhando em nova estradeira para reviver o nome R12,3,-72.84956,-10.318828,False,False,False,False,False
621829,2022,"Vendas de SUVs premium em outubro: Elétrico, Volvo XC40 domina mês",1,76.787094,-22.632551,False,False,False,False,False
582207,2022,Mercedes Classe T é multiuso de luxo com receita da picape Classe X,0,-22.235025,-66.86732,True,False,False,True,False
585191,2022,"Jeep Renegade, Compass e Commander encarecem até R$ 11,8 mil em maio",4,44.433765,-2.988987,False,False,False,True,True
626581,2022,"Honda processa e Shineray suspende vendas da Ray 50, que parece uma Biz",2,33.89196,50.8406,False,False,False,False,False
589239,2022,Novo SUV da Jeep menor que Renegade é visto pela primeira vez,0,39.298393,-9.13996,True,False,False,False,True
613640,2022,"Ducati revela a Multistrada V4 Rally 2023, com enorme tanque de 30 litros",2,41.844437,36.502033,False,False,False,False,False
586708,2022,Honda Prologue é SUV elétrico feito em parceria com a Chevrolet,2,30.190403,60.262848,True,True,False,False,True
605462,2022,Koenigsegg CC850 tem 1.385 cv e é o carro manual mais potente do mundo,5,-11.502395,-17.652998,False,False,False,False,False
580068,2022,"Honda City e:HEV: sedã híbrido que faz 26,5 km/l estreia na Índia",2,20.91485,57.773647,True,True,True,False,False
611954,2022,Flagra: Novo Volkswagen Tiguan 2024 revela multimídia enorme em novas fotos,0,-29.629179,10.440127,False,True,False,False,True
605447,2022,Stellantis promete fazer 43 lançamentos na América do Sul até 2025,5,25.709251,-0.056782406,False,False,False,False,False
599932,2022,Austrália vai avaliar segurança dos carros em enchentes a partir de 2023,5,38.367126,-35.06756,False,False,False,False,False
562792,2022,Le Mans Virtual foi seguida por mais de 81 milhões de fãs,5,20.531248,-47.661304,False,False,False,False,False
593800,2022,Honda Accord ignora queda dos sedãs e terá nova geração; veja flagra,0,24.839037,63.283173,False,True,False,False,False
604434,2022,"Fiat Mobi sobe de preço, mas ainda é o carro mais barato do Brasil",4,13.025861,25.919498,False,False,False,False,False
604456,2022,Vídeo: carro da Ferrari Fórmula 1 aparece acelerando em uma estrada,5,15.635639,-61.403755,False,False,False,False,False
559134,2022,Uno Ciao! Fiat faz vídeo de despedida narrando história do modelo,5,24.978764,22.47687,False,False,False,False,False
590351,2022,"Esperado no Brasil, novo Citroën C3 será lançado na Índia em julho",0,48.813972,-19.324257,False,False,False,False,False
585790,2022,Este Mustang Shelby GT500 Hertz tem 912 cv e pode ser alugado nos EUA,5,-51.400497,-2.2399726,False,False,False,False,False
576267,2022,"Com 7 lugares, Hyundai Grand Creta teria espaço no mercado brasileiro?",4,-10.947531,66.829445,False,False,False,True,True
688441,2022,"F1: Hamilton ""sente pelos fãs"" caso Verstappen se torne bicampeão em Singapura",5,27.79089,-56.15479,False,False,False,False,False
621191,2022,Semana Motor1.com: acabou para o Gol e Polo Track entra em campo,4,-18.625332,17.646544,True,True,False,False,True
564848,2022,Toyota Yaris 2023 mal chegou e já está mais caro; veja preços,4,-5.2804627,37.300404,False,False,False,False,False
602475,2022,Flagra: Pulse Abarth tem volante e painel revelados; veja o que muda,4,23.155622,29.357838,False,False,False,False,True
564632,2022,"Primeiro Corvette Z06 2023 é leiloado por 3,6 milhões de dólares",5,-8.323665,-9.829307,False,False,False,False,False
585770,2022,"Semana Motor1.com: Novo Equinox, Partner Rapid e novos projetos de lei",5,5.564745,6.239942,False,False,False,False,True
566073,2022,Novo Citymatic? Ford estuda câmbio manual sem pedal de embreagem,0,-4.018466,-18.221983,False,False,False,False,False
580863,2022,Confirmado: Honda Civic híbrido e:HEV chegará ao Brasil no final do ano,2,27.806314,58.966225,True,True,False,False,False
579247,2022,Ford Maverick ST é flagrada pela 1ª vez e surge com dois escapamentos,0,-58.56288,19.267176,False,False,False,False,False
568570,2022,Jeep Renegade 2022: Veja lado a lado o que mudou no SUV compacto,0,42.644447,-7.6092353,False,False,False,True,True
622082,2022,"Novo Toyota Prius tem visual futurista, painel solar e pode vir ao Brasil",0,-10.967679,40.178925,True,True,False,False,True
587885,2022,Lancia anuncia plano de 10 anos que prevê novo Ypsilon e retorno do Delta,0,-14.868512,-5.684068,True,False,False,False,True
605221,2022,Novo Fiat Fastback tem data para chegar; confira o que sabemos do SUV,4,24.631292,28.12987,False,False,False,False,True
573672,2022,Audi A4 e A5 2022 chegam em abril por a partir de R$ 294 mil,4,-50.543663,-36.870335,False,True,False,False,False
575899,2022,Nissan: apenas veículos eletrificados na Europa a partir de 2023,5,3.6355822,-42.886623,True,True,False,True,False
565865,2022,Jeep Renegade 2022 terá versão S e manterá variante básica Sport,4,42.63624,-5.8589487,False,False,False,False,True
607625,2022,Chevrolet confirma Montana e Silverado em 2023; S10 terá nova versão,0,-1.2150136,23.451668,False,False,False,False,False
589172,2022,Peugeot 208 foi o carro mais vendido da Europa em abril; Golf despencou,1,63.130245,-4.6990004,False,False,False,False,False
575463,2022,Fiat Argo 2023 com novo design é pego em testes; veja o que muda,0,26.016407,27.654694,False,False,False,False,True
558892,2022,Renegade fecha 2021 na 4ª posição entre os mais vendido na Itália,1,64.16832,-4.5235066,False,True,False,False,False
590403,2022,"Aposentado no Brasil, Honda WR-V é flagrado com novo visual na Índia",0,22.623611,60.792328,False,False,False,True,True
624404,2022,Ford Enter: marca lança curso para pessoas de baixa renda no Senai-SP,5,-52.640095,9.237147,False,True,False,False,False
601011,2022,"Mesmo em baixa, Nissan faz nova dobradinha no México em junho; veja ranking",1,68.173035,0.19484812,False,False,False,False,False
578613,2022,"Europa seguirá produzindo carros a combustão, mesmo depois de proibi-los",5,4.7709227,-20.27938,True,True,False,True,False
604387,2022,"Fiat Argo, Cronos e Pulse ficam até R$ 700 mais baratos após redução do IPI",4,17.440233,23.207846,False,False,False,False,True
626200,2022,Produção de motos em novembro é a melhor desde que Dilma era presidente,5,45.759876,16.360144,False,False,False,False,False
609445,2022,"Ferrari Purosangue, 1º SUV da marca italiana, revela som do motor V12",5,13.404033,-63.762676,True,True,False,False,True
625552,2022,Volkswagen Nivus testa possível versão básica com motor 170TSI,4,-24.25727,17.839312,False,False,False,False,True
588990,2022,Peugeot 307 SW 2006 chega a 1 milhão de quilômetros rodados com o mesmo motor,5,18.81137,4.8959246,False,False,False,False,False
590392,2022,Nissan March perde versões e começa a sinalizar saída do mercado,4,0.08692055,-37.410915,True,False,True,False,False
577389,2022,Four Seasons e Canossa Events lançam viagem de carro pela Toscana,5,-0.12863009,-12.7115965,False,False,False,False,False
569738,2022,Lamborghini Aventador pode voltar a ser produzido após incêndio,5,-7.137987,-14.733781,True,False,False,False,True
562345,2022,Flagra: Nova Nissan Frontier 2023 é  vista antes do lançamento,0,-11.152684,-50.392345,False,False,False,True,False
617864,2022,Citroën C3 x Fiat Uno: Um duelo de dimensões entre presente e passado,5,48.17043,-17.743868,False,False,False,False,False
619462,2022,VW Gol Last Edition é flagrado pela primeira vez; veja como ficou,4,-17.088934,16.931618,False,False,False,False,False
584979,2022,Novo Range Rover Sport 2023 é revelado com versão híbrida e motor V8 biturbo,4,-17.971487,-32.418995,True,True,False,False,True
623268,2022,Kia Stonic: SUV híbrido é oferecido em promoção com R$ 8.000 de bônus,4,-38.933647,-4.1872277,False,True,False,False,True
566705,2022,BMW Driver Training 2022 é confirmado para o primeiro semestre,3,-67.68766,-9.987174,False,False,False,False,False
688450,2022,"F1: Pérez vence GP de chuva e incidentes em Singapura, mas vitória é investigada; Verstappen é 7º e título fica para Suzuka",5,30.448378,-57.097042,False,False,False,False,False
620275,2022,Hyundai Creta fica mais caro; preços vão de R$ 123.790 a R$ 168.690,4,-5.9712644,64.72203,False,False,False,False,True
575842,2022,Nova Renault Duster Oroch 2023 revela visual antes da estreia,0,28.56025,-26.747768,True,False,False,False,True
559862,2022,Renault confirma Duster Oroch renovada e estuda Sandero 1.3 turbo,0,26.569597,-25.469904,True,True,False,False,False
592929,2022,"Ferrari lançará 15 carros até 2026, incluindo novo hipercarro e elétrico",5,12.86829,-64.528854,True,True,False,False,True
577158,2022,Toyota anuncia investimento de R$ 50 milhões para renovar Corolla nacional,0,-10.999201,43.814274,False,True,False,False,True
563833,2022,Jeep Renegade 2022 1.3 turbo será lançado dia 10 de fevereiro,0,42.24751,-7.297113,False,False,False,True,True
605378,2022,"Ram voltará a fabricar picapes no Brasil, confirma executivo",0,14.233497,41.582256,False,False,False,False,False
559743,2022,Novo Jeep Renegade 2022 1.3 turbo tem visual e interior revelados,0,42.194134,-7.4828,False,False,False,True,True
598547,2022,Vazou! Novo VW Polo 2023 brasileiro é revelado por completo em registro,0,-21.76903,15.937926,True,False,False,False,True
569181,2022,Novo Honda HR-V 1.5 Touring 2023 intensifica testes no Brasil,2,26.814043,60.924664,False,True,False,False,True
585787,2022,Supercarro off-road? Lamborghini Huracan Sterrato aparece em testes,0,-8.132762,-15.954029,False,False,False,True,False
559136,2022,Fiat ultrapassa Chevrolet e fecha 2021 como a marca mais vendida,1,72.37152,-5.679304,False,False,False,False,False
586429,2022,Porsche Mission R vira 718 Cayman GT4 ePerformance e aparece na pista,5,-34.05464,-45.96026,True,False,False,False,False
592982,2022,Ford lidera vendas no Reino Unido pelo 3º mês consecutivo; veja o ranking,1,63.895184,-1.0081326,False,False,False,True,False
583106,2022,Tesla Model 3 é o carro mais vendido na Europa em março,1,63.07373,-4.611596,False,True,False,True,False
590692,2022,Novo Fiat Doblò 2023 agora é elétrico e clone de modelo da Citroën,0,21.75185,13.330594,True,False,False,True,False
595420,2022,Kia Seltos 2024: primo do Creta ganha retoques visuais e novo painel,0,-35.87478,47.339306,False,False,False,True,True
560110,2022,Veja quais foram os SUVs compactos mais vendidos no Brasil em 2021,1,76.61151,-5.8596053,False,False,False,False,False
604124,2022,"Honda Activa, scooter mais vendida da marca na Índia, deve mudar em breve",2,34.49115,51.22012,False,False,False,False,False
584291,2022,Toyota Yaris Sedan ganhará nova geração ainda neste ano; veja flagra,0,-10.57033,45.534817,True,True,False,False,True
588927,2022,Strada líder e Gol em alta: veja os carros mais vendidos no final de maio,1,71.780365,20.288036,False,False,False,False,True
560371,2022,Toyota Etios Aibo é nova versão furgão com capacidade para 450 kg,4,-19.396397,40.765915,False,False,False,False,False
623753,2022,Etanol aditivado que protege 100% contra corrosão chega aos postos BR,5,9.643256,-15.076913,True,True,False,False,False
612209,2022,Fiat Week tem descontos que chegam a R$ 33 mil em todas as regiões do Brasil,4,14.633476,19.257881,False,False,False,False,True
612895,2022,Chevrolet Silverado HD 2024 reforça brutalidade contra RAM 2500,4,-4.127037,26.159014,False,False,False,True,False
579284,2022,Super Trunfo digital: Volkswagen lança cards colecionáveis de carros em NFT,5,-18.79402,5.8657427,False,False,False,False,False
569183,2022,Cidade de Nova York (EUA) é mais uma a adotar radares de barulho,5,1.9287093,-7.048033,False,False,False,False,False
616529,2022,"Sedãs premium: Mercedes-Benz Classe C sobe, mas Série 3 segue líder no ano",1,73.583534,-21.731283,False,False,False,False,False
595156,2022,Europa decide banir vendas de carros a gasolina e diesel a partir de 2035,5,5.0927997,-20.99858,True,True,False,True,False
574869,2022,Peugeot 4008: novo SUV cupê tem detalhes revelados em projeção,0,-54.83282,-28.036808,True,False,False,False,True
613317,2022,"Linha de carros da Fiat no Brasil é 2,5x mais nova que na Itália",5,27.494476,21.92792,False,False,False,False,False
600144,2022,"Fiat Argo CVT ficou para depois e ""culpa"" pode ser do Pulse",4,23.201809,25.868532,False,False,False,False,True
567982,2022,Yamaha Ténéré 700 ganha versão World Raid com 2 tanques,2,46.917923,42.928883,False,False,False,False,False
599734,2022,Nova KTM 1290 SuperADV S chega com radares por R$ 165 mil,2,43.64763,37.411854,False,False,False,False,False
607157,2022,Novo Hyundai Santa Fe: projeção revela design inspirado no Defender,0,-20.770716,65.441765,True,True,False,False,True
560571,2022,Mercedes-Benz acabará com todas suas peruas até 2030,5,-17.01537,-63.741207,True,False,False,False,False
581122,2022,Novo Chevrolet Equinox 2023 já aparece no site e deve chegar em maio,0,-3.7331576,19.737309,False,False,False,False,True
569262,2022,"Navio em chamas com carros de luxo dará prejuízo de R$ 2,5 bilhões",5,-15.132014,0.6733819,False,False,False,False,False
575446,2022,Toyota pode ter picape monobloco para encarar Maverick e Toro,0,-25.5447,43.732574,True,True,False,False,True
570909,2022,"Este motor elétrico é para bicicleta, mas tem 30 kgfm de torque",4,-11.842209,-14.499316,True,False,False,False,False
617816,2022,"Após duas décadas, soviética Moskvich retomará produção na Rússia",5,17.278542,-21.167889,False,False,False,False,False
597485,2022,Dodge Challenger Hellcat Finale poderá chegar aos 921 cv usando etanol,5,-11.6626,-13.043857,True,False,False,False,False
564565,2022,Vídeo mostra picape Ford Maverick em condições reais de trabalho,0,-58.64052,19.81259,False,False,False,False,False
573708,2022,Série 3 vende quase triplo do Classe C entre sedãs em fevereiro,1,73.879456,-21.591393,False,False,False,False,False
625559,2022,Último Volkswagen Gol Last Edition é vendido por R$ 154.000 em leilão,4,-16.909061,16.901413,False,False,False,False,False
601001,2022,Flagra: novo Suzuki Swift aparece pela primeira vez e estreia em 2023,0,3.0172594,51.83757,False,True,False,False,False
575440,2022,Ferrari Purosangue: primeira foto oficial do SUV da marca italiana,5,13.120062,-63.84249,False,True,False,False,True
585493,2022,Montadoras apostam em diretorias com experiências fora do setor automotivo,5,-0.4872667,-14.579979,True,False,True,False,False
576860,2022,"Renault Oroch 2023: Versões, preços, equipamentos, o que muda e como anda",4,28.801065,-22.608868,False,False,False,False,True
587206,2022,Projeção: Fiat Uno pode retornar como um SUV compacto,0,29.251621,24.979723,True,False,False,False,True
588359,2022,"Pneu sem ar: o que é, como funciona e quando será lançado",5,0.5862574,-10.656186,False,False,True,False,False
626636,2022,Primeiras impressões BMW F 900 R: algo diferente entre as esportivas,3,-76.07,-7.7451015,False,False,False,False,False
592410,2022,Honda Civic HPD é vendido pela marca pronto para as pistas por R$ 280 mil,2,26.568916,55.550896,False,False,False,False,False
619063,2022,SUV-cupê do Tiguan pode ser novo carro da VW no México e pode vir ao Brasil,0,-27.891697,10.333601,False,True,False,False,True
627334,2022,Nissan amplia programa de carro por assinatura no Brasil; veja preços,5,0.6286449,-43.437874,False,False,False,False,False
571979,2022,Renault anuncia produção de inédito SUV e motor 1.0 turbo no Brasil,0,26.328045,-27.80655,True,True,False,False,True
610395,2022,Nova Honda PCX 2023 ganha motor mais potente e preços partem de R$ 15.460,2,40.352375,45.514076,False,False,False,False,False
618167,2022,Honda HR-V 1.5 Turbo 2023 inicia vendas no Brasil; veja preços e versões,2,25.223564,51.090744,False,False,True,False,False
603043,2022,"Novo Land Rover Discovery será ""um verdadeiro carro familiar"", promete CEO",5,-16.877714,-32.379665,False,True,False,False,True
587796,2022,"JAC Motors usa Volkswagen para promover ""confiabilidade"" no Brasil",5,-17.558908,3.8540375,True,False,False,False,True
618640,2022,Ford F-150 começa a aparecer nas redes sociais da marca no Brasil,0,-57.153572,23.128258,False,True,False,False,False
594265,2022,Volkswagen reduzirá salário e jornada de trabalho em São Bernardo do Campo,5,-11.737891,5.0817976,False,False,False,False,False
581919,2022,Ford F-150 é confirmada para o Brasil e chegará em 2023,0,-57.2148,22.676722,False,True,False,True,False
609864,2022,Mercedes-Benz ainda venderá carros com motor V8 após 2030,5,-16.780777,-62.7309,True,False,False,False,False
613644,2022,É Photoshop? Este Volkswagen Lamando L foi alargado para quase 3 metros,0,-21.034626,4.7473683,False,False,False,False,True
566678,2022,BMW S 1000 RR 2022 chega com nova cor e mais itens de série,3,-72.855125,-7.6518874,False,False,False,False,False
573631,2022,Vendas de carros usados despencam e recuam 30% no 1º bimestre,1,78.40045,11.87301,False,False,False,False,False
586694,2022,Fim da Lei Seca? STF julga questionamentos ao bafômetro e venda de bebidas,5,11.11745,-9.874308,False,False,False,False,False
596557,2022,"Depois de anos, VW Gol é vice-líder de vendas em junho; Strada é favorita",1,83.0178,7.4013762,False,False,False,False,False
615219,2022,SUVs compactos mais vendidos em setembro: Veja como HR-V e Fastback se saíram,1,76.53792,-6.4256654,False,True,False,False,False
593772,2022,Novo Honda CR-V revela interior e mostrará mais detalhes em 12 de julho,2,26.470078,60.10721,False,True,False,False,True
602442,2022,Chevrolet Onix lidera vendas no varejo em julho; veja o ranking,1,82.90729,8.718691,False,False,False,False,False
591464,2022,Volkswagen tenta acordo com funcionários russos com demissão voluntária,5,-12.5683565,4.407895,True,False,False,False,False
627324,2022,"Lançamentos Chevrolet 2023: Silverado, Montana e elétrico nos planos",0,-1.4847623,23.233421,True,False,False,True,True
576016,2022,Arte em miniatura: Nissan R390 GT1 ganha prêmio de Customização em SP,5,1.1544174,-44.679802,False,False,False,False,False
624806,2022,Carros mais vendidos em novembro: Hyundai HB20 supera Strada e conquista o topo,1,79.09444,10.20649,False,False,False,False,False
628280,2022,Flagra: nova Chevrolet Spin 2024 tenta esconder frente inspirada na Montana,0,-2.685776,23.176727,False,False,False,False,False
574586,2022,Vendas no Reino Unido: Elétricos e híbridos ajudam recuperação,1,63.625614,-0.63697624,True,True,False,False,False
589001,2022,Voltz abre fábrica em Manaus (AM) e quer moto elétrica com radares,5,43.42556,21.764532,False,True,False,False,False
594672,2022,"Jeep Commander, Renegade e Compass têm fila de espera de até 10 meses",5,39.279564,-3.4211302,False,False,False,True,True
572999,2022,Toyota estreia seu próprio consórcio no Brasil,5,-16.352678,39.869972,False,False,False,False,False
621217,2022,Volkswagen Gol Last Edition 2023 terá 1.000 unidades produzidas; veja fotos,0,-17.108704,16.898712,False,False,False,False,False
559827,2022,VW Taos supera barreira dos R$ 200 mil em novo aumento,4,-22.752102,25.82422,False,False,True,False,True
627344,2022,Novo Honda City reestilizado revela mais detalhes da frente em novo flagra,2,23.511938,60.831505,False,True,False,False,False
597535,2022,Flagra: Audi seguirá Mercedes e novo A4 terá várias telas digitais,0,-57.05535,-33.331734,True,True,False,False,False
599966,2022,Volkswagen Santana picape que não chegou as ruas teria caçamba da Hilux,0,-37.2456,10.869081,False,False,False,False,False
559395,2022,Varejo em 2021: HB20 interrompe seis anos de domínio do Onix,1,82.83624,8.541672,False,False,False,False,False
600605,2022,Ferrari Purosangue 2023 é antecipado na melhor projeção até agora,0,12.178004,-62.41887,False,False,False,False,True
601352,2022,"Ruas de Cuba estão sendo invadidas por scooters elétricas, como no Brasil",5,3.4317575,-16.778442,True,False,False,False,False
604412,2022,Nova Chevrolet Montana: versão básica também roda em testes,0,-1.5121452,23.996681,False,False,False,False,True
609884,2022,Cadillac: GM estuda lançar oficialmente sua marca de luxo no Brasil,5,-1.3482767,11.040587,True,False,True,False,True
566364,2022,Alfa Romeo Tonale 2023 faz estreia como 1º eletrificado da marca,4,-30.806505,-3.4525092,True,True,True,True,True
576658,2022,Bugatti Centodieci finalmente entra em produção e custará R$ 42 milhões,5,-8.962071,-10.799426,False,False,False,False,False
586154,2022,Novo Mercedes-Benz GLC ganha teaser e tem data de estreia confirmada,0,-20.332716,-68.31986,True,True,False,True,True
625310,2022,Palm Beach Cavallino Classic 2023: Não perca seu lugar no Cavallino Classic,5,17.877613,-55.321815,False,False,False,False,False
607062,2022,Mercado alemão registra queda nas vendas pelo 5º mês seguido em julho,1,61.485306,-3.8364158,False,False,False,False,False
586175,2022,"Motos na quinzena: Honda lidera, lançamentos da Yamaha se salvam de queda",2,48.277054,17.965677,False,False,False,False,False
572453,2022,Ducati Multistrada V4S se torna a 1ª moto do Brasil com radares,2,41.483227,39.144558,False,False,False,False,False
609450,2022,"Nissan Kicks tem promoção com taxa zero, bônus e parcelas de R$ 999",4,-8.314021,-41.63862,False,False,False,False,True
591444,2022,Este Fiat Tipo que foi do piloto de F1 Nigel Mansell será leiloado,5,25.398394,22.070114,False,False,False,False,False
608692,2022,F1 2022 caminha para desfecho bem diferente da edição passada,5,24.495523,-54.51825,False,False,False,False,False
617803,2022,"Sem chips, Toyota reduz expectativa de produção para ""somente"" 9,7 milhões",5,-18.259909,37.47396,False,False,False,False,False
571534,2022,Itália também pensa em reduzir pedágio para motos,5,13.700765,-10.298639,False,False,False,False,False
570994,2022,"Após incêndio, navio afunda com 4 mil Porsches e Lamborghinis",5,-12.808896,1.6645246,False,False,False,False,False
601998,2022,Citroën C3 terá versão elétrica para mercados emergentes em dezembro,0,42.595436,-19.376667,True,False,True,False,True
621725,2022,Lamborghini Huracan Sterrato 2023: superesportivo off-road é revelado,0,-12.85567,-10.726702,False,False,False,False,False
580082,2022,Ford Mustang foi o cupê esportivo mais vendido do mundo pela 7ª vez,5,-51.58361,0.2764399,False,True,False,False,False
610583,2022,Ford Ranger elétrica: versão EV será lançada até o final da década,0,-55.515224,26.789545,True,True,False,True,False
609144,2022,Volvo agora tem garantia vitalícia para peças e serviços,5,3.5438042,-5.7666707,True,False,False,False,False
620940,2022,Flagra: Novo Porsche 718 Boxster elétrico é visto pela primeira vez,0,-31.791784,-44.00424,True,False,False,False,False
560972,2022,SUVs mais vendidos em 2021: Jeep Compass lidera com recorde,1,79.04175,-7.864825,False,False,False,False,False
585257,2022,Projeto de lei que autoriza tirar CNH sem autoescola vai para análise,5,13.012402,-12.211684,False,False,False,False,True
576569,2022,Nova Renault Oroch 2023 será lançada dia 12 de abril,0,28.7505,-26.91645,False,False,False,False,False
582471,2022,Queixas de ruído fazem alemães proibirem motos em algumas estradas,5,18.645126,-9.886904,False,False,False,False,False
594038,2022,Novo Volkswagen Virtus GTS mostra detalhes em flagra; veja o que muda,0,-28.378832,18.150826,False,False,False,False,False
573113,2022,"Semana Motor1.com: Novo SUV da Renault, Santa Cruz, Montana e mais",0,-10.477096,22.855722,True,True,False,False,True
589587,2022,RAM 3500 ganhará novo capô e retrovisores com câmeras personalizáveis,0,11.442598,38.679405,False,False,False,False,False
564343,2022,Inglês de 83 anos dirigia sem habilitação desde que tinha 12 anos,5,2.5549953,-9.270261,False,False,False,False,False
568507,2022,"BMW Z4 sairá de linha em 2025 e não terá sucessor, revela site",3,-64.25697,-18.068354,False,False,False,False,False
619536,2022,"VW Amarok supera vendas de todos os carros na Argentina, menos um",1,71.74756,8.852104,False,False,False,False,False
560828,2022,Toyota GRMN Yaris estreia mais leve e limitado a 500 unidades,5,-15.671185,43.753822,False,False,False,False,False
585011,2022,LiveWire S2 Del Mar é lançada por R$ 76 mil nos EUA com autonomia de 160 km,5,39.60311,30.365421,False,False,False,False,False
563887,2022,Nissan Versa lidera vendas no México pelo 6º ano; veja ranking,1,68.54744,-0.260482,False,False,False,False,True
572920,2022,"Primo do Uno, Fiat Panda sobreviverá até 2026",5,27.971317,23.584888,True,False,False,False,False
588114,2022,Chery Tiggo 7 Pro chega à Europa com novo nome e visual exclusivo,4,-39.710136,-27.343935,False,False,True,False,False
617571,2022,Nova central multimídia da Toyota funcionará sem precisar de internet,5,-12.728476,35.87306,False,False,False,False,False
596115,2022,Mansão que Henry Ford construiu em 1908 está à venda por quase US$ 1 mi,5,-53.079704,10.779988,False,False,False,False,False
570985,2022,Stellantis: 100% de suas vendas serão de elétricos na Europa,5,26.002945,-1.291801,True,False,False,False,False
593995,2022,Lexus ES 300h 2022 chega ao Brasil mais equipado por R$ 349.990,4,-32.345703,-1.0829663,False,True,False,False,False
567977,2022,"Caoa Chery Tiggo 5x Pro 2022: Preço, equipamentos e como anda",4,-39.71516,-28.117544,False,False,True,False,True
575378,2022,Novo Honda Civic e:HEV híbrido que faz 20 km/l é revelado e virá ao Brasil,2,28.076185,58.971027,True,True,False,False,False
588919,2022,DeLorean está de volta com o cupê elétrico Alpha5 com 480 km de autonomia,5,-19.696434,-13.216828,True,False,False,False,True
588364,2022,"Áustria diz não ao ""grau"" e empinada de moto rende multa de R$ 51 mil",5,14.124341,-11.151061,False,False,False,False,False
580006,2022,Chevrolet Tracker: modelos de 2020 a 2022 têm recall por risco de incêndio,5,7.808379,3.7231815,False,False,False,False,True
585775,2022,"Longe das polêmicas, novos VW Polo e Virtus são flagrados ainda em testes",0,-21.379477,15.822357,False,False,False,False,False
601697,2022,"VW Voyage ""bolinha"" que não existiu adiantou as linhas do Bora anos depois",5,-18.989202,13.517656,False,False,False,False,False
597534,2022,"Volkswagen Nivus, T-Cross e Taos estão com taxa zero em julho",4,-17.051477,25.021618,False,False,False,False,True
610561,2022,Produção de motos se aproxima de 1 milhão em agosto e bate recorde no ano,5,46.081486,16.114054,False,False,False,False,False
624204,2022,Ford Maverick Hybrid chega até março para ser 1ª picape híbrida do Brasil,4,-58.912697,21.288137,True,True,False,False,False
619073,2022,Mas já? Honda City reestilizado aparece em testes na Tailândia para 2023,2,24.156996,59.844303,False,True,False,False,False
578245,2022,Oficial: Nova Renault Oroch terá motor 1.3 turbo de 170 cv  do Duster,0,28.639772,-26.828245,False,False,False,False,True
617068,2022,Renault fabricará um novo SUV e picape na América Latina em 2024,0,26.665186,-25.62071,True,False,False,False,True
558886,2022,Chevrolet Camaro já custa mais de R$ 500 mil no Brasil,4,-4.807662,10.735399,False,False,False,False,False
619446,2022,Honda comemora 30 anos de Brasil e 25 anos de produção nacional,2,29.743008,58.811153,False,True,False,False,True
601367,2022,Confirmado: novo Ford Mustang 2024 será apresentado no dia 14 de setembro,0,-52.298965,-0.9185703,True,True,False,False,False
579235,2022,Triumph anuncia preços (promocionais) da nova Tiger 1200 no Brasil,2,40.89687,37.757294,False,False,False,False,False
619119,2022,Nova picape RAM para o Brasil terá unidades montadas em novembro,0,14.628891,41.280212,False,False,False,True,False
628742,2022,"Lançamentos Renault 2023: novo SUV, Megane E-Tech e Kangoo E-Tech",0,24.600763,-27.879335,True,False,False,False,True
562868,2022,Oficial: Hyundai HB20X sai de linha e Creta Action segue bem vivo,4,-9.291157,65.49672,False,False,True,False,True
583985,2022,Honda ZR-V é o SUV inédito que será lançado no Brasil,2,28.692066,60.351723,False,True,False,False,True
563136,2022,Toyota Sequoia 2023 é SUV gigante que pode inspirar próximo SW4,4,-8.20953,35.11574,False,False,False,False,True
562437,2022,Novo Citroën C3 2023 é flagrado livre de disfarces no Brasil,0,48.219547,-19.479763,False,False,False,False,True
577575,2022,Vendas na Espanha: Hyundai e Kia lideram vendas de carros 0km em março,1,63.98085,-2.6499796,False,False,False,False,False
559131,2022,Jeep Commander fica de novo mais caro e já passa dos R$ 300 mil,4,44.982983,-2.1341248,False,False,False,True,True
560299,2022,"Novo Renault Kwid 2023: o que mudou, como anda e preços",4,28.8219,-20.838573,False,False,False,False,True
612006,2022,Renault R5 Turbo 3E é um hot hatch elétrico de 380 cv e tração traseira,0,19.991442,-26.318981,True,False,False,False,False
578532,2022,Nova Haojue NK 150 ABS chega às lojas; Motor não é o da Chopper Road,2,42.719337,42.41411,False,False,False,False,False
565811,2022,Flagra: BMW Série 3 2023 vai mudar para encarar novo Classe C,3,-62.562687,-14.878332,True,True,False,False,False
599444,2022,Fiat Fastback mostra lateral em novo teaser e será lançado em outubro,0,25.677694,29.554462,False,False,False,False,True
621012,2022,Novo Peugeot 208: projeção antecipa visual do compacto reestilizado,0,18.014374,8.6639385,False,True,False,False,False
612843,2022,"Fiat Fastback 2023 vende 5,4 mil unidades em 10 dias",4,23.868961,26.944904,False,False,False,False,True
569776,2022,BMW M celebra 50 anos reunindo clássicos esportivos em vídeo,3,-68.44104,-13.128798,False,True,False,False,True
592129,2022,Projeção: Novo Toyota Yaris será híbrido e terá design inspirado no Corolla,0,-11.168162,46.919147,True,True,False,False,True
625547,2022,"Chevrolet Montana 2023: designer faz proposta de ""mudança"" na dianteira",0,-2.498628,23.339293,False,False,False,False,False
626669,2022,Fiat Mobi tem o seguro mais barato entre os mais vendidos de novembro,5,11.93063,-3.745446,False,False,False,False,True
608451,2022,"Motos em agosto: sem loja no Brasil, TVS supera vendas de BMW e Triumph",2,48.04269,18.244991,False,False,False,False,False
617541,2022,Honda Hornet ainda é a moto usada mais buscada; PCX entra no pódio,2,37.138058,49.450085,False,False,False,False,False
561900,2022,Fiat Mobi 2022 fica mais econômico e agora faz até 15 km/litro,4,12.7382,25.95622,False,False,False,False,False
583564,2022,Lista completa: Veja os 50 carros mais vendidos em abril de 2022,1,78.95571,9.932714,False,False,False,False,False
610417,2022,Volkswagen Virtus reestilizado chega à África do Sul como Polo Sedan,4,-28.330063,19.7612,False,False,True,False,False
616172,2022,"Produção de motos crescerá ainda mais que o esperado, diz Abraciclo",5,45.73586,16.01077,False,False,False,False,False
615482,2022,Preço da Honda XRE 300 subiu mais de 30% em 4 anos; veja a tabela,2,39.67258,45.49532,False,False,False,False,False
609201,2022,Paramount Marauder Mark 2 aguenta explosões de 8 kg de dinamite,5,5.95673,-11.931246,False,False,False,True,False
584079,2022,Caoa Chery suspende produção em Jacareí até 2025 e acaba com Tiggo 3x,5,-38.114674,-29.448599,True,True,False,False,True
561517,2022,"Aston Martin prepara ""SUV de luxo mais poderoso do mundo""",5,-14.440134,-20.217007,True,True,False,False,True
616059,2022,Rezvani Vengence: SUV é preparado para guerra sem perder o luxo,4,-14.514851,-16.359436,False,False,False,True,True
586151,2022,Audi Q3 Sportback desembarca no Brasil e parte de R$ 315.990,4,-51.882526,-36.584927,False,False,True,False,True
615483,2022,Novo BMW 320i 2023 chega ao Brasil por R$ 307.950; veja tabela completa,3,-63.39529,-7.2367887,False,True,False,False,False
600604,2022,Novo Chevrolet Bolt finalmente chegará ao Brasil em agosto,5,-2.651337,12.872262,True,False,False,False,True
590025,2022,GMC Canyon 2023 perde camuflagem e adianta detalhes da próxima S10,0,-3.8390512,23.828335,False,False,True,False,True
591471,2022,Ford lança linha de acessórios com 18 itens para picape Maverick,4,-57.02802,20.736206,False,False,False,False,False
572169,2022,"Na contramão do mercado, Nivus, T-Cross e Taos ficam mais caros",4,-21.112648,19.805206,False,False,False,False,False
615658,2022,"EUA esperam queda nos preços de carros em breve, mas com juros altos",5,4.528554,1.7557567,False,False,False,False,False
602900,2022,SUVs compactos em julho: Chevrolet Tracker lidera pela 2ª vez em 3 meses,1,76.68885,-6.2397375,False,False,False,False,False
618410,2022,Land Rover Defender 75th Limited Edition esgota no Brasil em tempo recorde,4,-18.86869,-30.79827,True,True,False,True,False
599492,2022,Novo Suzuki Grand Vitara é lançado como rival de Creta e T-Cross,0,2.7829814,53.53431,True,True,False,False,True
579540,2022,Fiat anuncia programa de financiamento com recompra garantida de usado,5,14.905371,18.522848,False,False,False,False,False
570362,2022,Projeção: Honda CR-V 2023 será maior e mais elegante,2,26.33207,60.565285,False,False,False,False,True
563941,2022,Gordon Murray T.33 estreia com 615 cv e produção limitada,4,-14.703418,-14.911199,False,False,False,False,False
617809,2022,"Ruim de loja, Kia Stinger sairá de linha em 2023 sem deixar sucessor",0,-40.01773,51.28596,True,False,False,False,False
625514,2022,Hyundai Creta reestilizado obtém 5 estrelas nos testes do Asean NCAP,5,41.032227,-37.606277,False,False,False,False,True
591562,2022,Mercedes-Benz vs BMW: rivais clássicos rumo a um futuro incerto,3,-18.37765,-59.28294,True,False,False,False,True
610830,2022,"Filme de Gran Turismo estreia em 2023 e terá David Harbour, de Stranger Things",5,-3.877099,-8.5941515,False,False,False,False,False
609870,2022,Mini Cooper S E Countryman Untamed Edition: série limitada chega ao Brasil,4,-43.83621,-10.129342,True,True,False,False,False
562779,2022,Ford Bronco Raptor é revelado com motor 3.0 V6 e mais de 400 cv,0,-62.255726,15.258754,False,False,False,False,True
610536,2022,Mitsubishi Outlander Sport não voltará a ser produzido no Brasil,0,10.497653,-35.19823,True,True,False,False,True
617597,2022,BMW investe R$ 50 milhões em Manaus (AM) e G 310 RR pode chegar neste ano,3,-73.93953,-9.387634,False,False,False,False,False
604116,2022,Toyota não fará Hilux elétrica e capacidade de reboque pode ser o motivo,0,-23.77978,42.653255,True,True,False,True,False
607395,2022,Esta moto elétrica quer bater recorde de 402 km/h com ajuda brasileira,5,39.877277,31.376177,True,False,False,False,False
610829,2022,Ram Classic emplaca 1.465 unidades apenas na noite do lançamento,0,12.095133,40.114304,False,False,False,False,False
627579,2022,Fiat Landtrek: como será a picape média rival de Hilux e S10,0,20.555143,34.951023,False,False,False,True,False
615726,2022,Hatches mais vendidos em setembro: Novo Citroën C3 já emplaca recorde em anos,1,76.0248,-15.412253,False,False,False,False,False
595234,2022,Audi Q3 se torna nacional para pagar metade de imposto e gerar 200 empregos,5,-55.651184,-35.292202,True,True,False,False,False
566420,2022,Autosport Awards 2021 premia os melhores do automobilismo,5,23.576561,-53.05612,True,False,False,False,False
561926,2022,Nova geração do Ford Mustang manterá motor V8; puristas agradecem,0,-52.556236,0.19052495,True,True,False,False,False
615475,2022,Pneus: Saiba como ler as especificações e o que significa cada uma,5,4.138706,-9.717606,False,False,False,False,False
596871,2022,Motos pequenas poderão ter isenção de IPVA a partir de 1 de janeiro de 2023,5,17.470045,-9.926375,False,False,False,False,False
569470,2022,Nissan Frontier 2023 renovada será revelada no início de abril,0,-10.515591,-50.82328,False,False,False,True,False
565380,2022,Ferrari confirma início da produção de seu 1º SUV para 2022,5,12.942604,-63.74009,False,False,False,False,True
565354,2022,Locadoras batem recorde de compra... de motos!,5,46.268982,16.823875,False,False,False,False,False
581289,2022,Citroen mata Grand C4 na Europa e encerra 30 anos de história de minivans,5,44.95088,-19.397747,False,False,False,False,False
609097,2022,Oficial: mini-Renegade se chamará Jeep Avenger e terá opção híbrida,0,37.89822,-8.453319,True,True,False,True,True
624946,2022,Lego lança Nissan Skyline GT-R R34 de Paul Walker em “+Velozes +Furiosos”,5,-3.637311,-38.118744,False,False,False,False,False
573014,2022,Fiat Pulse Abarth: SUV esportivo é revelado e chega no fim do ano,5,23.39455,28.979153,False,False,False,False,True
609623,2022,Hatches em agosto: Hyundai HB20 tem melhor desempenho desde 2016,1,76.03829,-15.323176,False,False,False,False,False
628887,2022,Nova Dakota nacional? Ram 1200 é flagrada com menos camuflagem no Brasil,0,14.281446,40.0593,False,False,False,True,False
627383,2022,Nissan Sentra 2024 finaliza testes para estreia no Brasil no 1º trimestre,0,-1.110579,-49.22098,False,True,False,False,False
584908,2022,"Confirmado para o Brasil, Honda ZR-V terá motor híbrido na Europa",2,29.035206,60.373768,True,True,False,False,True
625145,2022,Toyota bZ Compact SUV: prévia de crossover elétrico tem porte de RAV4,0,-36.375725,-1.8219373,True,False,False,False,True
621615,2022,Nova Twister? Honda registra a nova CB 300F no Brasil,2,36.237686,48.99006,True,False,False,False,False
620214,2022,"Descontão: Toyota Hilux, Corolla e Yaris têm bônus de até R$ 20 mil",4,8.93681,16.340223,False,False,False,False,False
613391,2022,Ferrari SP51: versão única tem design exclusivo e motor V12 de 800 cv,5,14.612683,-63.2823,False,False,False,False,False
564926,2022,Ranking: as 20 motos mais vendidas no Brasil em janeiro de 2022,2,47.716404,16.75423,False,False,False,False,False
604189,2022,"Incrível: avião cai e explode em estrada nos EUA, mas ninguém sai ferido",5,3.1464064,-10.78189,False,False,False,False,False
561586,2022,BBB 22: Fiat Pulse será dado mais uma vez como prêmio ao vencedor,4,22.52379,26.636658,False,False,False,False,True
572473,2022,"Mulher de 79 anos compra um Golf GTI, seu 5º hot hatch",5,-34.740948,29.067934,False,False,False,False,False
581465,2022,Novo BMW M2 2023 será produzido no México e estreia ainda este ano,3,-66.281685,-12.40669,True,False,False,False,False
626013,2022,"Ford quer ser ""mais americana"" na Europa com SUVs e picapes",0,-51.085503,7.757021,False,True,False,False,True
620207,2022,Fiat Fastback tem aumento e preços já superam os R$ 130 mil,4,15.932132,22.667421,False,False,False,False,True
564905,2022,"Flagra mostra nova Triumph de entrada, que será ""indiana""",2,44.932957,32.063164,False,False,False,False,False
579505,2022,Novo NSX será elétrico? Honda mostra 2 esportivos em plano de eletrificação,2,31.543427,59.448128,True,True,False,False,True
583539,2022,BMW Série 1 deverá enfrentar dificuldades para sobreviver no futuro,3,-65.44402,-19.274567,True,True,False,False,False
580812,2022,"Harley-Davidson pode estar trabalhando em uma Pan America ""de entrada""",5,45.356915,29.081385,False,False,False,False,False
584269,2022,Novo Toyota Corolla reestilizado ficará mais potente e equipado,0,-11.035302,43.631298,True,True,False,False,False
562429,2022,Volkswagen Virtus com novo visual será revelado em março,0,-28.233908,19.659063,False,False,False,False,False
572155,2022,Ford lança Ranger FX4 2023 com apelo off-road por R$ 288.990,4,-52.126812,25.426117,False,False,True,True,False
608701,2022,Novo Volkswagen Tiguan é flagrado na Europa e será lançado em 2024,0,-29.663277,10.32369,False,True,False,True,True
586640,2022,Ford anuncia venda da fábrica em Taubaté (SP) para construtora,0,-46.128628,7.1661305,False,False,False,False,False
592399,2022,7 coisas que você não sabia da fabricação do Fiat Cronos na Argentina,5,26.630533,17.076757,False,False,False,False,False
565918,2022,Nova superesportiva? Yamaha registra patentes para novas motos,2,48.799343,42.95062,False,False,False,False,False
594644,2022,Novo DS 7 2022 ganha visual renovado e motor híbrido de 360 cv,4,-31.316395,-3.0108266,True,True,True,True,True
570039,2022,Hyundai ix35: Histórico e vendas desde 2010 do SUV no Brasil,0,-15.209694,60.69586,False,False,False,False,True
569656,2022,Reino Unido em janeiro: Novo Sportage impulsiona 1ª liderança da Kia,1,63.86652,-0.9938311,False,True,False,True,True
602688,2022,Vendas diretas em julho: Gol e Voyage garantem dois Volkswagen no top 4,1,81.00457,10.260908,False,False,False,False,False
623618,2022,BMW 3.0 CSL: esportivo de 560 cv é cereja do bolo dos 50 anos da BMW M,3,-64.21727,-10.801936,False,False,False,False,False
582651,2022,Fiat Pulse estreia na Argentina com menos versões que no Brasil,4,20.999249,25.966196,False,False,True,False,True
569121,2022,Nova Ford Ranger Raptor 2023 estreia com 3.0 V6 de quase 400 cv,0,-53.37648,29.36917,False,False,False,True,True
594623,2022,"Mercedes-Benz Classe A e Classe B sairão de linha até 2025, diz jornal",5,-15.948571,-66.70557,False,False,False,False,True
615111,2022,Toyota Corolla Cross é o SUV preferido dos argentinos pelo 6º mês seguido,1,71.68702,8.632543,False,False,False,False,True
561524,2022,BMW antecipa moto R 18 esportiva com a grife M,3,-72.47467,-10.103827,False,False,False,False,False
603825,2022,Jeep Renegade 2023 chega à Argentina com motores 1.8 e 1.3 turbo,4,41.971195,-4.3813725,False,False,False,True,True
612192,2022,Fiat Pulse Drive 1.3 CVT 2023 está nas lojas; veja como ficou com calotas,4,18.590439,27.325361,False,False,True,False,True
599224,2022,Peugeot Landtrek: picape anti-Hilux faz últimos testes antes da estreia,0,24.76694,8.125339,False,False,False,True,True
567979,2022,Salão Duas Rodas é adiado pela 2ª vez. Agora só em 2023,5,-3.1802351,-27.548685,False,False,False,False,False
622872,2022,"Mercado tem avanço de 11,4% em outubro e deve fechar 2022 em alta",5,41.849144,13.455571,False,False,False,False,False
599229,2022,"Petrobras anuncia redução no preço da gasolina em R$ 0,20 por litro",4,23.035715,-9.554823,False,False,False,True,False
613100,2022,Lamborghini Aventador tem produção encerrada... de novo,5,-7.2901835,-15.340221,False,True,False,False,False
602830,2022,Novo Fiat Fastback 2023 é visto sem camuflagem pela primeira vez,0,24.970098,30.111233,False,False,False,False,True
590957,2022,"Volkswagen Gol, Voyage e Saveiro sobem de preço em junho; veja tabela",4,-21.694149,23.038246,False,False,False,False,False
583831,2022,Motos em abril: mercado cai pela 1ª vez em 2022; Honda tem 80% do Top 10,2,50.63484,18.136711,False,False,False,False,False
616353,2022,"Hyundai Creta Action, da geração anterior, chega à linha 2023; veja o preço",4,-9.057698,65.30301,False,False,True,False,True
627933,2022,Kia Stinger ganha série especial de despedida antes de ser trocado por elétrico,4,-39.947117,51.32376,False,False,False,False,False
619593,2022,Hyundai prepara mini SUV para encarar Citroën C3 em países emergentes,0,-16.706617,70.661606,False,False,False,False,True
598301,2022,"Após redução do ICMS, preço da gasolina caiu até 19%; em SP é o mais barato",5,23.273203,-9.69562,False,False,False,True,False
580517,2022,Chevrolet Tracker ganhará nova geração nos EUA ainda em 2022,0,-3.5180368,16.655645,False,False,False,False,True
623910,2022,Peugeot 208 alcança 100 mil unidades produzidas na Argentina,5,20.86706,7.4951425,True,False,False,False,False
608488,2022,Nova Honda Biz 125 2023 aparece no site; veja o preço e o que muda,2,35.079952,49.481987,False,False,False,False,False
563825,2022,"Rainha do Nordeste, Honda Pop 110i completa 15 anos de mercado",2,38.598442,47.818306,False,False,False,False,False
620206,2022,Iveco apresenta o S-Way no Brasil com motor de até 540 cv,4,-11.994341,13.410935,False,False,True,True,False
578574,2022,Brasil perde posição e foi o 8º maior mercado automotivo de 2021,5,36.703636,9.481702,True,False,False,False,False
609774,2022,Onix Plus e Voyage impulsionam novo crescimento dos sedãs em agosto,1,75.79318,-12.964719,False,False,False,False,False
606786,2022,Mitsubishi L200 Triton Sport Sertões: série limitada custa R$ 299.990,4,11.486349,-29.708357,False,False,True,True,False
567962,2022,Audi Q3 2.0 TFSI quattro 2022 parte de R$ 279.990 em pré-venda,4,-51.04372,-36.93117,False,False,True,False,True
569227,2022,Próximo supercarro da Bugatti abandonará motor W16 e será híbrido,5,-6.4806724,-13.50576,True,True,False,False,False
566418,2022,Great Wall registra picape híbrida no Brasil que brigará com Hilux,0,-34.070118,-19.649044,True,True,False,False,False
594864,2022,Renault produzirá uma nova plataforma na Argentina para picape compacta,0,27.036045,-26.34913,False,False,False,False,True
599485,2022,Fiat Toro: Preços subiram até R$ 28 mil em pouco mais de 1 ano,4,19.248722,33.828884,False,False,False,True,False
603604,2022,Chevrolet Onix foi o usado que mais encareceu em julho; veja a lista,5,17.102858,-6.3882337,False,False,False,False,False
688055,2022,'Alonso pai de Jesus Cristo'? Russell Judas? Saiba a verdade por trás da 'zoeira' na F1,5,21.86377,-53.074684,False,False,False,False,False
577348,2022,Honda NT1100 e ADV 350 ganham prêmio de design internacional,2,33.877285,52.066597,False,False,False,False,False
628287,2022,Nova Ford F-150 reestilizada deverá ganhar visual inspirado na Lightning,0,-55.669937,22.769033,False,True,False,False,False
654864,2023,Chevrolet S10 tem promoção com desconto de até R$ 30 mil,4,11.846167,17.261381,False,False,False,True,False
688482,2023,Wolff: F1 deve buscar respostas sobre corrida “chata” em Baku,5,22.119497,-54.62669,False,False,False,False,False
670337,2023,GWM terá SUV nacional inédito e híbrido para brigar com Toyota SW4,0,-31.700567,-20.169691,True,True,False,False,True
694907,2023,Ford confirma que lançará novas versões da Maverick e do Bronco,0,-62.707882,16.437424,True,True,False,True,True
679046,2023,Mercedes-Benz não tem mais planos para picapes mesmo com a nova Mitsubishi L200,0,-12.958494,-57.35245,False,False,False,True,False
676095,2023,Hyundai Creta 2024 ganha cara de Tucson e perde motor turbo no México,4,-18.303492,68.159424,True,False,False,False,True
679269,2023,Tesla deixa Sandero e SUV da VW para trás em vendas na Europa; veja a lista,5,38.900253,10.592164,False,False,False,False,True
700021,2023,Flagra: esta pode ser a versão mais barata do Renault Duster 2025,0,27.969831,-28.88186,False,False,False,False,True
700852,2023,Fiat Pulse recebe só 2 estrelas em teste de colisão do Latin NCAP,5,40.723366,-36.822895,False,False,False,False,True
659870,2023,Novo Porsche Cayenne será apresentado na China no dia 18 de abril,0,-32.45797,-44.60478,True,True,False,False,True
668692,2023,Volkswagen registra novo visual do Taos no Brasil; Será que vem?,0,-27.915607,14.681211,False,True,False,False,True
692540,2023,Toyota apresenta picape monobloco menor que a Hilux em conceito elétrico,0,-25.47029,43.738335,True,False,False,False,False
700663,2023,Chevrolet Camaro terá produção encerrada ainda nesta semana nos EUA,5,-0.37285,13.065395,False,False,False,False,True
675390,2023,Ram revela a nova 3500 2023: veja os preços o que mudou,4,12.948824,38.35731,False,False,False,True,False
654135,2023,Novo Mitsubishi Outlander Ralliart: versão com 300 cv estreia em 2024,0,10.805764,-34.039078,False,True,False,False,False
669343,2023,Toyota Gazoo Racing mostrará novo conceito esportivo em junho,5,-15.793471,42.388,False,True,False,False,False
673568,2023,Novo BMW X2 é flagrado e será uma versão cupê do X1,3,-65.99268,-14.159054,False,False,False,False,True
699673,2023,Toyota cria transmissão manual de 14 marchas para carros elétricos,5,-3.7704546,-18.146936,True,False,False,False,False
652467,2023,Kia Stonic tem promoção e fica até R$ 8.000 mais barato,4,-39.04801,-4.0317063,False,True,False,False,True
697110,2023,"Depois da Hilux, Toyota SW4 também terá versão com sistema híbrido-leve",0,-12.896438,37.683567,False,True,False,True,True
680153,2023,Novo Mini Countryman é flagrado na versão John Cooper Works de 326 cv,3,-59.533733,-15.590896,True,True,False,False,False
699837,2023,Efeito BYD? Peugeot anuncia e-2008 com R$ 40 mil de desconto no preço,4,14.872579,11.254927,True,False,False,False,True
651605,2023,"Com fim do estoque, Volkswagen Voyage encerra carreira no Brasil",5,-20.196999,14.772323,False,False,False,False,False
691383,2023,Mercedes-AMG GLA 45 S 2024 muda pouco e continua andando muito,0,-21.669233,-63.14339,False,False,False,False,True
698769,2023,Toyota passa incríveis 3 horas inspecionando cada unidade do Century,0,-11.294887,35.63359,True,True,True,False,True
632866,2023,Vazou: BMW M 1000 RR aparece em registro e esta próxima do Brasil,3,-72.57303,-8.062448,False,False,False,False,False
680430,2023,Novo Mercedes-Benz GLC Coupé 2023 já está no Brasil; veja flagra,0,-24.989403,-67.23572,True,True,False,False,False
688087,2023,"Chery Tiggo 9, novo SUV topo de linha da marca, é registrado no Brasil",0,-38.945652,-26.974873,False,True,False,False,True
656262,2023,Chefe de design da Mercedes-Benz diz que foco é de 60% em SUVs,5,-16.876911,-65.72136,False,False,False,False,False
676289,2023,Volkswagen T-Cross assume a liderança dos SUVs compactos em 2023,1,76.78697,-6.451435,True,False,False,False,False
677758,2023,Triumph mais barata vende 1.000 unidades por dia e tem fila de espera,2,41.85149,37.265255,False,True,False,False,False
665568,2023,Segredo: Royal Enfield Himalayan 450 será a moto mais moderna da marca,2,46.322998,32.691498,False,False,False,False,False
677542,2023,Projeção mostra como VW Amarok vai ficar pelos próximos 10 anos,0,-36.29383,13.954625,False,False,False,True,False
663638,2023,GWM apresenta super picape CyberP!ckup 6x6 no Salão de Xangai,0,-33.713337,-19.70262,True,True,False,False,False
682941,2023,Honda registra novo WR-V no Brasil: SUV brigará com Creta e Baby Renegade,2,20.160564,57.797146,False,True,False,False,True
655265,2023,Alemanha e Itália são contra proibição total de motores a combustão,5,5.3236566,-19.49831,True,False,False,False,False
686576,2023,Honda Biz completa 25 anos: veja um pouco da história da moto,2,33.94889,50.947628,False,False,False,False,False
688190,2023,"F1: Verstappen lidera TL3 no Canadá com chuva, pista molhada e batida de Sainz",5,30.043303,-57.294205,False,False,False,False,False
672299,2023,Nova geração do VW Tayron será global para substituir Tiguan Allspace,0,-26.844122,8.433702,False,True,False,False,True
632408,2023,Novo Mini Cooper 2024 é pego em testes na neve; estreia no meio do ano,0,-46.48246,-12.394224,True,False,False,True,True
653194,2023,"Semana Motor1.com: flagra nova S10, estreia do Haval H6 GT, Polo Track e mais",0,-54.899837,22.340416,False,False,False,True,True
691711,2023,Confirmado: Novo VW T-Cross nacional terá visual e acabamento como o europeu,0,-27.511997,16.341673,False,True,False,False,True
681572,2023,Jeep Gladiator abandona motor diesel com série limitada,4,34.044044,-3.3151073,False,False,False,True,False
700659,2023,VW terá 4 lançamentos até 2025 e novo Gol pode estar na lista,0,-27.64375,15.214678,False,True,True,True,True
654673,2023,"Jeep Commander terá nova versão de entrada para enfrentar Tiggo 8, diz site",4,43.807518,-2.4518795,False,True,True,True,True
631566,2023,Citroën C4 Cactus tem promoção com até R$ 16.000 de desconto,4,30.105251,6.11402,False,False,False,False,True
695150,2023,Fiat Strada começa a ser vendida em países da África; veja quais,0,17.068052,34.70655,False,False,False,False,False
699256,2023,"Novo Duster seria 'pai' do próximo Lada Niva, mas Rússia mudou planos",0,23.242819,-29.864372,False,False,False,False,True
681325,2023,Novo Hyundai Santa Fe 2024 cresce e tem até desinfetante no porta-luvas,4,-35.124523,-8.374227,False,True,False,False,False
656647,2023,"Harley mostra sua moto mais barata na China, a  X350 que custa R$ 25 mil",2,44.716335,36.082287,False,False,False,False,False
659447,2023,Segredo: Chevrolet Tracker RS 2024 brasileiro será como o chinês,0,2.2228072,28.2792,False,False,False,False,True
670189,2023,Nova Chevrolet Montana tem pré-venda na Argentina com preço de S10,4,-4.428857,27.170856,False,False,False,True,False
700005,2023,"Semana Motor1.com: Essa é a nova Titano, flagra do novo Kicks e mais",0,-10.259463,-48.9281,False,True,False,True,True
672104,2023,Novo Tiguan? Teaser da Volkswagen aponta para lançamento próximo,0,-29.718122,10.268078,False,False,False,False,True
680380,2023,Projeção: Audi Q3 ganhará novo design em 2025 inspirado no Q8 e-tron,0,-54.95676,-34.0824,False,False,False,False,True
681764,2023,Hyundai Creta 2024 é lançado com novas versões; veja tabela de preços,4,-8.146449,65.03943,False,False,False,False,True
680891,2023,Chevrolet Silverado 2024 será lançada no Brasil com motor V8 de 360 cv,4,9.55985,39.149834,False,False,False,False,False
651339,2023,Flagra: Ford Explorer roda em testes no Brasil; será que o SUV grande vem?,0,-54.24155,14.160252,False,True,False,False,True
670128,2023,Volkswagen lança Polo Track na Argentina com motor proibido no Brasil,4,-21.188456,11.534126,False,False,False,False,False
701785,2023,Toyota Yaris Cross tem vendas suspensas após escândalo de segurança,5,-16.466793,37.155296,False,False,False,False,False
683177,2023,Honda traz novidade fosca para a XRE 190 2024 e preço passa de R$ 20 mil,2,38.947414,45.804165,False,False,False,False,False
670571,2023,VW T-Cross 2024 chega mais caro e deixa renovação para o ano que vem,4,-22.001184,19.303064,False,False,False,False,True
670826,2023,Jeep Renegade: preço cai R$ 20.000 após incentivos do carro popular,4,43.09086,-0.8741119,False,False,True,False,True
673518,2023,Flagra! Novo Peugeot 208 aparece antes da hora com estilo mais moderno,0,18.318453,7.8249054,False,False,False,False,True
673600,2023,Flagra mostra Audi RS6 Avant 2025 na pista em versão mais agressiva,0,-56.424896,-32.63131,False,True,False,False,False
684584,2023,Nova lista do Uber Black tem carros que não existem no Brasil; confira,5,1.3526734,-8.055694,False,False,False,False,False
680880,2023,Mitsubishi lança L200 Triton Savana Sertões ao preço de R$ 311.990,4,11.573441,-29.63519,False,False,True,True,False
657247,2023,BMW ainda não desistiu dos motores tradicionais a gasolina e diesel,3,-64.86387,-19.597527,True,False,False,True,False
697536,2023,Omoda/Jaecoo confirma lançamento ao Brasil em 2024 com três carros,5,-33.41652,-26.966057,False,True,False,False,True
665820,2023,O modelo mais vendido de cada marca em abril de 2023,0,-61.050728,-17.855097,False,False,False,False,True
688648,2023,Flagra: Kawasaki corre para esconder sua moto híbrida definitiva,5,42.18592,31.149406,False,True,False,False,False
660670,2023,Nova Toyota Tacoma 2024 terá motor híbrido que pode estar na Hilux,0,-22.56181,42.87915,True,True,False,False,False
654395,2023,Vendas Reino Unido em janeiro: SUV chinês emplaca como o mais vendido,1,63.8428,-0.67220926,False,False,False,False,True
653414,2023,Novo Honda City revela design renovado em fotos vazadas,2,24.128166,59.676598,False,True,False,True,False
696187,2023,Ferrari mais cara da história foi leiloada por R$ 251 milhões,5,14.87215,-61.865482,False,False,False,False,False
656038,2023,"Réplica da clássica Ferrari do filme ""Curtindo a Vida Adoidado"" é leiloada",5,14.898382,-62.92628,False,False,False,False,False
674014,2023,Electric Days Brasil 2023: acompanhe as apresentações do 2º dia ao vivo,5,8.661955,-18.30129,True,False,False,False,False
688440,2023,"Primo gringo do HB20, Hyundai i20 parte de R$ 99,5 mil",4,-9.966624,62.72676,False,True,False,False,False
666308,2023,Hyundai aumenta preços do HB20 e HB20S 2023; veja tabela,4,-4.8627896,63.76754,False,False,False,False,False
651931,2023,Chevrolet Trailblazer muda design e pode inspirar facelift do Tracker,4,-4.5200324,25.963987,False,False,False,False,True
685204,2023,"duPont REGISTRY anuncia plataforma de investimento automotivo de luxo, duPont REGISTRY Invest",5,-1.3563346,-12.999798,False,False,False,False,False
676330,2023,Novo Honda City começa a ser registrado no Brasil com design atualizado,2,23.410063,60.272194,True,True,False,True,False
661546,2023,Dafra NH 300 2024: chega ao Brasil a rival de Honda XRE 300 e Yamaha Lander,2,41.178608,43.188847,False,False,False,False,False
629413,2023,Fiat Cronos liderou vendas na Argentina em 2022; veja o ranking completo,1,71.83712,8.396611,False,False,False,False,False
655785,2023,Hyundai Creta N Line Night Edition é limitado a 900 unidades por R$ 181.490,4,-9.322945,63.21403,False,False,True,False,True
629986,2023,"Nas lojas, SUVs dominaram vendas em 2022 com Creta destaque",1,82.95216,8.453308,False,False,False,False,False
660160,2023,Pedágio free flow já está valendo e tem desconto para quem usa muito,5,11.454836,-7.5634675,False,False,False,False,False
676843,2023,Nissan tenta melhorar vendas da Frontier com condições fora do comum,4,-8.211168,-46.020683,False,False,False,True,False
695481,2023,Ford Mustang California Special celebra os 60 anos do esportivo,0,-51.88931,-1.8230692,False,False,False,False,False
657633,2023,Flagra: Novo VW T-Cross 2024 deve adotar faróis inteligentes,0,-26.62692,15.898961,False,False,False,False,True
685803,2023,Stellantis acredita que carros a combustão sobreviverão até 2050,5,4.9925656,-20.746841,True,False,False,False,False
698180,2023,Ram Rampage é posta à prova e roda o equivalente a 6 meses em 24 horas,5,10.659045,40.002632,False,False,False,False,False
681499,2023,Volkswagen Virtus chega à linha 2024 até R$ 5.000 mais caro; veja tabela,4,-20.596586,19.893673,False,False,False,False,False
666607,2023,Fiat Argo 2023 fica mais caro nas versões de entrada e barato na completa,4,16.101986,23.80327,False,False,False,False,False
659684,2023,Nova Toyota Tacoma chega em 4 de abril com visual que inspirará nossa Hilux,0,-22.583372,42.888577,False,True,False,True,True
699251,2023,Fábrica da Fiat Titano no Uruguai poderá ter Stellantis como sócia,5,24.86913,2.6545343,False,False,False,False,False
672498,2023,Fiat reduz preço de todas as Toro a diesel em R$ 20 mil,4,18.635004,34.146275,False,False,False,True,False
664553,2023,Chevrolet S10 Midnight 2023 é lançada ao preço de R$ 310.100,0,-2.7118454,25.912098,False,False,False,True,False
671889,2023,Triumph mais barata feita com a Bajaj será revelada em julho,5,43.67729,31.368734,False,False,False,False,False
678415,2023,Honda lança a nova Bros 2024 por R$ 18.686; veja o que muda,2,40.430305,45.582752,False,False,False,False,False
690541,2023,Kia K4 2025: sucessor do Cerato ganha projeção e terá cara de carro elétrico,0,-37.052032,-5.2756143,True,True,False,False,False
651779,2023,Novo Toyota Yaris ganhará versão híbrida na Ásia; e no Brasil?,0,-9.617552,46.45775,True,True,False,False,False
684138,2023,Jeep Compass soma 450 mil unidades produzidas no Brasil desde 2016,4,38.04038,-0.6308245,False,True,False,True,True
653898,2023,Volkswagen T-Cross muda de nome no México e passa a se chamar Taigun,0,-25.384497,14.308991,False,False,False,False,True
687285,2023,Mercedes-Benz é acusada de burlar testes de emissões na Europa,5,-16.582766,-61.532093,False,False,False,True,False
702744,2023,Toyota irá desistir de suas próprias versões de Suzuki Jimny e Swift,5,0.57019216,54.32763,False,False,False,False,False
655792,2023,"Começando no Brasil, Bajaj lança scooter elétrica por menos de R$ 10 mil",2,40.849747,32.319443,True,False,False,False,False
699459,2023,Picapes mais vendidas em novembro: Rampage supera Ranger e encosta na Hilux,5,37.356865,19.359123,False,False,False,False,False
667776,2023,Fiat Toro cai R$ 17 mil em oferta e fica mais barata que Montana AT,4,14.63551,20.366362,False,False,False,False,False
688161,2023,VÍDEO: Oops... Norris quebra troféu de Verstappen no pódio; veja como foi,5,26.697802,-56.61531,False,False,False,False,False
661185,2023,Novo Toyota Prius PHEV faz 200 km/l segundo teste oficial na Europa,5,-22.571693,-14.704716,True,True,False,False,True
732233,2023,F1: Leclerc voa em Las Vegas e conquista pole position,5,25.985012,-58.481167,False,False,False,False,False
686121,2023,"Jeep aumenta preço do Compass em até R$ 2,6 mil; veja a nova tabela",4,44.476868,-2.8037462,False,True,False,True,True
698951,2023,Hyundai: “Sempre seremos melhores do que as marcas chinesas”,5,-17.859232,58.865128,False,True,False,False,False
673591,2023,Toyota GR Corolla fará sua estreia em julho no Festival Interlagos Carros,4,-14.87021,44.202183,False,False,False,False,False
660172,2023,Volkswagen tem T-Cross sem juros e Amarok com R$ 30 mil de desconto,4,-18.941193,24.722067,False,False,True,True,True
695695,2023,"Fiat Mobi, Argo e Peugeot 2008 têm vendas suspensas na Argentina",5,26.09344,13.735514,False,False,False,False,True
676970,2023,Jeep Compass perde 30% das vendas em junho e GWM Haval H6 bate recorde,1,78.68496,-7.7169657,False,False,False,False,False
677911,2023,"Para Projeto de Lei, democratizar mobilidade é alugar carros",5,13.441784,-6.3940134,False,False,False,False,False
629395,2023,Volkswagen ID.7 é o Passat elétrico com 700 km de autonomia,5,-23.127268,1.6069154,False,False,False,False,True
654458,2023,"VW Polo Track 2023: como é a versão ""pelada"" sem rádio e volante de Gol",4,-18.949995,18.123045,False,False,False,False,False
674759,2023,Flagra: Ford Maverick ST aparece em testes com suspensão rebaixada,0,-59.55745,19.967,False,True,False,False,False
688457,2023,"Ao contrário do Brasil, vendas de carros manuais quase dobram nos EUA",5,1.5655736,-4.121906,False,False,False,False,False
673883,2023,Projeção antecipa facelift para o Kia Sorento 2024,0,-36.16775,48.340317,False,True,False,False,True
654049,2023,Mercedes-Benz terá novo sistema multimídia com Google Maps e YouTube,0,-18.34881,-62.62345,False,False,False,False,False
682294,2023,Nissan lança descontos de a partir de R$ 8 mil para Versa e Sentra,4,-3.6146166,-47.78831,False,False,False,False,False
677312,2023,Novo Hyundai Santa Fe 2024 estreia com design quadradão digno de Land Rover,0,-18.702522,65.20997,True,True,False,False,True
699674,2023,Honda terá nova Hornet na Argentina e scooter mais barata que a PCX,2,31.964703,47.886623,False,False,False,False,False
689906,2023,Kawasaki lança Ninja elétrica nos EUA; preço da moto é de R$ 39 mil,2,40.009647,40.47038,True,False,False,False,False
668723,2023,Lexus LBX 2024: Toyota terá SUV compacto de luxo contra Audi e Mini,0,-7.688539,46.76964,False,True,False,False,True
668925,2023,Novo BMW Série 5 2024 é vegano e muda de faixa pelo olhar do motorista,3,-60.77697,-9.66423,True,True,False,True,True
662045,2023,Toyota Corolla Cross 2024 fica mais caro um mês após ser lançado,4,-5.9136415,36.3894,False,True,False,False,False
674915,2023,Nova Mitsubishi L200 Triton fará prova de fogo em rali logo após estreia,0,8.841132,-33.138645,False,False,False,True,False
678158,2023,Novo Mercedes-Benz GLA está em testes para 2025 e terá versão híbrida,0,-17.882778,-63.72277,True,True,False,True,True
672609,2023,SUVs premium em maio: Porsche Cayenne cresce 200% em vendas,1,76.90336,-22.750336,False,False,False,False,False
653845,2023,Gambiarra? JMC lança na China van elétrica com base de Ford Transit velha,0,-21.984606,-11.910384,True,False,False,True,False
692518,2023,"Pérez ri de rumores de aposentadoria e vê futuro na F1 para além de 2024: ""Não será meu último contrato""",5,24.284492,-55.30167,False,False,False,False,False
672756,2023,Carro Popular: Governo estuda forma de prorrogar redução dos preços,5,14.540365,-5.5743265,False,False,False,True,False
688113,2023,"F1 - Torcedores da Ferrari fazem manifestação a favor de Massa em Monza: ""Campeão de 2008""",5,20.527075,-55.68806,False,False,False,False,False
630132,2023,VW Jetta GLI 2023 encarece pouco tempo depois de ganhar mais equipamentos,4,-25.095167,23.023155,False,False,True,False,False
632873,2023,"Depois da Argentina, novo Toyota Yaris Sedan 2024 é registrado no Brasil",0,-9.659657,46.45554,True,True,False,False,False
629864,2023,"Indústria nacional cresceu e produziu mais de 2,37 milhões de veículos em 2022",5,41.326694,13.563192,True,False,False,False,False
699857,2023,Kia Tasman: picape rival de Hilux e Titano já tem data para iniciar produção,0,-31.40932,55.95645,False,False,False,True,False
700279,2023,Novo Mercedes-Benz GLS 450 é lançado no Brasil pelo preço de R$ 979.900,4,-25.949976,-66.363174,True,True,False,False,True
629646,2023,Toyota mostra nova Hilux GR-Sport com solução que dificulta capotamento,0,-21.142776,44.551155,False,False,False,True,False
673327,2023,Flagra: nova BMW R 1300 GS chega em setembro e visual vaza antes da hora,3,-73.62718,-9.277186,False,False,False,False,False
679970,2023,Fiat Toro Endurance entra em promoção com preço reduzido em R$ 17.500,4,14.3831415,20.637613,False,False,False,False,False
661798,2023,De Strada a T-Cross: carros mais vendidos poluem mais que o imaginado,5,32.63287,18.177439,False,False,False,True,False
630355,2023,"Nova Toyota Hilux híbrida tem desenvolvimento acelerado, revela site",0,-23.314299,42.252766,True,True,False,False,False
662483,2023,Carros mais vendidos na Europa em fevereiro: Tesla duela com Sandero,1,62.921646,-4.756411,False,False,False,False,False
690079,2023,Kia oferece Stonic 2024 com preço promocional do modelo 2022,4,-38.86391,-4.265528,False,True,False,False,False
680444,2023,Toyota Corolla Truck: picape rival de Toro e Maverick ganha projeção,0,-25.384443,43.677242,True,False,False,False,True
673796,2023,"SUV do Corolla, Toyota C-HR 2024 estreia com versão híbrida plug-in",0,-10.638156,40.16937,False,True,False,False,True
633408,2023,Honda City 2023 ganha sistema myHonda Connect nas versões Touring,2,30.25865,54.216675,False,False,False,False,False
683540,2023,Royal confirma volta de sua moto mais lembrada para setembro; veja qual é,2,46.32631,32.30513,False,False,False,False,False
689710,2023,"Motos em setembro: vendas caem, mas mercado já cresceu 20% em 2023",2,47.98432,17.075842,False,False,False,False,False
699670,2023,Kia lança Niro Rio Open Limited Edition no Brasil ao preço de R$ 222.790,4,-22.4181,-10.976395,False,True,False,False,False
675151,2023,Sem CAOA: Chery anuncia chegada das marcas Omoda e Jaecoo ao Brasil em 2024,5,-30.998516,-26.8986,False,True,False,False,True
673592,2023,Audi assume liderança no Reino Unido pela 1ª vez em maio,1,63.54629,-0.41844678,False,True,False,False,False
658124,2023,"Jeep oferta Renegade, Compass e Commander com até R$ 50.000 de desconto",4,42.78398,-0.08868173,True,True,False,False,True
674972,2023,Jeep Gladiator 2024 sem camuflagem confirma facelift do irmão Wranlger,0,-35.744595,1.9810466,False,False,False,False,True
700892,2023,"GM, VW e Toyota apelam contra incentivos para carros a combustão novamente",5,5.969947,-16.902243,True,True,False,False,False
701764,2023,Kia estaria manipulando vendas para manter orçamento de marketing,5,-40.29551,52.334698,False,False,False,False,False
651994,2023,Hatches em janeiro: HB20 perde fôlego e Onix se aproveita,1,76.09711,-15.438424,False,False,False,False,False
694116,2023,Volkswagen ID.7 Tourer será perua elétrica equivalente ao Passat Variant,0,-23.17759,1.6547158,True,False,False,False,False
677036,2023,ZF inicia produção nacional de airbags de cortina em Limeira (SP),5,37.43439,-35.307415,False,False,False,False,False
698149,2023,Sistema híbrido-leve do Monza pode ser opção para a Chevrolet no Brasil,4,5.7896404,24.858667,True,True,False,False,False
682505,2023,BYD vai instalar aplicativo de karaokê na multimídia de seus carros,5,-34.57279,-14.575224,False,False,False,False,False
674274,2023,Novo BMW X1 ganha versão esportiva de 317 cv e novo sistema multimídia,3,-63.81371,-9.07251,False,False,False,False,False
674664,2023,"Petrobrás anuncia redução de R$ 0,14 pelo litro da gasolina",4,23.004631,-9.471572,False,False,False,False,False
697703,2023,Nissan tem ação de Black Friday com até R$ 33.000 de desconto para Frontier,4,-8.546997,-41.998524,False,False,False,False,False
681753,2023,Nova geração do Mitsubishi Pajero Sport ganha projeção; confira visual,0,9.411206,-33.42791,False,False,False,True,True
629638,2023,Sony e Honda criam marca Afeela para vender carros elétricos em 2025,2,32.411026,57.063553,True,False,False,False,False
666103,2023,Volkswagen Virtus 2023 sofre novo reajuste de preços; confira tabela,4,-20.646564,19.687979,False,False,False,False,False
665373,2023,Electric Days 2023: Edição Brasil acontece em São Paulo nos dias 26 e 27 de junho,5,8.251084,-18.394424,True,True,False,False,False
675181,2023,Novo Kia Picanto 2024 ganha cara de Sportage e fica sem eletrificação,0,-37.998337,49.0924,True,False,False,False,False
660463,2023,Porsche São Paulo Oeste: BEXP inaugura concessionária sustentável em SP,5,-35.166557,-44.169174,True,False,False,False,False
688234,2023,"Verstappen pede para que Red Bull faça ""revisão"" da chamada para troca de pneus no Azerbaijão que lhe custou a liderança",5,26.00502,-55.673485,False,False,False,False,False
660903,2023,"HB20, Onix e Polo fazem disputa apertada pela vice-liderança em março",1,79.07761,10.308969,False,False,False,False,False
688406,2023,"F1: Após liderar sexta, Alonso fala sobre possibilidade de pole no Bahrein",5,23.214901,-54.869247,False,False,False,False,False
651940,2023,Ram antecipa nova 1500 Limited no Brasil contra avanços da F-150,4,12.6473875,39.03926,False,False,False,False,False
630574,2023,Volkswagen Up! GTI começa a sair de linha na Europa sem deixar sucessor,0,-33.55333,24.45018,True,False,False,False,False
685421,2023,Hyundai Tucson 2024 tem preços reduzidos em até R$ 50 mil,4,-6.495274,63.364708,False,False,False,False,True
632343,2023,Toyota Corolla e Corolla Cross ficam mais baratos; veja novos preços,4,-2.6167653,38.367966,False,True,False,False,True
654084,2023,Citroën não fechará fábrica em Porto Real: montadora desmente fake news,5,45.2656,-21.907547,False,False,False,False,True
667069,2023,"À espera do carro popular, VW posterga redução de produção do Polo Track",5,-11.233395,4.2054553,False,False,False,False,False
675871,2023,Suzuki Hayabusa faz 25 anos e ganha série especial de aniversário,5,5.0098133,54.37629,False,False,False,False,False
687251,2023,Renault produzirá Kwid na Colômbia abrindo espaço para o Kardian no Brasil,0,25.90373,-28.057518,False,False,False,False,True
658993,2023,Volkswagen ampliará investimentos para ter híbrido flex no Brasil,0,-30.431852,5.0198774,True,True,False,False,False
694689,2023,"Semana Motor1.com: chegada do Honda ZR-V, Ranger Raptor no Brasil e mais",0,-58.748585,24.185247,False,False,False,True,True
666636,2023,Audi A5 ganha série Carbon Edition exclusiva para o Brasil por R$ 397.990,4,-49.657352,-37.156487,False,False,False,False,False
686513,2023,Novo BMW M2 com 460 cv tem lançamento confirmado no Brasil,3,-61.826893,-9.304188,False,False,False,False,False
657020,2023,Yamaha NMax ganha versão inspirada em Mandalorian; Baby Yoda não incluso,2,48.115234,43.119232,False,False,False,False,False
674750,2023,Sandero supera Tesla como carro mais vendido na Europa em maio,1,62.929817,-4.709332,False,False,False,True,False
657233,2023,Produção de motos 0km em fevereiro supera número do ano passado,5,45.928905,16.056633,False,False,False,False,False
690960,2023,"Renault revela cabine do Kardian com tela de 8"" e freio eletrônico",0,24.53254,-27.7633,True,False,False,False,True
692449,2023,Hyundai faz promoção com HB20S saindo pelo preço do hatch HB20,4,-8.058387,66.54638,False,False,True,False,False
669112,2023,Flagra: Novo Mini Cooper 2024 surge em testes na versão S antes da estreia,0,-46.0477,-12.000059,True,False,False,False,False
654276,2023,CEO da Stellantis diz que Brasil não precisa de carro elétrico,5,2.750958,-16.029408,True,True,False,False,False
694140,2023,Mitsubishi lança Pajero Legend 2024: rival do SW4 Diamond custa R$ 409.990,4,11.678956,-29.620089,False,False,True,True,False
668281,2023,"Carros elétricos não podem ser a única opção no mercado, defende Toyota",5,5.551082,-22.144728,True,True,False,True,False
684114,2023,Toyota paralisa produção em todas as 14 fábricas que mantém no Japão,5,-17.66761,37.77787,False,False,False,False,False
654644,2023,"Volkswagen lidera vendas na Alemanha em janeiro com Golf, Tiguan e T-Roc",1,60.615074,-3.452231,False,False,False,False,False
684547,2023,Hyundai Elantra 2024 chega aos EUA para brigar com Civic e Corolla,4,-8.52615,59.41079,False,False,False,False,False
657498,2023,Novo Nissan Sentra: primeiros donos ganharão viagem e combustível,4,-3.7623432,-47.586216,False,False,True,False,False
678113,2023,Novo Mini Cooper revela interior futurista sem painel de instrumentos,0,-46.212696,-12.287544,True,False,False,False,False
664857,2023,Agrishow: Nova Ford Ranger aparece em versão Limited com V6 turbodiesel,0,-53.61949,27.264801,False,False,True,True,False
698561,2023,Nova BMW Série 5 Touring ainda nem foi lançada e já roda como viatura,3,-61.230957,-14.095992,False,False,False,False,True
662279,2023,GWM entrega no Brasil os primeiros Haval H6 comprados pelo Mercado Livre,4,-28.777464,-18.99946,True,True,True,False,True
666547,2023,Toyota Corolla 2023 fica de novo mais caro e encosta nos R$ 200 mil,4,-2.674097,38.19707,True,True,False,False,True
678469,2023,Chefão da BMW quer M3 e M4 elétricos apenas quando baterem os de combustão,3,-64.976906,-16.627413,True,True,False,False,False
668449,2023,"VW Amarok 2024: sem nova geração porque atual ""tem muita lenha pra queimar""",0,-36.491016,13.613351,False,False,False,True,False
693259,2023,"Novo Mitsubishi Outlander PHEV, híbrido plug-in, será vendido no Brasil",0,13.031881,-35.725258,False,True,False,False,True
651924,2023,Volkswagen suspenderá produção nacional novamente por falta de componentes,5,-11.651923,5.083332,False,False,False,False,False
630119,2023,Câmeras e sensores que salvam vidas: o futuro de acordo com a Bosch,5,6.0888453,-6.0672293,False,False,False,False,False
668177,2023,Citroën C3X: sedã aventureiro será produzido no Brasil em 2024,0,49.199547,-21.45254,False,False,False,False,True
655266,2023,Honda City já mudou: sedã ganha discreto facelift na Índia,2,22.63371,60.37556,False,True,True,True,False
680382,2023,Hyundai Creta ganhará edição especial Adventure com visual exclusivo,0,-18.243097,69.01506,False,False,False,True,True
681727,2023,"Recém-lançado, Peugeot 208 2024 já é vendido com desconto de R$ 12.000",4,15.014451,13.770674,False,False,False,False,False
629828,2023,"Semana Motor1.com: Adeus a Ken Block, Hilux mais difícil de capotar e mais",2,-19.886675,44.698727,False,False,False,True,True
662222,2023,Vendas de motos em março crescem 38%; CG 160 bate recorde histórico,2,47.69519,16.95348,False,False,False,False,False
684800,2023,"Volkswagen fará investimento de R$ 5,5 bilhões no Brasil a partir de 2026",5,-30.41602,4.9260783,True,True,False,False,False
661823,2023,Ram bate recorde de vendas no Brasil impulsionada por picape de R$ 485 mil,5,12.158388,41.435394,False,False,False,False,False
701912,2023,Scout: tudo o que sabemos sobre a nova marca de SUVs elétricos da VW,0,-20.659607,-0.9459447,True,False,False,False,True
700882,2023,GWM utiliza inteligência artificial para digitalizar concessionárias no Brasil,5,-29.395061,-21.17111,True,True,False,False,False
687015,2023,BMW faz promoção com Série 3 e X1 ofertados com condições especiais,3,-71.93092,-1.2831277,True,True,False,False,False
656279,2023,Lamborghini Urus terá versão híbrida em 2024 e será elétrico em 2029,0,-8.318683,-17.85052,True,True,False,False,True
691650,2023,Jeep Commander com motor da Rampage intensifica testes; veja flagra,4,39.24866,-4.5587816,False,False,False,True,True
651273,2023,CEO da Citroën diz que mundo pós-SUV deveria ter carros menores e mais leves,5,1.6093539,-16.141722,True,False,False,False,True
655443,2023,Hyundai Creta ganhará nova versão Night Edition no dia 8 de março,4,-9.406812,63.951214,False,False,False,False,False
670859,2023,Flagra: Fiat Fastback será o próximo Abarth depois do Pulse,0,23.328976,29.035233,False,False,False,False,True
668520,2023,Novo Hyundai Tucson nem chegou ao Brasil e já vai mudar no exterior,0,-20.37696,67.81275,False,True,False,False,True
689477,2023,"Flagra: Sem disfarces, Ford Ranger Raptor deve chegar ainda em 2023",0,-53.619915,29.462109,False,False,False,False,False
667537,2023,Gasolina e diesel ficam mais baratos após mudança de regras da Petrobras,5,22.303087,-9.386556,False,False,False,True,False
681486,2023,Jeep Commander sofre reajuste e fica até R$ 3.100 mais caro; veja tabela,4,44.98235,-2.1069734,False,False,False,True,False
675127,2023,Flagra: Nova VW Amarok para o Brasil terá somente a frente da nova geração,0,-36.474022,14.051274,False,False,False,True,False
640896,2023,Mercedes-Benz sai na frente e homologa condução autônoma nível 3 nos EUA,5,-18.370935,-61.683674,False,False,False,False,False
631204,2023,Ranking dos sedãs premium mais vendidos em 2022: BMW Série 3 é tetracampeão,1,73.709145,-22.272413,False,False,False,False,False
661201,2023,Ram cogita picape intermediária para enfrentar Maverick e Santa Cruz,0,13.561261,42.453133,True,False,False,False,False
684541,2023,Flagra: Peugeot 5008 terá nova geração com versão totalmente elétrica,0,18.234894,6.4988976,True,False,False,True,True
680132,2023,Sotheby's e Motorsport Network lançam Sotheby's Motorsport,5,21.347593,-45.817627,False,False,False,False,False
697552,2023,"No Brasil em 2024, Omoda C5 ganha versão esportiva com quase 200 cv",0,-30.414963,-27.109663,False,False,False,False,False
683835,2023,VW Saveiro automática não existirá nesta geração por custos,0,-17.759407,14.911759,False,False,False,False,False
696043,2023,Honda atualiza CB 650R e CBR 650R para 2024; veja o que muda,2,38.692924,45.820103,False,False,False,False,False
659273,2023,Volkswagen Tiguan Allspace sairá de linha sem ganhar nova geração,0,-26.653694,8.378387,True,False,False,False,True
662772,2023,Nova picape Ram rival da Hilux é anunciada como maior lançamento do ano,0,14.556283,40.2658,False,False,False,False,False
686758,2023,Flagra: Porsche prepara Taycan de 1.000 cv contra Tesla Model S Plaid,0,-31.08842,-44.514378,True,False,False,False,True
675606,2023,Flagra: novo Nissan Kicks 2025 já pode estar testando motor turbo,0,2.4565606,-50.604946,False,False,False,False,True
677359,2023,Flagra: Novo Hyundai Creta terá frente de Palisade e lanternas de Santa Fe,0,-17.40082,66.797195,False,False,False,False,True
665149,2023,Agrishow: Ford confirma estreia da Transit Chassi no segundo semestre,0,-54.90131,25.245842,False,False,True,True,False
676775,2023,Jeep Compass híbrido sente efeito GWM e tem desconto de R$ 52 mil no preço,4,38.19493,-5.7249503,True,True,False,False,True
684569,2023,Alfa Romeo 33 Stradale é o último supercarro a combustão da empresa,5,-15.009288,-15.090254,True,False,False,False,False
686112,2023,Novo Honda ZR-V 2024 já está no Brasil; SUV do Civic estreará em breve,2,19.754686,57.85814,False,False,False,False,True
665591,2023,Novo Ford Mustang pagará taxa extra por consumo nos Estados Unidos,4,-50.022022,-1.1325091,False,False,False,False,False
689665,2023,Commander da Toyota? Corolla Cross será esticado para 7 lugares,0,-7.307179,44.597687,False,False,False,False,True
678453,2023,Volkswagen Jetta GLI celebra 40 anos com série especial nos EUA,4,-25.257887,22.972486,False,False,True,False,False
698957,2023,GM espera ter lucro com carros elétricos a partir de 2024,5,-0.21959813,9.537888,True,False,False,False,False
687010,2023,Novo BMW X7 chegará ao Brasil em outubro com motor V8 de 530 cv,3,-63.688465,-8.775795,False,True,False,False,True
673310,2023,Projeção: VW Tiguan 2024 será menos quadrado na nova geração,0,-27.827412,9.186212,True,True,False,True,True
667104,2023,"Perto do Brasil, Honda CR-V estreia na Europa híbrido plug-in",2,26.07471,61.874657,True,True,False,False,True
640764,2023,Onix e Strada em disputa apertada pela liderança no final de janeiro,1,71.84915,20.680609,False,False,False,False,False
682311,2023,"Semana Motor1.com: Creta 2024, flagra do novo Tiguan e mais",0,-29.864418,18.323193,False,True,False,True,True
670803,2023,Renault Kwid 2024: desconto de R$ 10 mil no preço após novo carro popular,4,28.389708,-17.06573,False,False,False,False,False
671622,2023,Hatches mais vendidos em maio: VW Polo registra recorde e lidera pela 1ª vez,1,76.270485,-15.474871,False,False,False,False,False
666310,2023,Nova Mitsubishi L200 Triton Sport Savana 2024 é mostrada ao vivo pela 1ª vez,4,9.606186,-32.03568,False,False,False,True,False
680892,2023,Fiat Strada Endurance 2024 troca 1.4 Fire pelo 1.3 de olho na Saveiro,4,18.005468,25.45507,False,False,False,False,False
655998,2023,Preço da gasolina e do etanol sobem após volta de impostos; veja quanto,5,23.37622,-9.537622,False,False,False,True,False
655099,2023,Novo Mercedes-Benz GLC Coupé 2024 será apresentado em março,0,-24.184324,-66.415695,False,True,False,True,True
662256,2023,Confira o Chevrolet Tracker Midnight 2024 de perto em todos os detalhes,4,1.1606363,28.013905,False,False,False,False,False
664473,2023,Novo Citroën C3 Aircross 2024 é revelado com versão de 7 lugares,0,48.87513,-21.281204,False,False,False,False,True
661414,2023,Novos Chevrolet Tracker RS e Midnight 2024 aparecem no BBB,4,1.4883428,28.119951,False,False,False,False,True
656710,2023,Novo Volkswagen Virtus 2023 vende 2.500 unidades em apenas 3 horas,4,-20.861712,19.206757,False,False,False,False,False
697247,2023,"Hyundai Tucson ganha novo visual na Europa, mas só virá ao Brasil em 2025",0,-17.590178,64.7903,False,False,False,False,True
689243,2023,"Para esvaziar estoque, Ford Ranger é vendida com preço de Fiat Toro diesel",4,-51.76708,26.510836,True,False,False,True,True
694624,2023,Audi Q3 2024 celebra ano de produção no Brasil com série limitada,4,-51.164944,-37.11873,False,False,True,False,True
667093,2023,Fiat Cronos tem promoção com desconto e 1 ano de combustível grátis,4,15.979412,20.253235,False,False,False,False,False
658340,2023,Flagra: Haval Jolion segue em testes e será o 2º lançamento da GWM no Brasil,4,-29.392038,-20.130003,True,False,False,False,True
652846,2023,Substituto do Lamborghini Aventador aparece nas redes sociais,0,-8.605403,-16.107288,True,True,False,False,False
658114,2023,"Esperado no Brasil, VW Tiguan AllSpace 2023 reestilizado chega à Argentina",0,-29.10031,13.693583,False,False,True,True,True
699867,2023,Novo Mercedes-AMG CLE 53 4Matic+ Coupé 2024 estreia com motor de 449 cv,4,-23.893324,-62.67081,False,True,False,False,False
694234,2023,Fiat Cronos lidera vendas na Argentina em outubro; veja ranking,5,34.689106,14.166671,False,False,False,False,True
629277,2023,Toyota Corolla Cross supera R$ 210.000 após novo aumento de preços,4,-2.317646,37.599365,False,True,False,False,True
682280,2023,"Nova no Brasil, GWM já conquista prêmio de atendimento ao cliente",5,-29.626274,-21.184486,False,False,False,False,False
666845,2023,"Renault encarece Duster, Oroch e mais; Captur chega a R$ 164 mil",4,25.934992,-16.693897,False,False,False,True,False
660688,2023,Jaguar F-Pace SVR Edition 1988: série especial chega por R$ 944.100,4,-17.733366,-24.965765,False,False,False,False,True
685203,2023,Citroën C4 Cactus ganha versão limitada Noir por R$ 130.990,4,46.408783,-17.409853,False,False,False,False,True
662268,2023,Fotos: Veja os detalhes do novo Chevrolet Tracker RS 2024 de perto,4,1.4607866,28.108973,False,False,True,False,True
664731,2023,Volkswagen reduzirá produção do T-Cross e fará lay-off na fábrica,5,-11.674659,5.035629,False,False,False,False,True
632652,2023,Volvo EX30 será o carro elétrico de entrada da marca e estreia em junho,5,-17.024244,-7.8031135,True,False,False,False,True
632307,2023,Carros mais vendidos no México em 2022: Nissan Versa é heptacampeão,1,68.55556,-0.26777536,False,False,False,False,False
683560,2023,Novo Citroën C3 Aircross terá câmbio de 7 marchas no Brasil; veja itens,0,48.407043,-21.569313,False,False,False,False,False
629630,2023,Toyota Corolla 2023 tem aumento de preço surpreendente no início do ano,4,-2.7531412,38.35893,True,True,False,False,False
630410,2023,Fiat Strada ganhará novo design e motor 1.0 turbo no 2º semestre,0,21.205816,33.13453,False,False,False,False,False
667481,2023,VW T-Cross supera Creta e lidera entre os SUVs na 1ª quinzena de maio,1,71.665085,20.582708,False,False,False,False,False
687304,2023,Jeep diz que seguirá fiel ao design quadradão para agradar clientes,5,34.98644,-6.3407335,True,False,False,False,True
650770,2023,Flagra: Ford F-150 Lariat FX4 aparece em feira no Brasil antes de lançamento,4,-56.332314,21.748531,False,False,True,True,False
692816,2023,Fiat revela a nova Ducato 2024 incluindo versão elétrica melhorada,4,-29.649624,-2.4171603,True,False,True,True,False
697891,2023,Porsche Panamera 2024 ganha mudanças profundas com status de nova geração,4,-31.936472,-46.269672,True,False,False,False,False
682269,2023,Toyota Rangga Concept adianta inédita picape barata menor que a Hilux,0,-23.722647,43.046505,False,False,False,True,False
656705,2023,Volkswagen pode mostrar seu carro elétrico mais barato ainda em março,0,-23.758745,2.3275683,True,False,False,False,False
691405,2023,"Novo Honda ZR-V terá ""volume e preço competitivo"" no Brasil, diz diretor",2,28.939463,60.240417,False,True,False,False,True
668277,2023,BMW surpreende com o Concept Touring Coupé: um sonho possível?,3,-65.64492,-11.578423,False,False,False,False,True
698118,2023,Honda NC 750X chega à linha 2024 totalmente nacionalizada,2,40.057846,46.22078,False,False,False,False,False
631678,2023,Novo Mercedes-Benz CLA aparece em teaser antes da estreia,0,-17.298819,-67.5425,True,True,False,False,False
655547,2023,Ford Bronco Sport é testado como viatura da PM de São Paulo,0,-63.0954,13.686503,False,False,False,False,True
671428,2023,"Mitsubishi Colt 2024 ressurge como ""Clio japonês"" e com motor de 67 cv",4,14.166949,-34.303913,False,True,False,False,True
654078,2023,Mercedes-Benz e Moncler criam Classe G com traje de grife para o frio,5,-16.654163,-65.92915,False,False,False,False,True
675623,2023,Nova Ram 2500 fica mais potente para a linha 2023; confira as alterações,4,12.848147,38.53312,False,False,True,True,False
684925,2023,Volkswagen ID. GTI tem produção confirmada e será vendido no Brasil,0,-35.962635,28.086346,True,False,False,False,False
676980,2023,Vazou! Novo Chevrolet Equinox muda completamente na linha 2024,0,-3.1891139,19.136845,True,False,False,False,True
631405,2023,Peugeot 208 Style é oferecido em promoção ao preço de R$ 82.990,4,16.875696,11.906182,False,False,False,False,False
666799,2023,Nova Ducati Panigale V4S 2023 chega ao Brasil custando mais que VW T-Cross,2,41.704735,38.487545,False,False,False,False,False
661159,2023,Fiat Pulse Audace é lançado na Argentina com motor turbo por R$ 164 mil,4,20.688774,25.742287,False,False,False,False,True
694240,2023,Hyundai HB20 2024 tem novas versões; veja equipamentos e preços,4,-7.548434,64.68174,False,False,False,False,False
660948,2023,Mitsubishi L200 Triton ganhará versão puramente elétrica em 2030,0,8.60022,-33.447235,True,True,False,True,False
691904,2023,Toyota FT-Se: conceito de esportivo elétrico estará no Salão de Tóquio,0,-15.733746,42.261078,False,False,False,False,False
679265,2023,Lamborghini confirma seu primeiro carro elétrico para 2028,5,-7.2049165,-16.901554,True,True,False,False,True
654592,2023,Flagra: Audi A3 Sedan 2024 testa novo design antes da estreia este ano,0,-56.935757,-32.608307,False,False,False,False,False
692286,2023,Novo BMW Série 2 Active Tourer roda em testes no Brasil; veja flagra,3,-60.019615,-9.187135,False,False,False,True,False
660960,2023,Novo Duster 2024 tem design revelado em projeção; veja como será,0,27.819246,-28.889736,True,True,False,False,False
695114,2023,"Ram 1500 2025 atualiza visual, tecnologia e ganha novo motor de 547 cv",4,12.047523,38.688133,True,True,False,False,False
635809,2023,Fiat Toro e Strada têm promoção com até R$ 26.000 de desconto,4,14.64225,20.295605,False,False,False,True,False
679928,2023,VW lança promoção para o Polo com descontos de até R$ 8 mil no preço,4,-18.128222,23.220787,False,False,False,False,False
668009,2023,Fiat Argo ultrapassa 400 mil unidades vendidas no Brasil desde 2017,4,27.712742,19.470417,False,False,False,False,False
666370,2023,Ford diz que não abandonará Apple CarPlay e Android Auto como a Chevrolet,5,4.705483,4.268846,True,False,False,False,False
632329,2023,"Toyota planeja novo carro híbrido flex nacional, revela governo de São Paulo",0,-9.817161,43.17191,True,True,False,False,True
658076,2023,Grupo VW: Qual o modelo mais produzido de cada marca em 2022?,5,38.495064,11.103841,False,False,False,False,True
697283,2023,Nova Ford Ranger ganha linha de acessórios com 30 itens para personalização,4,-53.335396,25.201906,False,False,False,False,False
658147,2023,Harley-Davidson não tem intenção de vender sua moto mais barata nos EUA,2,44.802162,35.96338,False,False,False,False,False
680898,2023,"Novo BMW Série 5 2024 chega à China com super tela de 31,1 polegadas",3,-58.70268,-9.481783,True,False,False,False,False
686968,2023,Novo Nissan Pathfinder 2024 vaza na China e terá motor turbo,0,-4.2042017,-50.768764,False,False,False,False,True
661821,2023,Royal Enfield Scram será lançada no Brasil ainda em abril; veja os detalhes,2,42.313026,39.702854,False,False,False,False,False
702185,2023,Porsche: quais esportivos serão lançados pela marca em 2024,5,-35.75671,-45.483265,True,False,False,False,False
631863,2023,Nova Ford Ranger Raptor prepara lançamento na Argentina; e o Brasil?,0,-54.092625,29.938652,False,False,False,True,False
678604,2023,Segredo: Toyota mudará Hilux ainda em 2023 com melhorias da GR-Sport,0,-21.203865,44.259426,False,False,False,True,True
673589,2023,Small Wide: quais os modelos produzidos no Brasil com a base da Rampage,0,39.951992,-2.1939015,True,True,False,True,True
650548,2023,Nissan Max-Out é conceito que parece ter vindo do game Cyberpunk 2077,5,1.541935,-42.602913,False,False,False,False,False
700895,2023,Chefe da BMW defende a decisão de manter os motores de combustão,3,-65.678375,-21.010788,True,False,False,True,False
681901,2023,Ram 1500 com novo visual já tem data para estrear; motor V8 é dúvida,0,11.748924,39.269176,False,False,False,False,False
692062,2023,"""Javier Milei é um perigo para a indústria automotiva da Argentina""",5,17.38409,-16.50474,False,False,False,False,False
682057,2023,"Sem benefícios, VW Polo perde liderança para Strada na 1ª quinzena de agosto",5,36.60401,15.250743,False,False,False,False,False
696371,2023,Novo Toyota Camry 2025 abandona V6 e se torna apenas híbrido,4,-8.136178,35.431313,True,True,False,False,False
678144,2023,Embraer terá fábrica de carro voador no interior de São Paulo,5,-8.606687,1.2771444,True,False,True,False,False
671432,2023,Ram Rampage 2024 poderá ser vendida nos Estados Unidos; veja flagra,0,13.478764,42.28128,False,False,False,False,False
695313,2023,Novo Mercedes-Benz GLE 2024 chega ao Brasil a partir de R$ 729.900,4,-25.885988,-66.047356,True,True,False,True,True
650287,2023,"SYM, parceira da Dafra, revela scooter rival da Honda ADV com nome bizarro",2,34.456795,46.90685,False,False,False,False,False
695756,2023,Novo Renault Duster será revelado em novembro: veja o que muda,0,27.601961,-28.970602,True,True,False,False,True
698721,2023,Argentina: fábricas paralisam produção por bloqueios e falta de insumos,5,17.160337,-20.868153,False,False,False,False,False
670828,2023,Kia registra nome Tasman e dá pistas sobre nova picape rival da Hilux,0,-31.556585,55.856876,False,False,False,True,False
677318,2023,Chevrolet Montana RS 2024 mira clientes que pagam caro e querem algo a mais,4,0.80636734,27.863214,True,False,False,False,True
648156,2023,Range Rover Velar 2024 ganha retoques e fica mais tecnológico em facelift,4,-20.33834,-27.422691,False,True,False,False,True
667086,2023,Mini chega a 25 mil carros vendidos no Brasil em 14 anos,5,-43.35287,-11.726865,False,True,False,False,True
697886,2023,Novo Audi Q3 2025: veja como pode ficar o SUV que chega ano que vem,0,-55.577145,-33.748768,True,True,False,True,True
674920,2023,Porsche 911 GTS ganha série em homenagem à Le Mans com homenagem ao passado,5,-33.749744,-44.621918,False,False,False,False,False
632222,2023,"Hyundai tem taxa zero para HB20, HB20S e Creta; e bônus no usado",4,-7.392233,67.26891,False,False,False,False,True
659199,2023,Nova Toyota Tacoma 2024 ganha teaser e deve adiantar design da próxima Hilux,0,-22.366161,43.02646,False,True,False,False,True
684570,2023,Subaru Impreza 22B do piloto Colin McRae é leiloado por R$ 3 milhões,5,-13.156752,-14.626788,False,False,False,False,False
674462,2023,Carro popular: governo estende descontos às empresas; custo é de R$ 300 mi,5,14.643938,-5.357077,False,False,False,True,False
651075,2023,C3 Aircross: novo SUV da Citroën terá versões de 5 e 7 lugares,0,48.7429,-22.034681,False,False,False,False,True
689705,2023,Fábrica da BMW no Brasil chega a 9 anos produzindo 4 carros,3,-71.95779,-13.826117,True,False,False,False,False
656626,2023,Honda Twister vs. Yamaha Fazer 250: veja o preço e o que cada moto oferece,2,41.959705,45.578556,False,False,False,False,False
702399,2023,Novo Porsche 911 voltará aos motores aspirados e sistema híbrido ajudará,0,-32.50513,-48.253902,True,True,False,False,False
662806,2023,Hyundai Exter será SUV de entrada menor que o HB20 para emergentes,0,-16.678446,70.14564,False,False,False,True,True
631409,2023,"Prestes a ser lançado, novo Nissan Sentra 2024 aparece em gravação nas ruas",4,-2.8372538,-48.906223,False,True,True,False,False
667801,2023,Mini John Cooper Works ganha edição exclusiva do Brasil por R$ 319.990,4,-43.86675,-10.073051,False,False,False,False,False
688108,2023,"Designer critica: ""Elétricos parecem batatas por causa de aerodinâmica""",5,0.69560355,-16.04498,True,False,False,False,False
673185,2023,Bajaj traz scooter elétrica de R$ 8 mil a festival em SP,5,40.97089,32.34018,True,False,False,False,False
652830,2023,Novo BMW X1 2023 inicia vendas por R$ 296.950 com unidades importadas,3,-60.616627,-8.380327,False,False,False,False,True
702697,2023,As principais reestilizações e leves mudanças de 2023,0,-29.374025,18.334305,False,True,False,False,True
677730,2023,Flagra: Citroën testa sedã compacto que será brasileiro em 2024,0,49.400356,-21.43332,False,False,False,False,True
701724,2023,Jeep Compass 2024 ganha motor 1.5 de 130 cv e perde diesel na Europa,4,39.42123,-5.386414,True,True,False,True,False
659879,2023,Nova Suzuki GSX-S 1000 chega ao Brasil e preço parte de R$ 79.600,2,41.59943,40.72338,False,False,False,False,False
672058,2023,Toyota Land Cruiser Prado voltará aos EUA com plataforma do próximo SW4,0,-15.418239,33.718834,True,True,False,False,True
669935,2023,Mitsubishi confirma para agosto SUV compacto rival de Creta e HR-V,0,13.323639,-37.455322,False,False,False,False,True
732224,2023,F1: Verstappen é pole para o GP de São Paulo,5,28.17214,-59.27578,False,False,False,False,False
674045,2023,Chevrolet não oferecerá mais Silverado elétrica em versão de entrada,5,-3.6583903,12.615916,True,False,False,False,False
683145,2023,"Stellantis ameaçou levar produção da Ram 1500 para o México, diz sindicato",5,12.782893,41.148495,True,False,False,False,False
668201,2023,Audi pode fazer motor de 5 cilindros ainda mais potente sem eletrificação,5,-51.81866,-33.160995,True,False,False,False,True
666347,2023,Picape de guerra: Peugeot Landtrek será usada em combate na Ucrânia,0,24.598831,7.8199277,False,False,False,True,False
633391,2023,Harley-Davidson traz série de aniversário ao Brasil com moto de R$ 300 mil,5,45.30996,29.521841,False,False,False,False,False
685806,2023,Novo Toyota Yaris Sedan: como é a nova geração do sedã compacto ao vivo,0,-9.547583,46.46083,True,True,False,False,True
682780,2023,Mahindra Thar.e é SUV quadradão indiano com plataforma da Volkswagen,0,-20.757408,-0.46550578,True,False,False,False,True
652692,2023,Hyundai HB20 2023 chega na Colômbia com motor 1.6 aspirado,4,-9.747465,66.01226,False,False,False,False,False
654122,2023,Novo Citroën C3 Aircross terá versão puramente elétrica em 2025,0,48.37538,-21.88643,True,False,False,False,True
663887,2023,Nova Ford Ranger também será feita na China; Brasil aguarda estreia,0,-55.803097,27.122355,False,False,False,True,False
697659,2023,GM não sairá do Brasil e planeja híbridos e elétricos até 2035,5,-0.31268558,9.66631,False,True,False,False,False
688082,2023,F1: Hamilton coloca Pérez ‘contra parede’ por ausência de punições a Verstappen,5,26.664364,-55.549637,False,False,False,False,False
655540,2023,"Semana Motor1.com: Projeção da nova Chevrolet S10, Tiggo 9 e mais",0,-10.562536,28.411734,False,True,False,True,False
671434,2023,BMW dá descontos de até R$ 5 mil no preço de suas motos,3,-72.70495,-1.5775309,False,False,False,False,False
701262,2023,Nivus da Citroën? SUV cupê da marca já é flagrado em testes no Brasil,0,49.569935,-21.089836,False,False,False,False,True
630887,2023,Novo Honda Accord 2024 híbrido virá ao Brasil e pode chegar ainda em 2023,2,27.122948,59.10963,True,True,False,False,False
660748,2023,Governo estuda renovar frota de carros velhos com fundo de petroleiras,5,14.500978,-5.82498,False,False,False,False,False
656949,2023,"Motos em fevereiro: nova Twister entra no Top 10, mas não passa a Fazer 250",2,47.712456,17.345156,False,False,False,False,False
657461,2023,"Flagra: nova picape média da Fiat, Landtrek mostra seu interior pela 1ª vez",0,20.316792,34.2997,False,False,False,True,False
674608,2023,Híbrido Hyundai Ioniq ganha condições especiais nas concessionárias Caoa,4,-6.292786,67.10593,True,True,False,False,True
651996,2023,Tudo o que sabemos sobre as novas picapes da Renault e Nissan,0,10.070079,-41.737217,False,False,False,False,True
694627,2023,"No varejo, SUVs dominam vendas em outubro; Hyundai Creta é o líder",5,37.36793,16.777756,False,False,False,False,True
691411,2023,Honda E-Clutch: motociclistas escolherão se querem usar embreagem ou não,2,34.032482,50.766598,False,False,False,False,False
687680,2023,Próximo Volkswagen Tiguan Allspace será baseado em modelo chinês,0,-27.89118,10.242306,True,True,False,False,True
665797,2023,Harley-Davidson lança a Low Rider ST no Brasil por R$ 137.900,2,44.261528,36.309,False,False,False,False,False
688253,2023,F1: O que a sexta-feira diz sobre Red Bull x Aston Martin antes do sábado na Arábia Saudita?,5,26.822958,-57.21791,False,False,False,False,False
691456,2023,"Projeção: novo SUV da Alfa Romeo terá Cuore Esportivo ""robótico"" em 2026",0,-10.62655,-6.85874,True,False,False,False,True
661835,2023,'Classe G indiano' leva até 10 pessoas com motor de apenas 90 cv,4,-25.929552,-67.62221,False,False,False,True,False
681762,2023,Hyundai lança linha 2024 do HB20S e preços chegam a R$ 126 mil,4,-7.2756047,63.977657,False,False,False,False,False
668682,2023,Ram nacional: vídeo mostra grade e interior da picape pela 1ª vez,0,14.296281,40.061802,False,False,False,True,False
632911,2023,Novo Hyundai Santa Fe 2024 promete ruptura total com design quadradão,0,-20.666906,65.669464,True,True,False,False,False
674493,2023,"Conheça a Kawasaki Eliminator 450, que chega ao Brasil em 2024",2,40.975548,42.443707,False,False,False,False,False
674618,2023,Chevrolet reduzirá produção de S10 e Trailblazer por demanda em queda,5,4.3701816,9.72616,False,False,False,True,True
651065,2023,Escolha o seu esportivo favorito no Motor1.com Social Car of the Year 2023,4,-30.262615,-48.38763,False,False,False,False,True
643802,2023,Peugeot 2008 testa facelift e chegará ao Brasil já com novo visual,0,18.024881,8.657433,True,True,False,False,True
691193,2023,BMW inicia produção de scooter elétrica mais barata em parceria com indiana,3,-71.960495,-8.9718895,True,False,False,False,False
665592,2023,"Motos em abril: com feriados, vendas caem acima do esperado",2,47.518406,17.185726,False,False,False,False,False
669396,2023,"Depois da Scrambler, Ducati também montará a Multistrada V2 na Argentina",5,1.5344665,2.3888533,False,False,False,False,False
663375,2023,Citroën confirma nome C3 Aircross para novo SUV brasileiro; veja foto,0,48.553608,-21.647997,False,False,False,False,True
686542,2023,Flagra: Novo Volkswagen Golf 2024 deixa à mostra design das rodas e faróis,0,-34.80632,26.014328,True,True,False,True,False
655227,2023,Volkswagen Polo Track 2023 já fica mais caro e passa dos R$ 80 mil,4,-19.061913,19.013004,False,False,False,False,False
698538,2023,Novo Citroën C3 Aircross é lançado com motor 1.0 turbo; veja preços,4,47.23609,-17.866657,False,False,False,False,True
678788,2023,Mitsubishi lança a nova L200 Triton 2024 e adianta futuro até da Nissan,0,8.661957,-31.474316,False,False,False,True,False
670415,2023,Flagra: Novo Toyota Yaris Cross já roda no Brasil e será lançado em 2024,0,-7.709144,43.238556,True,True,False,False,True
688101,2023,F1: Atualizações da McLaren “empolgam” Norris para GP de Singapura,5,22.90334,-54.60308,False,False,False,False,False
656913,2023,Sedãs em fevereiro: Chevrolet Onix Plus emplaca quase metade dos compactos,1,75.87157,-13.17319,False,True,False,False,False
656940,2023,Novo Nissan Sentra 2023 é lançado em duas versões a partir de R$ 148.490,4,-1.7913213,-48.91891,False,True,False,False,False
680143,2023,Chevrolet S10 2024 tem preço reduzido em até 32 mil; veja a tabela,4,-2.1265125,25.763468,False,False,False,True,True
700024,2023,Royal Enfield anuncia os preços da nova Himalayan 452 para a Europa,2,45.984985,32.906216,False,False,False,False,False
695100,2023,Novo Porsche Panamera revela interior cheio de telas inspirado no Taycan,5,-32.74748,-44.27507,True,False,False,False,False
671374,2023,Nova Ram Rampage RT é confirmada com flagra nos Estados Unidos,0,13.484035,39.161583,False,False,False,False,False
670810,2023,"Volkswagen reduz preços de Polo, Virtus, Saveiro e T-Cross em até R$ 9 mil",4,-17.227299,23.572739,False,True,False,False,True
630833,2023,Flagra: Ford F-150 começa a desembarcar no Brasil; lançamento será em breve,0,-57.195152,23.142345,False,True,False,False,False
685876,2023,Linha F 900 GS 2024 da BMW ganha tanque de plástico na Europa,3,-73.62232,-7.9958544,False,False,False,False,False
695764,2023,Hyundai Santa Fe e Kia Sorento a gasolina sairão de linha em 2025,0,-34.81041,49.86856,True,True,False,True,False
654406,2023,Projeto de lei quer permitir que maiores de 16 anos dirijam; entenda,5,12.527321,-12.986341,False,False,False,False,False
685245,2023,Honda apresenta as novas CB 500F e 500X 2024; veja os preços e o que muda,2,38.992897,45.601078,False,False,False,False,False
690780,2023,Haval H6: programa do governo pode adiantar produção nacional da GWM,5,-30.495796,-21.421627,False,True,False,False,True
663642,2023,Maserati Grecale Folgore: detalhes SUV elétrico são revelados em Xangai,4,-21.935614,-11.961195,True,False,False,False,True
693250,2023,F1: Veja classificação de 2023 após desclassificações de Hamilton e Leclerc do GP dos Estados Unidos; Pérez se beneficia,5,28.621508,-59.804005,False,False,False,False,False
695703,2023,"Ford Ranger PHEV, híbrida, será produzida na África do Sul; vem pro Brasil?",0,-55.320217,27.100658,True,True,False,False,False
698105,2023,Novo Mercedes-Benz GLC 2024 é lançado no Brasil ao preço de R$ 531.900,4,-25.753975,-66.69039,True,True,False,False,True
638751,2023,Audi terá SUV off-road de luxo para brigar com Mercedes Classe G,0,-20.560888,-57.626877,True,False,False,False,True
640681,2023,Nissan Frontier tem ofertas com taxa zero e bônus de até R$ 35 mil no usado,4,-8.276589,-41.67357,False,False,False,False,False
677569,2023,Flagra mostra que Volkswagen está prestes a lançar a Saveiro 2024,0,-28.958433,18.046322,False,False,False,False,False
656424,2023,Toyota Yaris Hatchback 2023 ganha nova frente e cabine atualizada,0,-11.718891,46.887253,False,True,True,False,True
631044,2023,Nissan GT-R 2024 estreia com visual renovado e até 600 cv de potência,0,-3.4813967,-38.612957,False,False,False,False,False
629712,2023,CES 2023: Harman cria head-up display com realidade aumentada,5,6.090143,-5.9084454,False,False,False,False,False
685450,2023,Honda Civic Híbrido sobe R$ 15.000 no preço e custa agora R$ 259.900,4,4.8661485,36.77198,True,True,False,False,False
698899,2023,Tesla Cybertruck: picape elétrica tem até 857 cv e promete rodar por 547 km,4,-19.908817,-11.543782,True,False,False,False,False
665124,2023,Flagra: Nissan Sentra renovado inicia testes para versão feita no México,0,-0.5828718,-50.570755,False,True,False,False,False
667968,2023,Além do carro popular: governo estuda reduzir impostos de carros até R$ 100 mil,5,15.34846,-5.7526693,False,False,False,False,True
667060,2023,Projeção: Volkswagen T-Cross terá novo design mais parecido com o europeu,0,-27.015804,15.711644,False,False,False,False,True
663041,2023,GWM Haval Xiaolong 2023 é SUV híbrido com 190 cv e consumo de 19 km/l,4,-34.830086,-8.93632,True,True,False,False,True
671664,2023,Flagra: Fiat Strada 2024 terá 1.0 turbo mais fraco que a Chevrolet Montana,0,21.378172,33.06395,False,False,False,False,False
670643,2023,"Confirmado no Brasil, Hyundai Palisade ganhará nova geração em 2024",0,-21.19761,66.08772,True,True,True,True,False
679014,2023,"Volkswagen lança Nivus 2024 mais barato, mas com poucas mudanças",4,-22.925907,18.338388,False,False,False,False,True
665889,2023,Nova picape nacional da Ram segue em testes enquanto lançamento se aproxima,0,14.286273,40.048664,False,False,False,True,False
674633,2023,Picapes médias recebem notas ruins em teste de colisão nos EUA,5,38.56224,-35.9008,False,False,False,False,False
673503,2023,Ram Rampage 2024 tem 1.600 unidades reservadas na pré-venda,4,12.837047,36.981434,False,False,False,True,False
699284,2023,Jeep Renegade sairá de linha nos EUA após queda brusca nas vendas,0,38.100662,-1.7253428,False,False,False,False,True
686745,2023,Volvo EX30 chega ao Brasil custando menos que um Jeep Compass diesel,4,-27.001696,-10.700516,True,False,False,True,True
696642,2023,Citroën faz ação de Black Friday e oferta C3 com parcelas de R$ 599,4,30.142353,6.1729093,False,False,False,False,False
696810,2023,"Semana Motor1.com: Tundra no Brasil, atraso da Hilux e mais",4,-20.283213,41.856228,True,True,False,False,False
671001,2023,Peugeot 208: preço cai até R$ 11 mil e é o mais barato com teto solar,4,17.114464,11.689023,False,False,False,False,False
701346,2023,"BMW confirma 15 lançamentos para o Brasil, incluindo X2, iX2 e i5",3,-63.583786,-12.59592,True,True,False,False,False
633418,2023,Toyota RAV4 2023 chega ao Brasil mais equipado por R$ 322.890,4,-6.9524236,35.562828,False,True,False,False,True
698366,2023,"Oficial: veja como ficou a nova geração do Duster, a venda a partir de 2024",0,26.95298,-29.101063,True,True,False,True,True
685089,2023,EM90 2024: projeção revela como será a primeira minivan da Volvo,0,-35.964996,-5.4530582,True,False,False,False,False
674013,2023,"BMW, Nissan e Volvo discutem o presente e futuro da mobilidade",5,3.0463328,-15.937627,True,True,False,False,False
654299,2023,Peugeot 508 2023 é revelado com nova identidade visual da marca,4,15.773329,8.266128,False,True,True,True,False
686943,2023,Fim da novela? Exeed VX é flagrado no Brasil com emblema da CAOA,0,-36.76288,-26.86496,True,True,False,False,True
651733,2023,Lexus NX 350h 2023 chega ao Brasil mais equipado por R$ 364.790,4,-30.751038,-2.4247606,True,True,False,False,True
688818,2023,Flagra: Renault Kardian roda em testes finais antes do lançamento em outubro,0,24.589357,-27.783371,False,False,False,False,True
673113,2023,Flagra: Novo Peugeot 208 reestilizado pode estrear 1.0 turbo no Brasil,0,19.433733,7.880001,False,False,False,False,False
657015,2023,Renault Captur sai de linha na Argentina após vendas em queda,0,25.868996,-24.915552,False,False,False,False,True
701991,2023,Novo Omoda 5 chega em 2024 mais barato que GWM Haval H6 e BYD Song Plus,0,-31.495722,-25.429646,True,True,False,False,True
696206,2023,Nova Volkswagen Saveiro 2024 sobe de preço três meses após lançamento,4,-3.5416288,30.546852,False,False,False,False,False
657449,2023,Desconto de 40% na multa passa a valer para motoristas de SP; veja como,5,11.08713,-7.7980485,False,False,False,False,False
634392,2023,Primeira moto elétrica da Suzuki deve aparecer em 2024; Brasil fica de fora,5,4.802546,54.94007,True,False,False,False,False
690762,2023,Stellantis fará anúncio em 23 de outubro: será a Ducato híbrida?,5,25.507767,2.3175778,False,True,False,False,False
669584,2023,"Alegria dura pouco: carro popular será passageiro, diz ministro da Fazenda",5,13.597078,-5.3694997,False,False,False,False,False
688191,2023,F1: Hamilton lidera 1-2 da Mercedes em TL2 marcado por chuva no Canadá,5,26.949083,-58.580074,False,False,False,False,False
664758,2023,Hyundai Creta poderá ganhar facelift inédito no Brasil; veja flagra,0,-19.105722,68.609825,False,False,False,False,True
681765,2023,Citroën C3 Aircross 2024 ganha câmbio automático e torque extra na Ásia,4,48.361626,-21.226421,False,False,False,False,False
680865,2023,Donos de carros esportivos precisarão de CNH especial na Austrália,5,7.7052484,-10.9698105,False,False,False,False,False
673182,2023,Flagra Renault Master:  nova geração pode chegar em 2024 usando hidrogênio,0,23.518118,-30.787285,True,False,False,True,False
666613,2023,Hyundai Creta 2024 sofre novo reajuste e fica até R$ 1.900 mais caro,4,-9.069758,11.323828,False,False,False,False,False
668524,2023,"Volkswagen foge da Rússia, vende ações e deixa fábrica para trás",5,-12.784356,4.3490734,False,False,False,False,False
691366,2023,Euro 7 adiado? Comissão quer novas regras de emissões apenas para 2030,5,5.5674477,-19.171019,True,False,False,False,False
696229,2023,"Vendas de usados em outubro cresce; acumulado já é 4,4% maior que em 2022",5,35.424793,15.821286,False,False,False,False,False
657573,2023,Quinzena de março: Montana já aparece entre os 20 mais vendidos na parcial,1,71.57175,20.132975,False,False,False,False,False
663411,2023,Ford F-150 2023: Primeiras unidades desembarcam no Brasil,4,-56.71507,22.14367,False,True,False,True,False
690315,2023,Subaru WRX TR 2024 estreia com direção aprimorada e freios Brembo,4,-14.319918,-13.828373,False,False,False,False,False
689031,2023,BMW apresenta a nova R 1300 GS 2024; veja o preço e o que muda na moto,3,-75.65753,-8.028231,False,False,False,False,False
671701,2023,Chevrolet Trailblazer seguirá S10 e terá frente nova com miolo antigo,0,-3.756559,23.974058,False,False,False,True,True
676788,2023,"Volkswagen reduz preços de Polo, Nivus, Taos e Amarok em até R$ 10.000",4,-17.322832,25.233812,False,False,False,False,True
674898,2023,Flagra: Chevrolet Spin 2025 terá faróis full-LED e frente de Montana,0,-3.019657,22.180923,False,False,False,False,False
680433,2023,"Como o novo Toyota Land Cruiser desafia os SUVs raiz da ""velha guarda""",0,-17.260914,-29.78907,True,True,False,True,True
694015,2023,Ferrari: os lançamentos esperados de Maranello para 2024,5,13.579984,-63.914986,True,True,False,False,True
702523,2023,Novo Honda WR-V 2024 ganhará versão com estilo off-road no Japão,2,28.301064,56.137405,False,True,False,False,True
671699,2023,Nova Mitsubishi L200 Triton Savana 2024 chega às lojas por R$ 309.990,4,9.7258625,-31.907791,False,False,False,True,False
700479,2023,Nissan Note 2024 muda visual e dá o tom da nova geração do Kicks,0,-2.1880703,-50.343964,True,False,False,False,False
671663,2023,Ram Rampage 2024 é pega sem disfarces e revela design da versão R/T,0,13.695056,39.59735,False,False,False,False,False
697724,2023,Fiat Argo alcança 500 mil unidades fabricadas no Brasil desde 2017,5,27.66354,19.40818,False,False,False,False,False
736177,2024,BMW celebra 10 anos de fábrica no Brasil e confirma X5 híbrido nacional,3,-72.2943,-14.970975,True,True,False,False,False
711416,2024,Vendas diretas em fevereiro: Renault Kwid ultrapassa Strada e lidera,5,34.606377,15.606032,False,False,False,False,False
726953,2024,Royal Enfield lança Guerrilla 450 na Índia com 40 cv e painel digital,2,45.637207,33.06764,False,False,False,False,False
743274,2024,"Contra demissões, 100 mil funcionários da VW fazem paralisação na Alemanha",5,-12.559277,4.1214833,True,False,False,False,False
721096,2024,Além da Titano: veja os carros da Fiat vendidos como Ram no México,0,16.70787,36.635674,False,False,False,True,False
723398,2024,Quem (e como) são os robôs humanóides que constroem carros,5,-2.0528166,-14.727256,False,False,False,False,False
713498,2024,"Senado pode acabar com carros a gasolina e diesel em 2040, mas a etanol não",5,9.87202,-14.921812,True,False,False,True,False
719277,2024,"Prestes a mudarem, T-Cross, Nivus e Amarok têm descontos de até R$ 35 mil",4,8.989799,14.821509,False,False,False,True,True
773154,2024,F1: Quem irá pilotar no teste pós-temporada em Abu Dhabi,5,22.762386,-55.810204,False,False,False,False,False
714127,2024,F1: Verstappen supera Ferraris e faz a pole na Austrália,5,30.42379,-57.26269,False,False,False,False,False
717522,2024,Mitsubishi L200 Triton terá preparação para Starlink de fábrica no Brasil,0,9.165874,-31.679869,False,False,False,True,False
726312,2024,Hyundai Creta 2025 sobe preços e chega aos R$ 187.890,4,-6.0606112,64.8482,False,False,False,False,True
729562,2024,RAM 2500 ganha série limitada Rodeo Edition com espaço para 6 passageiros,4,12.457514,36.52493,False,False,False,True,False
711711,2024,"Hatches em fevereiro: Polo lidera, Argo é vice e HB20 despenca",5,35.030243,15.80158,False,False,False,False,False
738639,2024,Mitsubishi oferece bônus de mais de R$ 27 mil para a L200,4,8.970314,-29.033545,False,False,False,True,True
744064,2024,"Novo chefão da Ram admite crise nas vendas: ""estamos tomando uma surra""",5,12.736906,41.90477,True,False,False,True,False
740098,2024,Novo Ford Equator: irmão maior do Territory ganha versão híbrida de 367 cv,4,-35.41642,-8.709034,True,True,False,False,False
734711,2024,Citroën C4 Cactus sumiu das lojas mas continua a ser fabricado no Brasil,0,45.41262,-19.931604,False,False,False,True,True
731980,2024,F1: Verstappen supera Norris e fica com pole da sprint na Áustria,5,26.40508,-56.07221,False,False,False,False,False
714113,2024,F1: Verstappen na Mercedes? Wolff 'deixa no ar' aproximação,5,25.499924,-56.60166,False,False,False,False,False
724335,2024,Europa e China retomam negociações sobre tarifas para carros chineses,5,1.2581985,-18.84936,True,False,False,False,False
726963,2024,"Chevrolet quer investir mais, mas indefinição do Brasil é problema",5,3.561539,10.30275,False,False,False,False,True
741854,2024,Yamaha oferece Fluo 2025 com taxa zero até o final do ano,2,44.94473,43.800987,False,False,False,False,False
742955,2024,Type 00: esse é conceito da Jaguar após tanta polêmica,5,-12.176801,-24.031502,False,False,False,False,False
737626,2024,Veja quais serão os lançamentos da BMW para 2025,3,-63.422455,-15.380368,True,True,False,True,True
737813,2024,Os lançamentos da Mercedes-Benz para 2025,0,-20.98106,-63.529003,True,True,False,True,False
742002,2024,Yamaha colabora com anime futurista Tokyo Override da Netflix,2,49.27343,42.753193,False,False,False,False,False
737770,2024,VÍDEO: Veja os detalhes do novo VW Nivus 2025 ao vivo,4,-25.194748,18.510513,False,False,True,False,True
738489,2024,"Depois da Land Rover, SsangYong faz acordo para usar plataformas da Chery",5,-19.946281,-25.20725,True,True,False,False,False
706628,2024,Toyota mantém título de fabricante mais vendida do mundo com recorde em 2023,5,36.495316,10.216492,False,False,False,False,False
734143,2024,"Após lançamentos polêmicos, BMW trocará quase toda equipe de design",3,-65.53764,-18.134878,False,False,False,False,True
731099,2024,Nova Ford F-150 2025 aparece na Expointer antes do lançamento,0,-56.079704,24.029993,False,False,False,False,False
708325,2024,Aston Martin Vantage 2025 chega aos 665 cv com melhor dirigibilidade,5,-14.666122,-17.615538,False,False,False,False,False
727627,2024,Segredo: nova Amarok terá poucos equipamentos novos e surpresa inesperada,4,-35.654335,14.491618,False,False,False,True,False
741153,2024,Triumph oferece até R$ 14.000 de desconto na Tiger 1200 e outras motos,4,12.4419775,13.774963,False,False,False,False,False
713442,2024,Projeção: Nova Chevrolet S10 2025 terá visual exclusivo para o Brasil,0,-2.828716,23.1299,False,False,False,True,True
728727,2024,RS: Honda lança Civic hatch esportivo e manual bem mais em conta,2,26.59198,56.360664,False,True,False,False,False
736025,2024,Citroën Basalt 2025: quanto custará o SUV sem a promoção de lançamento?,4,45.86516,-16.765966,False,False,False,False,True
708640,2024,Toyota muda comando e presidente brasileiro assume posição,5,-15.73967,39.278893,False,False,False,False,True
732871,2024,"Crise da VW: raízes vêm da Europa e da China, não do Brasil",5,-13.37764,3.1169553,True,False,False,True,False
704409,2024,Peugeot 208 com novo visual já roda na Argentina e chega ao Brasil em 2024,0,18.719723,8.697199,False,False,False,False,False
737681,2024,Chevrolet dá bônus de até R$ 5.500 e taxa zero para a Montana,4,11.8853035,17.053844,False,False,True,False,False
735253,2024,Bajaj chega a 10 mil motos vendidas no Brasil,2,41.46265,33.594917,False,False,False,False,False
727883,2024,Flagra: nova Mitsubishi L200 Triton Sport 2026 aparece em testes no Brasil,0,8.444875,-32.33047,False,True,False,True,False
705431,2024,"De forma independente, Chevrolet Corvette emplacou 59 unidades em 2023",5,-6.5902944,-5.989095,False,True,False,False,False
721115,2024,Chevrolet vende Onix LT 2024 com R$ 14.000 de desconto; veja mais ofertas,4,11.764253,16.580101,False,False,False,False,False
711598,2024,"Adeus, puristas: Dodge Challenger sai de linha sem expectativa de sucessor",0,-12.786441,-6.1871166,False,False,False,False,False
732678,2024,Conceito retrô-futurista traz Renault 17 dos anos 70 para o século XXI,0,22.613146,-27.074572,False,False,False,False,False
728605,2024,"Ford Ranger terá facelift em 2026 e nova geração em 2030, diz site",0,-50.55685,19.984581,True,False,False,False,True
711585,2024,Hyundai fará mais dois modelos em Anápolis (GO) nos próximos anos; veja apostas,0,-13.073872,67.797935,False,True,False,False,True
721288,2024,Fiat Strada 2025 tem aumento geral de preços e já custa quase R$ 140.000,4,15.249094,22.358252,False,False,False,False,False
741846,2024,Reino Unido: Kia Sportage cada vez mais próximo da liderança anual,1,63.67479,-0.5879085,False,False,False,False,False
735481,2024,Vendas de 0 km no México têm melhor agosto em oito anos,1,68.113205,0.198557,False,False,False,False,True
733416,2024,"Citroën C3 Aircross ganha ar digital, que deveria estrear no Basalt",0,47.98116,-20.703018,False,False,False,False,True
728901,2024,Citroën Balsalt é revelado mais completo que C3 e Aircross,0,48.730686,-20.97418,False,False,False,False,True
738637,2024,Novo MINI John Cooper Works Countryman 2025 chega ao Brasil por R$ 379.990,4,-38.213413,-7.6050644,False,False,False,False,False
704248,2024,Volkswagen Amarok de nova geração vende menos da metade do modelo antigo,0,-37.013577,14.365693,False,False,False,True,False
740068,2024,Mitsubishi terá mais dois SUVs da Renault com logotipos trocados,0,14.63497,-34.521446,True,True,False,False,False
718243,2024,Carabinieri Foresteri: Suzuki Jimny vira viatura de polícia na Itália,5,4.6067343,53.96572,False,False,False,False,False
743102,2024,"Equinox 2025: como se compara a Territory, Compass e Corolla Cross?",0,-5.272388,17.210064,False,False,False,False,True
730781,2024,Onix já atende novas regras de emissões e eletrificação ficará de fora,5,5.1244655,26.298183,True,True,False,False,False
745032,2024,"Assim como no Brasil, Kicks atual será vendido nos EUA com novo nome",0,1.2742532,-50.010082,False,False,False,False,False
720930,2024,"Com facelift à vista, Volkswagen Nivus tem R$ 12.000 de desconto e taxa zero",4,-17.530197,25.137022,False,False,False,False,False
741865,2024,Mitsubishi lança nova Triton 2026 no Brasil mais refinada e tecnológica,4,8.685381,-30.884493,False,False,False,True,False
742160,2024,Dafra lança a NHX 190 no Brasil: veja o preço e o que ela traz,2,40.159103,34.992275,False,False,False,False,False
730193,2024,Preço do Fiat Fastback 2025 sobe até R$ 3 mil; veja a nova tabela,4,15.462321,23.564554,False,False,False,False,True
731995,2024,"F1: Hamilton vence GP da Grã-Bretanha, fatura primeira desde 2021",5,30.203875,-57.13642,False,False,False,False,False
732191,2024,"Norris hesita, mas acata ordem e Piastri vence GP da Hungria",5,28.818966,-59.246162,False,False,False,False,False
706240,2024,Projeção: Volkswagen T-Cross 2025 terá visual próximo da versão europeia,0,-27.012758,15.719942,False,False,False,False,True
712254,2024,Novo Chevrolet Equinox 2025: início da produção no México é adiado,0,-5.132615,25.266401,True,True,False,False,False
735263,2024,"Novo motor 2.0 turbo de 300 cv da Toyota será usado pela Hilux, diz site",0,-14.638465,34.838863,True,True,False,True,False
725674,2024,Hyundai Creta comanda domínio dos SUVs no varejo em junho,1,82.2597,8.115501,False,False,False,False,False
718048,2024,"Perto de mudar, Peugeot 2008 tem desconto com preço de Renault Kardian",4,14.845488,11.249447,False,False,False,False,True
712492,2024,Efeito Titano? Nissan faz promoção com Frontier Attack por R$ 209.990,4,-8.34497,-45.905804,False,False,False,True,False
731864,2024,F1: Drugovich surge como forte candidato na Williams,5,21.226599,-53.22464,False,False,False,False,False
724906,2024,Ranger Super Duty vem aí? Ford faz registro do nome e cria expectativa,0,-54.034466,26.58651,False,False,False,False,False
725327,2024,CAOA Chery Tiggo 5x Sport fica de novo mais caro e sai agora por R$ 119.990,4,-41.594814,-27.132965,False,False,True,False,False
721708,2024,HPE quer dobrar produção da Mitsubishi no Brasil,5,7.083894,-35.394783,False,True,False,False,False
725765,2024,Novo BYD Song Pro entra em pré-venda com duas versões contra Corolla Cross,5,-32.43025,-14.567256,True,True,False,False,True
722219,2024,GWM Haval H6 PHEV19 custa R$ 229 mil e é mais barato que o BYD Song Plus,4,-29.202074,-17.89055,True,True,True,False,True
719792,2024,Flagra: Caoa Chery Tiggo 7 PHEV aparece no Brasil pronto para estreia,0,-37.91639,-28.265562,True,True,False,False,True
720894,2024,Toyota faz acordo com sindicato para fechar fábrica do Corolla,5,-17.653328,38.520203,False,False,False,False,False
731389,2024,"Para não perder V8, Ford F-150 ficou sem a versão Platinum por aqui",4,-56.28888,21.974972,False,False,False,False,False
739020,2024,Motor 1.0 turbo da Hyundai recebe atualização para novas normas de emissões,4,-12.041928,63.87866,False,False,False,False,True
712293,2024,Novo VW Nivus 2025 é flagrado: veja o que já sabemos do carro,0,-24.571606,17.202301,False,False,False,False,True
720474,2024,Toyota GR Corolla terá câmbio automático em breve,5,-15.620913,44.039295,False,False,False,False,True
711735,2024,Toyota tem promoção com bônus de até R$ 10 mil para Corolla,4,8.886391,16.406523,False,False,False,False,True
725692,2024,Novo Peugeot 2008 2025 revela visual para o Brasil e terá motor 1.0 turbo,0,19.755203,8.671018,True,False,False,False,True
703446,2024,Nissan Kicks para público PCD custa R$ 86.990; Versa sai por R$ 87.490,4,-5.835661,-46.846046,False,False,True,False,False
725156,2024,BMW inicia produção da R 12 no Brasil; lançamento ocorre em breve,3,-76.2377,-7.792035,False,False,False,False,False
716798,2024,BYD: picape anti-Hilux será lançada em maio e chega ao Brasil em agosto,0,-35.653812,-18.604994,True,True,False,False,True
737985,2024,Dados nos EUA provam: preço é o que impede adoção em massa de elétricos,5,4.519344,1.8420998,True,False,False,False,False
735938,2024,GWM inicia contratações para fábrica no Brasil e confirma produção em 2025,5,-9.531728,-0.4722101,True,False,False,False,True
710104,2024,Jeep está preparando cinco modelos novos ou renovados para 2025,0,37.56665,-7.5304484,True,True,False,False,False
723861,2024,Primeiro esportivo elétrico da Ferrari deve custar mais de R$ 2 milhões,5,12.977573,-59.817425,True,True,False,False,False
707385,2024,Honda PCX foi a moto que menos desvalorizou em 2023; veja a lista,2,36.69916,50.730568,False,False,False,False,False
737528,2024,Kia Tasman 2025 finalmente tem data para ser lançada,0,-31.918484,55.488373,False,False,False,True,False
733691,2024,Mitsubishi ASX terá nova geração em 2027 para brigar com Corolla Cross,0,10.962875,-36.806313,True,False,False,False,True
704547,2024,Salão de Detroit voltará a acontecer em janeiro a partir de 2025,5,-3.6516771,-26.728521,False,False,False,False,False
703669,2024,Hatches mais vendidos em 2023: VW Polo muda de vida ao substituir o Gol,5,36.847706,14.913464,False,False,False,False,False
737150,2024,Novo Hyundai Creta participa da Copa HB20 na etapa de Tarumã,0,-12.683353,65.09004,False,False,False,False,True
715812,2024,Produção de motos no Brasil cresce mais de 10% no trimestre,5,46.720795,15.560125,False,False,False,False,False
729902,2024,"Por baterias, Honda fará scooters elétricas para Yamaha: entenda",2,36.17984,52.642044,True,False,False,False,False
739323,2024,Hyundai explica câmbio de dupla embreagem do novo Creta e reforça garantia,0,-13.237281,63.305054,False,False,False,False,False
732556,2024,Vendas em agosto: Caoa Chery Tiggo 7 passa Jeep Compass e Strada lidera,1,82.53403,6.799325,False,False,False,False,True
735409,2024,Fiat Fastback chega a marco histórico de produção,4,24.027008,27.23875,False,False,False,False,True
729116,2024,Flagra! Novo SUV da VW roda pronto e será lançado em 2025,0,-25.729113,16.216557,False,False,False,False,True
772910,2024,F1 - Verstappen brinca após vitória em Interlagos,5,26.495672,-57.136322,False,False,False,False,False
726835,2024,Porsche Macan EV com tração traseira entra em pré-venda por R$ 560.000,4,-30.906408,-46.494225,True,False,False,False,False
742150,2024,Black Friday da Nissan tem Frontier Attack com R$ 50.000 de desconto,4,-8.359296,-45.879745,False,False,False,True,False
725863,2024,Duster terá irmão menor feito para brigar com Fiat Panda e Jeep Avenger,0,25.248732,-29.699406,False,True,False,False,True
706874,2024,Citroën oferece C3 com R$ 5.000 de desconto e C4 Cactus com IPVA grátis,4,30.253345,6.061349,False,False,False,False,False
710814,2024,Kia Stonic entra em promoção com desconto de R$ 15.000 em março,4,-38.90076,-4.2269645,False,True,True,False,False
718834,2024,Kia Tasman 2025 também terá versão elétrica; autonomia será de 400 km,0,-31.62344,55.288483,True,False,False,True,False
739786,2024,Todas as novidades da Ferrari que chegarão em 2025,5,13.607368,-64.3981,True,True,False,False,False
721912,2024,Novo Chevrolet Equinox já roda em testes no Brasil; veja flagra,0,-5.3178554,25.553396,False,True,False,False,True
711971,2024,"Novo Bigster, irmão maior do Duster, é flagrado com carroceria de produção",0,24.915169,-29.649162,False,True,False,False,True
739321,2024,"Flagra: inspiração de Mobi e Argo, Fiat Panda aparece no Brasil",0,28.440348,26.4713,True,True,False,False,False
729697,2024,Nova VW Amarok: 'bússola' no painel tem tecnologia israelense antiquada,5,-35.573067,13.321605,False,False,True,True,False
716508,2024,Rebecca Clancy é nomeada editora-chefe da Autosport,5,18.975344,-46.915607,False,False,False,False,False
773138,2024,F1: A 'briga' entre Verstappen e Russell,5,26.51918,-55.397877,False,False,False,False,False
712485,2024,Fiat Titano 2024: como a picape se compara com as rivais?,4,-49.58102,26.392422,False,False,False,True,False
706543,2024,Mitsubishi Pajero Full voltará à vida na plataforma do próximo Outlander,0,10.209998,-36.007103,False,True,False,False,True
740077,2024,União Europeia mantém proibição para motores a combustão em 2035,5,5.1526237,-19.61484,False,False,False,False,False
714261,2024,Hyundai CAOA tem Creta com R$ 17.000 de desconto e preço de nota fiscal,4,-7.274135,66.63495,False,False,False,False,False
715504,2024,Opel Frontera 2025 é Citroën C3 Aicross transformado para agradar a Europa,0,46.69589,-18.875015,True,True,False,False,True
708662,2024,Chevrolet Montana 2024 tem novo aumento e fica até R$ 4.200 mais cara,4,5.147167,21.409855,False,False,False,False,False
717201,2024,Renault pede ao governo argentino que reduza os impostos dos carros,5,18.308361,-17.333693,True,False,False,False,False
713148,2024,Fiat pode dar passo atrás com 500 elétrico ganhando versão híbrida,5,27.55962,24.299028,True,True,False,False,False
710686,2024,Novo Hyundai Creta N-Line tem visual esportivo e motor turbo de 160 cv,0,-18.201561,68.769875,False,False,True,True,False
743284,2024,"Ausente desde 2021, Renault relança o Kwid na Argentina",5,25.117891,-24.375319,False,False,False,False,True
772916,2024,F1: Verstappen fatura tetracampeonato em Vegas,5,29.95403,-58.66248,False,False,False,False,False
717319,2024,Lamborghini revela Urus híbrido plug-In com motor V8 e 800 cv,4,-17.26746,-14.19065,True,True,False,False,True
704080,2024,Jeep Commander soma 50.000 unidades fabricadas no Brasil desde 2021,4,39.276146,1.291513,False,False,False,True,True
739289,2024,Flagra: novo Honda HR-V 2026 já roda em testes no Brasil,2,24.9271,61.526615,False,True,False,False,True
725312,2024,Audi adicionará ChatGPT em todos os seus carros produzidos desde 2021,5,-54.549442,-38.238327,False,False,False,False,False
711257,2024,Novo Dodge Charger terá versão com motor a gasolina de 557 cv em 2025,4,-11.629113,-13.019971,False,False,False,False,False
703885,2024,Nissan Sentra com novo visual chegará ao Brasil em 2024; veja o que muda,0,-2.698898,-51.11519,False,False,False,False,False
728061,2024,Passeio no shopping: visitamos uma concessionária Leapmotor na China,4,-27.433094,-13.030642,True,False,True,False,True
719609,2024,BYD Shark: picape híbrida plug-in é revelada para mudar conceitos,4,-32.564037,-11.353397,True,True,False,False,False
726498,2024,Mercedes-AMG C 63 S E Performance chega ao Brasil por até R$ 1 milhão,4,-25.367786,-63.102657,True,True,False,False,False
721750,2024,Fim de uma era: Salão de Genebra é oficialmente extinto após 119 anos,5,-4.159903,-27.3645,False,False,False,False,False
722922,2024,As 20 motos mais vendidas de maio: veja o ranking em mês recorde,2,47.271515,16.524752,False,False,False,False,False
730298,2024,Flagra: estranho sedã pode ser próxima jogada da JAC com a Huawei,5,-0.9365958,-16.288633,False,True,True,False,False
711071,2024,Skoda seguirá produzindo motores a gasolina e isso é bom para o Brasil,5,-29.719173,4.60656,True,True,False,True,True
713027,2024,NIssan manterá atual Kicks na ativa junto à nova geração,0,2.1075413,-50.32244,False,True,False,False,True
740241,2024,"Com foco em eletrificação, Peugeot deve ter 208 e 2008 Hybrid em 2025",0,20.537788,9.870632,True,True,False,False,True
705171,2024,"Flagra: em breve no Brasil, picape híbrida da BYD aparece com menos disfarces",0,-35.80963,-19.047752,False,True,False,False,False
737964,2024,Stellantis divulga preços de revisão do Citroën Basalt,4,46.159924,-17.338453,False,False,True,False,True
718391,2024,Shineray lança Free 150 com preço inferior a R$ 10 mil: o que ela traz?,2,43.333897,38.530262,False,False,False,False,False
743745,2024,Citroën oferece C3 e Aircross com até R$ 18.400 de desconto,4,30.297092,6.113465,False,False,True,False,True
739544,2024,Kia aprova visual ousado da nova picape Tasman,0,-32.34124,55.4745,False,False,False,True,True
730213,2024,Jeep alcança 1 milhão de SUVs vendidos no Brasil desde abertura de Goiana,5,38.034885,-0.6382466,False,False,False,True,False
729918,2024,VW aguarda anúncio de investimento para decidir seu futuro na Argentina,5,-20.811144,9.757416,False,True,False,False,False
727911,2024,"Novo Renault Twingo será produzido na Europa, mas terá 'mãozinha' chinesa",0,23.17403,-29.80114,True,False,False,False,False
711261,2024,Aston Martin Vantage F1 é apresentado como Safety Car da F1 em 2024,5,19.615583,-52.86771,False,False,False,False,False
722105,2024,SUV fazem uma vítima: Volvo deixa de oferecer o S60 na Espanha,0,-24.525764,-12.512455,False,True,False,True,True
707596,2024,As 10 motos e scooters mais baratas do Brasil em 2024,2,44.861298,41.483486,False,False,False,False,False
731378,2024,250 GT SWB California Spider: a lendária Ferrari de Alain Delon,5,15.046564,-61.10952,False,False,False,False,False
722278,2024,Ducati Diavel V4 chega ao Brasil com 170 cv,2,41.65069,38.58463,False,False,False,False,False
737689,2024,"Com nova geração lá fora, Nissan Kicks tem R$ 13.000 de bônus no Brasil",4,-8.199396,-41.72793,False,False,False,False,False
741420,2024,Mini confirma opção mais barata de seu SUV para o Brasil em 2025,4,-37.48685,-7.1894994,False,False,False,False,True
733264,2024,Jeep Renegade Willys tem R$ 19.799 de desconto no preço para CNPJ,4,42.691994,-0.39031836,False,False,False,False,False
719272,2024,Audi A4 e A5 com tração integral Quattro chegam ao Brasil; veja preços,4,-52.1048,-35.882896,False,True,False,False,False
729905,2024,Conheça o robô que a BMW está testando em suas fábricas,3,-70.62992,-14.214302,False,False,False,False,False
726466,2024,Red Bull RB17 é o hipercarro baseado na F1 com motor V10 de 1.200 cv,5,-13.506629,-18.250134,True,False,False,False,False
733225,2024,Novo Mitsubishi Outlander PHEV tem data para chegar,0,13.000518,-35.77362,True,True,False,False,True
738479,2024,Novo sedã de luxo da Chery  tem suspensão adaptativa e supera 5 metros,0,-39.370926,-23.661451,True,True,False,False,False
711973,2024,"Mercedes-Benz seguirá fazendo carros a gasolina porque ""elétricos são caros""",5,-16.63645,-63.60793,True,True,False,False,True
744042,2024,Aston Martin Valhalla já tem seis exemplares confirmados para o Brasil,5,-14.984144,-17.667952,True,True,False,False,True
707217,2024,Netflix divulga primeiras imagens de documentário sobre Ayrton Senna,5,17.709703,-16.584614,False,False,False,False,False
731841,2024,F1: Alonso diminui tom contra FIA; confira,5,22.365694,-54.5156,False,False,False,False,False
737099,2024,Novo M5 é chamado de 'gordo' na internet e BMW se irrita com comentários,3,-60.926857,-11.769966,True,True,False,False,False
722208,2024,Oficial: Royal Enfield Shotgun 650 2025 já está no Brasil e chega em breve,2,42.214188,39.939625,False,False,False,False,False
727140,2024,Citroën Basalt terá versão de produção revelada no início de agosto,0,47.827477,-21.03944,False,False,True,False,True
724822,2024,Mini-Frontier: Nissan confirma inédita picape de porte da Toro para o Brasil,0,-8.008576,-54.746227,True,False,False,False,False
704061,2024,"Discovery 2024 já está disponível no Brasil, inclusive para assinatura",4,-19.729992,-27.480762,True,True,False,True,False
709080,2024,Ferrari 296 GTS fica mais barata quando construída de Lego em tamanho real,5,14.505018,-61.223118,False,False,False,False,False
742461,2024,Chery ressuscita a espanhola Ebro para driblar taxas de importação,5,6.0880446,-44.04932,False,True,False,False,False
734168,2024,Zeekr 001 híbrido é flagrado na China com motorização híbrida,0,-25.496271,-15.542453,False,True,False,False,True
723574,2024,BYD quer chegar a 350 mil carros vendidos por ano no Brasil até 2028,5,-34.522446,-15.60614,False,True,False,False,False
729368,2024,Leapmotor: a nova parceira da Stellantis já tem site oficial no Brasil,5,23.751814,-1.8265768,True,False,False,False,True
710771,2024,"Flagra! Perto do lançamento, nova VW Amarok 2025 roda no Brasil",0,-35.99296,14.054704,False,False,False,True,False
731843,2024,F1: Leclerc lidera o TL2 para o GP da Emilia Romagna,5,30.010109,-58.544476,False,False,False,False,False
729084,2024,"Com facelift à vista, Peugeot 208 é vendido com até R$ 16.000 de desconto",4,16.779356,12.154119,False,False,False,False,False
720326,2024,Mercado em maio: vendas caem 15% na quinzena com impacto das chuvas no RS,5,38.30628,14.463911,False,False,False,False,False
743391,2024,Honda Amaze: novo mini City indiano custa dois terços de um Kwid,2,21.877243,57.870052,False,False,False,False,False
738205,2024,Jeep Commander muda na Índia após vendas fracas e rejeição do mercado,4,34.53718,-1.064082,False,False,False,True,False
728424,2024,Citroën Basalt aparece sem camuflagem dias antes do lançamento,0,47.459545,-20.679743,False,False,False,False,True
711383,2024,Shineray lançará motos de até 400 cilindradas em 2024,5,43.32779,20.5769,False,False,False,False,False
713153,2024,Kia Sportage ganhará facelift e promete design ainda mais invocado,0,-35.816032,48.024624,False,True,False,True,False
722610,2024,Flagra: Jaecoo J7 PHEV chega fim do ano para brigar com Song Plus e Haval H6,5,-31.207056,-25.287283,False,True,False,False,True
714121,2024,F1: Bearman revela atitude de Vettel antes do GP em Jeddah,5,19.147251,-57.47544,False,False,False,False,False
725001,2024,"Líder na Argentina, Toyota emplaca três modelos no top 10 em junho",1,71.42466,8.470034,False,False,False,False,False
703421,2024,Jeep Commander 2024 tem aumento de preço de quase R$ 10.000; veja tabela,4,45.086815,-2.0881443,False,False,False,True,True
722290,2024,Citroën completa 105 anos e se prepara para lançar SUV-cupê Basalt,5,46.759827,-22.039877,False,False,False,False,True
772920,2024,F1: O que está em jogo nas duas últimas corridas de 2024,5,23.652191,-55.762833,False,False,False,False,False
724513,2024,Novo BMW M5 chega aos 727 cv com V8 biturbo e eletrificação,3,-60.86924,-9.838143,True,True,False,False,True
720122,2024,Classic pode ser a próxima moto da Royal Enfield a ter motor 650,5,46.06552,32.218285,False,False,False,False,False
718047,2024,Citroën Basalt finaliza testes e será lançado no Brasil no segundo semestre,0,48.042397,-21.225258,False,False,True,False,True
715789,2024,Nissan prepara investimento para lançar inédita picape anti-Toro no Brasil,0,-7.9791613,-54.95314,False,False,False,False,False
722114,2024,Fiat Strada ultrapassa Volkswagen Polo em maio e volta à liderança,1,35.422882,15.039783,True,False,False,False,True
736250,2024,Picapes lideram em 22 estados: confira os mais vendidos em setembro,1,70.880905,17.86671,False,False,False,False,False
706480,2024,Projeção: Volkswagen Virtus Track pode ser o substituto do Voyage,0,-20.605629,15.230983,False,False,False,False,False
718017,2024,Chery confirma picape média para brigar com Toyota Hilux e Ford Ranger,0,-36.00938,-21.335121,True,True,False,False,True
705963,2024,Alfa Romeo Milano é antecipado em novas imagens; estreia em abril,0,-11.102079,-6.416759,False,False,False,False,True
721404,2024,BMW lança facelift para o Série 3 com foco na autonomia elétrica,3,-64.53159,-13.54301,True,True,False,True,False
735922,2024,O fim do motor Renault F1 e o novo carro da Alpine,5,21.372051,-21.816275,False,False,False,False,False
703664,2024,"Carros usados: vendas registram recorde e passam de 10,6 milhões em 2023",5,34.955853,15.5290985,False,False,False,False,False
704464,2024,"Este é o último Bugatti Chiron 1500 mesmo, promete montadora",5,-8.381056,-10.069783,False,True,False,False,False
728872,2024,Novo Kia Sportage 2025 tem visual reestilizado adiantado em projeção,0,-35.972214,48.248295,False,True,False,True,True
730917,2024,"Não parece, mas este Dodge na verdade é um carro chinês",4,-12.866498,-13.356545,False,False,False,False,False
711718,2024,Sedãs mais vendidos em fevereiro: Onix Plus lidera; BYD é vice nos médios,5,37.220406,14.573443,False,False,False,False,False
714235,2024,Porsche promete continuar usando motor V8 após 2030,5,-35.19552,-41.960155,True,True,False,False,True
734632,2024,Fiat Toro Ultra 'sobra' e tem unidades 24/24 com até R$ 15.000 de bônus,4,18.607178,31.085346,False,False,False,True,False
736613,2024,BMW X1 troca versão de entrada por uma mais potente; entenda,3,-63.584873,-7.6651654,False,False,False,False,True
719797,2024,"Nova picape elétrica da Kia, rival da F-150 Lightning, é flagrada em testes",0,-30.921185,55.95528,True,False,False,False,True
727573,2024,BYD lidera vendas na China pelo 4º mês consecutivo,1,67.490036,-4.6268663,False,False,False,False,False
708146,2024,"VW Arteon: sedã sai de linha, mas perua seguirá em produção",5,-22.785461,3.5579662,True,False,False,False,False
741143,2024,Yamaha R15 ABS e Crosser ABS chegam renovadas para 2025,2,47.04736,43.426056,False,False,False,False,False
734008,2024,Projeto de Lei quer zerar impostos federais sobre o etanol,5,10.764422,-14.576585,True,False,False,True,False
732577,2024,GM investirá R$ 300 milhões em fábrica de motores para eletrificação,5,4.8192496,12.108482,True,True,False,False,True
709133,2024,Ford Maverick surpreende e registra alta de 98% nas vendas nos EUA,0,-60.83395,21.941343,False,True,False,False,True
735007,2024,Patente da Porsche pode dar nova vida aos motores a combustão,5,-35.118725,-41.746006,True,False,False,False,False
720606,2024,"Cotado para o Brasil, Jeep Avenger ganha versão micro-híbrida de 136 cv",4,38.995476,-6.070718,True,True,False,False,True
719301,2024,Bentley prepara-se para acabar com motor V8 sem eletrificação,5,-16.34354,-19.448435,True,True,False,False,True
705623,2024,Fiat Pulse comemora 100 mil unidades vendidas no Brasil desde 2021,4,22.423367,26.450205,False,False,False,False,True
732189,2024,F1: Norris é pole e Verstappen P3 na Hungria,5,28.61513,-59.65696,False,False,False,False,False
731656,2024,Audi Q5 2025: nova geração ganha teaser e será revelada em setembro,0,-55.3803,-30.587297,False,True,False,True,True
729349,2024,Nova VW Amarok 2025 é lançada na Argentina: veja preços e itens,4,-35.63623,14.682266,False,False,False,True,False
743560,2024,GWM produzirá mais um SUV e anti-Shark além do Haval H6 no Brasil,5,-30.512518,-21.240824,False,True,False,False,True
705375,2024,CAOA abre segundo turno em Anápolis para ampliar produção do Tiggo 5X,4,-41.753326,-26.661959,False,False,True,False,False
726306,2024,Picapes em junho: Ranger e Maverick registram recordes para a Ford,1,80.250244,-13.91768,False,False,False,False,False
703671,2024,"Picapes mais vendidas em 2023: Strada, Toro, Hilux e Ram saem vitoriosas",5,37.396793,19.250896,False,False,False,False,False
723394,2024,Projeção: Dacia Bigster adianta futuro SUV médio da Renault para o Brasil,0,26.19965,-28.830542,False,True,False,False,True
729128,2024,"Peugeot 2008 2025 é lançado; veja versões, equipamentos e preços",4,19.44132,9.388348,False,False,False,False,True
725877,2024,Chevrolet S10 2025 tem primeiro reajuste e fica mais cara em toda linha,4,-3.1794271,28.598356,False,False,False,True,False
711276,2024,Toyota investirá R$ 11 bi por híbridos nacionais e terá picape inédita,0,-15.551547,38.9405,True,True,False,False,True
721312,2024,"Toyota, Mazda e Subaru se unem pelo futuro dos motores a combustão",5,-14.26383,35.11603,True,True,False,False,False
743276,2024,"Volvo aumenta preços de EX30, C40 e CX40 em até R$7.000",4,-24.98815,-10.681639,True,False,False,False,True
745623,2024,Nova geração do Jeep Compass será revelada em março; veja o que sabemos,0,37.3387,-7.9781322,True,True,False,False,False
726328,2024,"RAM 1200 2025 é irmã da Fiat Titano, mas com motor 2.4 turbo de 210 cv",0,15.6468115,36.463314,False,False,False,False,False
727884,2024,ID.1: Rival elétrico da Volkswagen do Dolphin Mini pode ser assim,5,-23.320425,2.1249683,False,False,False,False,False
728464,2024,Ford antecipa nova versão da Ranger; será a Black?,0,-53.53383,27.014908,False,False,False,True,False
745042,2024,"O futuro da Honda ainda será híbrido, pelo menos até 2030",2,32.35395,59.095833,True,True,False,False,False
736462,2024,Citroën Basalt: do sonho nos esboços para a realidade do mercado nacional,0,46.234367,-20.524506,True,False,False,False,True
707047,2024,Picape anti-Hilux da BYD tem interior revelado em novas fotos,0,-35.71004,-19.189445,False,True,False,False,False
737806,2024,BMW também se opõe ao banimento dos motores a combustão na Europa,3,-65.69258,-21.08949,True,False,False,False,False
742518,2024,Jeep Commander volta à América do Norte após 15 anos graças ao Brasil,4,41.39825,-3.8609965,False,False,False,False,True
735104,2024,Volkswagen T-Cross 2025 alcança 5 estrelas em segurança no Latin NCAP,5,40.0808,-37.152924,False,False,False,False,False
707991,2024,"Vendas no varejo em janeiro: Onix lidera nas lojas, seguido pelo Creta",5,37.209694,15.164541,False,False,False,False,False
726485,2024,Como a Chevrolet fará um SUV baseado no Onix e abaixo do Tracker?,0,5.670564,28.341759,False,True,False,False,True
729556,2024,Carlos Ghosn diz que Honda planeja compra de Nissan e Mitsubishi,2,7.5400286,-41.61151,True,False,False,False,False
706117,2024,Kia Tasman já roda quase pronta e promete design robusto contra Hilux,0,-31.901793,55.43249,False,False,False,True,True
706282,2024,Confirmado: Porsche Macan elétrico conviverá com combustão no Brasil,5,-33.95917,-41.73441,True,False,False,False,True
729539,2024,Jeep lança os novos Wrangler e Gladiator no Brasil: veja o preço,4,34.300053,-3.5100877,False,False,False,False,True
714534,2024,Toyota Taisor: novo SUV para mercados emergentes é adiantado em teasers,0,1.9560461,53.942135,False,False,False,False,True
730290,2024,Chevrolet Cruze se despede do mercado após abrir espaço para o Tracker,0,1.6244727,14.303712,False,False,False,False,False
712816,2024,Mercedes-AMG trabalha em seu primeiro esportivo elétrico para 2025,5,-23.099567,-61.52392,True,True,False,False,False
710484,2024,Chefe da Renault admite que carros europeus estão caros e grandes demais,5,9.933473,-21.981117,False,False,False,False,False
705633,2024,Rodízio em São Paulo (SP) estará suspenso no aniversário da cidade,5,12.886706,-8.230268,False,False,False,False,False
737776,2024,"Ferrari F80: 1.200 cv, 0 a 100 km/h em 2s e R$ 22 milhões",5,14.783073,-64.63694,True,True,False,False,False
709131,2024,Fiat Panda 2025 ganha projeção e poderá ser sucessor do Argo no Brasil,0,28.895765,26.525417,True,False,False,False,False
731833,2024,F1: Verstappen faz a 'pole' da corrida sprint de Miami,5,29.53873,-58.317223,False,False,False,False,False
724802,2024,Carro elétrico brasileiro acabou: Lecar diz que terá híbridos que fazem 33 km/l,5,-23.940475,-14.938349,True,True,False,False,False
743399,2024,Chevrolet despenca 70% na China e vive mesmo drama da Volkswagen,5,1.1878169,12.117383,False,False,False,False,False
710802,2024,Argentina e impostos cancelam planos da Renault Oroch na África do Sul,0,27.473776,-26.819933,True,True,False,False,True
707771,2024,Hyundai enxuga linha HB20 e perde versão automática abaixo de R$ 100 mil,4,-7.321781,64.18684,False,False,False,False,False
733064,2024,Oficial: Dacia Bigster estreará no Salão de Paris,0,27.316725,-27.252745,False,False,False,False,True
709756,2024,Toyota Hiace produzida na Argentina começa a ser vendida localmente,5,-20.09858,39.36981,False,False,False,True,False
718669,2024,Novo Hyundai Creta faz sucesso e já acumula mais de 35.000 pedidos,0,-17.769243,68.958954,False,False,False,True,True
742711,2024,Black Friday GWM: vejas as ofertas para Haval H6 e Ora 03 0km,4,-28.17069,-18.683777,True,True,False,False,True
707629,2024,China vendeu 8x mais eletrificados do que o Brasil vendeu no total,5,1.2696351,-22.750652,True,True,False,False,False
717695,2024,"Perto de mudar, VW T-Cross está em promoção com bônus e taxa zero",4,-16.79769,25.144575,False,False,False,False,True
772907,2024,F1: Norris vence sprint após ordem da McLaren,5,29.412611,-58.618454,False,False,False,False,False
717491,2024,F1: Chuva inibe atividade de pista e Piastri lidera TL2 ‘sonolento’,5,26.991425,-56.367825,False,False,False,False,False
705943,2024,Chevrolet anuncia R$ 7 bilhões para renovar todo o portfólio no Brasil,5,-0.3634881,10.002916,True,True,False,False,False
709355,2024,Flagra: Novo Hyundai Creta aparece em testes no Brasil,0,-16.096287,67.58493,True,False,False,False,True
732219,2024,F1: Marko 'zoa' McLaren após vitória da Ferrari no GP da Itália,5,26.544735,-59.09548,False,False,False,False,False
731851,2024,F1: Leclerc é soberano em casa e conquista pole em Mônaco,5,30.312431,-58.292393,False,False,False,False,False
714864,2024,"Omoda e Jaecoo, da Chery, terão 50 concessionárias no Brasil em 2024",0,-31.055418,-26.754011,False,True,False,False,False
705377,2024,BMW X1 e 320i ficam mais caros em 2024; veja tabela de preços,3,-66.80043,-8.502489,True,True,False,False,True
732849,2024,Novo carro híbrido da Stellantis já começou a ser produzido no Brasil,5,22.315783,-1.5240729,True,True,False,False,False
715649,2024,"Porsche Taycan Turbo GT foi feito ""às escondidas""; entenda",5,-33.886395,-46.06812,True,False,False,False,False
720772,2024,Jeep Commander alcança 50.000 unidades vendidas no Brasil em dois anos,4,39.23427,1.3666058,False,False,False,True,True
724028,2024,Riddara: chinesa confirma picape elétrica com porte de Rampage no Brasil,4,-31.665829,-10.6338825,True,False,True,False,False
709917,2024,Peugeot 208 turbo fica abaixo dos R$ 100 mil em promoção,4,17.163118,11.86971,False,False,False,False,False
732344,2024,CAOA Chery Tiggo 7 Sport tem aumento de preço e custa agora R$ 139.990,4,-41.640907,-27.604147,False,False,False,False,False
733957,2024,CEO da Stellantis é contra adiamento da proibição dos carros a combustão,5,5.3946033,-20.763609,True,False,False,False,False
734640,2024,Volkswagen T-Cross 2025 tem bônus de até R$ 15.000 na versão Highline,4,-18.755545,25.003702,False,False,False,False,True
741510,2024,México rejeita Amarok da Argentina e terá nova geração global da picape,0,-36.64262,14.513037,False,False,False,True,False
718595,2024,Volkswagen Polo lidera vendas pelo 2º mês consecutivo em abril; veja ranking,1,35.54789,15.070602,False,False,False,False,False
706871,2024,Novo esportivo da Bugatti será revelado em meados de 2024,5,-8.017587,-14.428138,True,True,False,False,False
732894,2024,Top 50 revela os carros preferidos nas vendas diretas em agosto,1,80.18803,9.806344,False,False,False,False,False
731471,2024,China: BYD tem 6 dos 10 carros mais vendidos em julho,1,67.41148,-4.698975,False,True,False,False,False
733096,2024,Novo Mitsubishi Pajero Sport é flagrado em testes,0,10.773264,-33.465317,False,False,False,True,True
709025,2024,"Vendas de carros usados em janeiro: Gol, Palio e Uno dominam segmento",5,35.165928,16.49403,False,False,False,False,False
743424,2024,"Nissan: falta de híbridos estaria matando a empresa, diz publicação",5,3.3569968,-43.54185,True,True,False,False,False
722077,2024,Teaser: BMW mostra o novo Série 1 pela primeira vez,3,-66.29676,-13.544879,True,True,False,True,False
716142,2024,Volkswagen Tiguan L Pro estreia na China mais luxuoso que irmão europeu,4,-34.73128,-7.7281814,False,True,False,False,True
718657,2024,Picapes mais vendidas: Strada e Hilux dominam em segmento que só cresce,5,37.390324,19.200644,False,False,False,False,False
736457,2024,"Hyundai lança Novo Creta 2025: veja o que muda, versões, equipamentos e preços",4,-12.638457,64.77673,False,False,False,False,True
723623,2024,Ford Everest no Brasil: veja o que sabemos do SUV da Ranger,0,-55.571194,28.13233,False,False,False,True,True
732203,2024,F1: Russell dá aula de estratégia mas é desclassificado,5,30.709856,-57.836025,False,False,False,False,False
714976,2024,Novo Renault Captur 2025 estreia facelift sem couro ou qualquer cromado,4,29.372587,-23.601992,True,True,False,True,False
744763,2024,Itália ensaia aproximação com Stellantis após saída de Carlos Tavares,5,24.52362,0.13605936,False,False,False,False,False
710618,2024,Estados Unidos também temem o fim dos carros baratos,5,4.506499,1.8016332,False,False,False,False,True
720422,2024,Honda lança a nova Elite 125 2025: veja o preço e o que muda,2,40.065586,44.353813,False,False,False,False,False
716621,2024,Chinesa GAC apresenta supercarro elétrico com mais de 1.000 cv,5,-3.9992776,-2.0602317,True,False,False,False,False
739335,2024,Carro da Xiaomi acaba de destruir um recorde da Porsche,5,-31.161379,-42.074833,True,False,False,False,False
709920,2024,Royal Enfield anuncia novas cores para Interceptor 650 e Continental GT 650,2,45.41178,33.314556,False,False,False,False,False
706643,2024,Concessionários da Chevrolet nos EUA querem carros híbridos nas lojas,5,-0.95381856,9.871783,True,True,False,False,False
721707,2024,Shineray lança rival da Honda Bros com preço de Biz: conheça a SHI 175s,2,39.20816,46.99137,False,False,False,False,False
713744,2024,Entrevista: Hyundai N seguirá produzindo esportivos com motores a combustão,5,-19.04442,59.01987,True,False,False,False,False
708176,2024,Audi RS6 quebra recorde e é flagrada a 272 km/h na França,5,-53.55718,-38.1767,False,False,False,False,False
707447,2024,Caoa Chery reduz preços na linha 2025 e Tiggo 5X agora custa R$ 114.990,4,-41.14716,-28.213951,False,False,True,False,True
737362,2024,Audi revela novo Q6 Sportback com até 635 km de autonomia,5,-53.72536,-34.39533,True,False,False,False,True
728892,2024,Toyota GR Corolla 2025 ganha opção de câmbio automático de 8 marchas,4,-15.478675,44.36856,False,False,False,False,False
742807,2024,BMW M2 vira viatura de polícia com 560 cv para promover segurança,3,-66.19104,-10.04002,False,False,False,False,False
745427,2024,VW fará Golf no México para abrir espaço a um novo hatch elétrico,0,-36.225426,28.221107,True,False,False,False,False
743495,2024,Hyundai Palisade 2026 chega com um detalhe da Kombi,0,-16.966116,65.16234,False,True,False,False,True
731334,2024,Caoa comprou robôs da Ford e ampliará produção em Anápolis (GO),5,-37.622417,-29.408388,False,False,False,False,False
740762,2024,Hatches em outubro: VW Polo lidera e City tem melhor resultado desde 2022,1,77.11925,-15.879187,True,True,False,False,False
725703,2024,BYD testa superesportivo elétrico U9 de 1.305 cv em Nürburgring,5,-25.160288,-17.46604,True,False,False,False,True
731680,2024,"Esperado no Brasil, novo VW Jetta GLI já é vendido no México",0,-28.498827,18.368711,False,False,False,False,False
743049,2024,Chevrolet lança o novo Equinox 2025; veja preços e versões,4,-36.00803,-6.8040285,False,False,False,False,True
739541,2024,CG 160 2025 marca 30 milhões de motos Honda fabricadas no Brasil,2,32.613552,49.59552,False,False,False,False,False
711052,2024,Picape Kia Tasman é confirmada em teaser e irá enfrentar Hilux e Ranger,0,-31.668377,55.76056,False,False,False,True,True
732229,2024,Ford Territory 2025 ganha partida remota e chega às lojas por R$ 212.000,4,-31.574924,-1.0398109,False,False,True,False,True
740053,2024,Novas Chevrolet S10 e Spin 2025 chegam à Argentina por até R$ 360.000,4,-4.4085417,27.07055,False,False,False,True,False
723220,2024,Dacia Bigster será 'super Duster' e tem estreia confirmada no fim do ano,0,25.088478,-29.606958,False,True,False,False,True
737508,2024,Mitsubishi Eclipse Cross ganha nova série especial Motorsports,4,12.457833,-30.441946,False,False,False,False,True
704819,2024,Lamborghini Urus Performante vira viatura da Polícia de Dubai,5,-5.836313,-15.200017,False,False,False,False,True
733066,2024,"No Brasil em 2025, Jaecoo J7 é lançado na Itália ao preço de R$ 210.000",4,-36.979263,-9.301362,False,False,False,False,True
737533,2024,BMW lança novos M3 Competition e M3 Competition Track no Brasil,3,-63.67862,-7.8046017,False,False,False,False,False
739929,2024,"Toyota Hilux Champ, versão barata da picape, já virou carro de corrida",0,-22.841257,44.32085,False,False,False,True,False
742587,2024,"VW insiste na China, renova parceria com SAIC e terá 18 novos carros",5,-13.971524,2.5964172,True,True,True,False,False
711241,2024,Renault Oroch Iconic é nova versão de topo com motor 1.6 por R$ 127.800,4,28.80642,-21.010967,False,False,False,False,False
734326,2024,"F1: Leclerc lidera TL2 de Baku, com Pérez 2º e Verstappen sexto",5,26.225462,-58.448654,False,False,False,False,False
707162,2024,Novo Toyota Corolla Cross 2025 reestilizado será revelado em fevereiro,0,-8.88853,43.970127,False,True,False,False,True
707213,2024,Hyundai faz promoção com bônus de até R$ 12.500 para Creta e HB20,4,10.795622,14.233669,False,False,False,False,False
743092,2024,Volkswagen Polo ganhará visual inspirado no Nivus em 2026; veja projeção,0,-27.683712,17.504683,True,True,False,False,False
721693,2024,"Promoção Jeep: Renegade, Compass e Commander até R$ 15,7 mil mais baratos",4,42.89888,-0.29090646,False,False,False,False,True
704863,2024,Vendas na quinzena: HB20 sai na frente em 2024; Haval H6 supera Renegade,5,37.34708,15.895777,False,True,False,False,True
703825,2024,"Parte 2: De Kia a Volvo, veja os principais lançamentos de 2024",0,-29.566479,-27.760897,True,True,False,False,True
727811,2024,Hyundai faz promoção e vende Creta Platinum de R$ 172.690 por R$ 159.390,4,-6.9567766,66.64144,False,False,False,False,True
719641,2024,Nova Chevrolet S10 2025: versão WT substitui LS e LT; veja tabela de preços,4,-2.9706912,28.08656,False,False,False,True,False
727306,2024,Projeção: próximo supercarro da BMW pode ficar assim,3,-64.59212,-16.535372,True,True,False,False,False
712687,2024,Fiat Titano parte de R$ 197.990 com desconto para Produtor Rural,4,14.7668705,21.406143,False,False,False,True,False
738673,2024,Antiga marca dos EUA ressurge para vender SUV e picape elétricos,0,-23.20851,-5.086356,True,False,False,False,True
712860,2024,"Carro híbrido-leve, convencional e plug-in: entenda a diferença",5,-22.822916,-15.687671,True,True,False,True,True
728554,2024,Novo Renault Duster já está no Brasil: veja o que sabemos,0,27.877707,-29.77778,True,True,False,False,True
720745,2024,Chevrolet Onix volta a ser produzido após paralisação por enchentes no RS,5,4.649445,10.75076,False,False,False,False,False
733230,2024,EUA querem mudar visual de utilitários por serem ameaça a pedestres,5,6.5099797,-6.752864,False,False,False,False,False
711719,2024,"BMW R 1300 GS, com preço partindo de R$ 100 mil, esgota pré-venda",3,-75.008095,-7.9706173,False,False,False,False,False
729706,2024,Ferrari: tudo o que sabemos do 1º elétrico da marca que chega em 2025,5,12.869591,-64.60792,True,True,False,False,True
734120,2024,Presidentes de Toyota e Hyundai se reunirão e podem discutir parceria,5,-18.420761,57.37458,False,False,False,False,True
740860,2024,"Volvo: XC90 com motor a gasolina segue em linha ""enquanto houver demanda''",5,-24.376228,-13.865437,True,True,False,True,True
741011,2024,Ford aumenta produção e contrata para fábrica da Ranger na Argentina,0,-56.942436,27.297617,False,True,False,False,True
727465,2024,Novas gerações de T-Cross e Virtus terão plataforma maior herdada do Golf 7,0,-23.29091,11.972859,False,True,False,False,True
720124,2024,Aston Martin quer fazer um SUV off-road para brigar com Land Rover Defender,5,-14.444218,-20.506474,True,True,False,False,True
706883,2024,Volkswagen confirma facelift do Taos para 2025; no Brasil será híbrido,0,-27.941162,17.351957,False,True,False,False,True
732844,2024,VW Taos continua em promoção com bônus de até R$ 14 mil,4,-19.126747,25.72036,False,False,False,False,True
722574,2024,Volkswagen estuda criar Golf R Clubsport como a versão definitiva do hatch,0,-34.800232,29.671146,False,False,False,False,False
740203,2024,Volkswagen Taos Highline 2024 tem promoção com R$ 26.000 de desconto,4,-19.277689,25.986124,False,True,False,False,False
735939,2024,Crise da Volkswagen pode paralisar mercado na Europa,5,0.5147912,-14.6992235,True,False,False,False,False
710776,2024,Novo Ford Mustang 2024 desembarca no Brasil na versão GT Performance,0,-51.59652,-1.5974905,False,False,False,False,False
728600,2024,V12 e manual: conheça a insanidade do Pagani Utopia Roadster,4,-14.041432,-15.310455,False,False,False,False,False
726151,2024,Subaru WRX Project Midnight tem motor de 680 cv e que gira até 9.500 rpm,5,-13.652219,-15.409101,False,False,False,False,False
719136,2024,Ford EcoSport terá nova geração na Europa com projeto cancelado no Brasil,0,-48.61659,10.649778,True,True,False,False,True
707014,2024,Oficial: nova BMW R 1300 GS será fabricada no Brasil em fevereiro,3,-75.015274,-8.532133,False,False,False,False,False
715908,2024,Picape anti-Hilux da BYD terá 480 cv e será a mais potente do Brasil,0,-35.621925,-18.708351,True,True,False,False,True
725571,2024,Nova Volkswagen Amarok 2025 é revelada e será lançada em agosto,0,-35.726994,14.088121,False,False,False,True,False
725574,2024,BMW X4 caminha para sair de linha sem ganhar nova geração; entenda,3,-63.615932,-17.369259,True,False,False,False,False
736238,2024,Nova geração Fiat Fastback será baseada no Panda europeu; veja projeção,0,29.14346,26.765446,True,True,False,False,False
721790,2024,Mazda estuda novo esportivo com motor Wankel: será a volta do RX-7?,5,-8.708312,-13.967501,True,True,False,False,False
717529,2024,Flagra: Skoda prepara SUV de entrada que será sucessor do Gol no Brasil,0,-25.933872,14.527812,True,True,False,False,True
736244,2024,"BMW investirá R$ 1,1 bilhão para novo modelo e eletrificados nacionais",3,-70.617584,-14.631748,True,True,False,False,True
740759,2024,Stellantis corta 400 funcionários e pode demitir mais em meio à crise,5,26.319231,-1.9460807,True,True,False,False,False
712115,2024,Nova Mitsubishi L200 Triton é registrada no Brasil e será nacional,0,8.493303,-32.463615,False,False,False,True,False
711764,2024,Hyundai Santa Cruz não vem ao Brasil por demanda nos Estados Unidos,0,-23.527622,62.463852,False,False,False,False,False
724377,2024,Itália multa marca por vender modelos chineses como italianos,5,-1.0547295,-15.180623,False,False,False,False,False
731377,2024,Hyundai Creta de 7 lugares ganha novo visual e seria bem-vindo no Brasil,0,-17.701216,68.58733,False,False,False,True,True
713340,2024,"Audi irá lançar os novos A5, Q5 e A6 e-tron ainda em 2024",5,-56.409668,-34.190426,True,True,False,True,True
729898,2024,"Lamborghini antecipa o Temerario, que será híbrido e terá 900 cv",0,-8.447561,-16.161522,True,True,False,False,False
710833,2024,Novo Panda 2025 adianta futuro do Argo e promete mudar tudo na Fiat,0,29.00054,26.606537,True,False,False,False,True
733934,2024,Nova Amarok: Projeto Patagonia une VW e SAIC para nova picape média,0,-37.153778,12.78355,False,False,False,True,False
719769,2024,Yamaha inaugura centro tecnológico em Jandira (SP),5,49.720943,42.218285,False,False,False,False,False
725958,2024,Sedãs em junho: Chevrolet Onix Plus lidera com folga entre os compactos,1,75.9374,-18.861282,False,False,False,False,False
727439,2024,Mercedes-Benz EQC saiu de linha há um ano e ninguém percebeu,5,-17.409037,-64.16376,True,False,False,False,True
717192,2024,Smart #5 Concept estreia na China como maior carro já feito pela marca,5,-17.68443,-7.0076776,True,False,False,False,True
744266,2024,Novos SUVs da Renault terão 'menos cara de SUV' a partir de 2028; entenda,0,22.4151,-29.910427,False,False,False,False,True
732197,2024,"""Um Golf será sempre um Golf, agora ou daqui a 20 anos"", diz designer",5,-35.269676,28.76311,True,False,False,False,False
729240,2024,Mitsubishi Pajero Full terá nova geração em 2026 como híbrido plug-in,0,10.603489,-36.52843,True,True,False,False,True
707993,2024,Vendas de picapes em janeiro: Chevrolet Silverado lidera entre as grandes,0,18.539091,37.961643,False,False,False,False,False
723753,2024,BYD Shark já circula em testes no Brasil e custará menos de R$ 300.000,4,-32.62964,-11.286377,True,True,False,False,True
704713,2024,Porsche cresce 61% no Brasil; 911 emplaca mais que o Honda Civic,5,-36.372364,-43.752316,False,True,False,False,False
731836,2024,F1: Norris aproveita safety car e vence GP de Miami,5,29.564013,-58.760006,False,False,False,False,False
707782,2024,Honda City Hatch 2024 ganha nova cara e mais equipamentos na Ásia,2,23.580719,60.02615,False,True,False,False,False
704649,2024,Novo VW Golf 2025 reestilizado será apresentado no dia 24 de janeiro,0,-35.413517,26.615309,True,True,False,True,False
707607,2024,Novo BMW Série 5 Touring tem tecnologias do sedã com charme de perua,3,-64.349045,-11.976038,True,True,False,True,False
744858,2024,Chevrolet Cruze sai de linha e tem adeus com título da Stock Car,5,0.92736036,15.099732,False,False,False,False,True
737363,2024,Citroën Basalt vai bem e alcança 4 estrelas em teste de segurança,5,38.566162,-36.969967,False,False,False,False,True
734340,2024,"No Brasil em 2025, Omoda C5 ganha novo visual no mercado internacional",0,-30.898617,-27.196653,False,True,False,False,True
737971,2024,Projeção: novo Chevrolet Corvette Zora terá 1.200 cv,0,-4.6122828,9.767116,True,True,False,False,False
737530,2024,GWM iniciará produção no Brasil em maio de 2025 e terá Haval H6 flex,5,-30.411184,-21.523928,True,True,False,False,True
742320,2024,Porsche manterá opções a combustão mesmo para carros elétricos,5,-35.78619,-42.317894,True,True,False,False,True
724326,2024,"Lancer Sportback pode voltar, mas será um Nissan Leaf da Mitsubishi",5,10.130739,-35.357006,False,True,False,False,True
715131,2024,Volkswagen é a fabricante oficial do Circuito Sertanejo 2024,0,-34.601,11.805962,False,False,False,True,False
741998,2024,Chevrolet lança a Silverado 2025 com item que a F-150 perdeu,4,-2.7281992,26.397102,False,False,False,False,False
743724,2024,"Em breve no Brasil, novo VW Tera é flagrado na Argentina",0,-25.532787,15.749951,False,False,False,False,True
736470,2024,Renault Kardian ganha opção de câmbio manual de 6 marchas,4,28.585695,-19.51273,False,False,False,False,True
743935,2024,Nissan Sentra 2025 tem 2º aumento de preço em dois meses,4,-4.539633,34.601906,False,False,True,False,False
744101,2024,Volkswagen considera transferir produção do Golf da Alemanha para o México,5,-37.80028,26.370642,False,True,False,False,False
717349,2024,BMW Série 4 Gran Coupé muda pouco para se manter atual,3,-64.86226,-11.621712,True,False,False,True,False
744575,2024,Toyota Hilux Rangga SUV leva 7 e é mais barato que o SW4,0,-23.196915,43.480312,False,False,False,True,True
736927,2024,Entrevista: VP Global de Design da Zeekr revela desafios de criar carros globais,5,0.65254205,-16.202812,True,False,True,False,False
723735,2024,Fiat Grande Panda tem interior revelado com painel de telas integradas,0,29.172176,26.787033,False,True,False,False,True
722259,2024,"Honda lança a nova XR 300L Tornado, que chega em julho",2,40.026123,44.964195,False,False,False,False,False
729225,2024,Caoa Chery Tiggo 8 reestilizado aparece em teaser com logo iluminado,0,-37.62507,-27.806673,False,True,False,False,True
725134,2024,"Novo Hyundai Palisade beberá na fonte do Santa Fe, mas será menos polêmico",0,-20.80786,66.03166,True,True,False,True,False
732236,2024,Novo Hyundai Palisade 2025 começa a chegar no Brasil,4,-16.255156,65.006874,True,False,False,False,True
737523,2024,"Anti-Compass da Renault tem motor HORSE, mas Brasil terá solução própria",0,26.083849,-29.962812,True,True,False,False,True
717314,2024,"Clone de Renault, novo Mitsubishi ASX 2024 ganha facelift na Europa",0,13.162325,-34.462433,True,True,False,False,True
742311,2024,Novo Land Rover Defender será o carro oficial do Rally Dakar,5,-16.442438,-32.100277,False,False,False,False,True
745059,2024,"""China está anos à frente em veículos elétricos"", diz ex-CEO da Stellantis",5,25.895721,-1.0390683,True,False,False,False,False
734164,2024,Projeto de lei quer obrigar montadoras a terem 'carros anfíbios' no Brasil,5,10.180504,-14.013137,False,False,False,False,False
722786,2024,Suzuki Jimny Sierra 2025 ganha versão 4You+ por R$ 179.990; veja tabela,4,6.5956535,51.333508,False,False,True,False,False
735228,2024,Novo VW Taos intensifica testes no Brasil e terá design do mexicano,0,-27.854746,15.064354,False,True,False,False,True
713503,2024,Audi celebra 30 anos de Brasil com RS6 Avant limitada a 15 unidades,5,-52.07625,-35.622204,True,False,False,False,False
732691,2024,"""Anti-Toro"" da Renault terá investimentos anunciados em breve",0,-7.9611974,-55.064445,False,False,False,False,False
712478,2024,"Jeep oferece até R$ 35.000 de desconto para Renegade, Compass e Commander",4,42.638714,-0.02219178,False,False,False,False,True
732155,2024,Stellantis rebate herdeiro e diz que Chrysler e Dodge não estão à venda,5,25.499697,-0.34651554,False,True,False,False,False
717685,2024,Audi apresenta os novos Q7 e Q8 híbridos plug-in com até 490 cv,4,-50.59975,-33.470135,True,True,False,False,False
729535,2024,Citroën C3 1.6 automático sai de linha; 1.0 turbo é esperado em breve,0,48.7882,-20.445053,False,False,False,False,True
703426,2024,Vendas no varejo em 2023: Hyundai Creta e Honda HR-V dominam nas lojas,2,37.625835,16.953411,False,False,False,False,False
742943,2024,BMW é a 1ª a montar híbrido plug-in no Brasil com o novo X5 PHEV,3,-62.392517,-12.211227,True,True,False,False,True
738213,2024,Novo Citroën C5 Aircross: projeção revela versão final do primo do Compass,0,42.695297,-19.559526,True,True,False,False,False
728858,2024,VW Transporter T7: nova Kombi é turca e fabricada na Ford,0,-25.789696,4.20206,True,True,False,True,False
727894,2024,Fiat Mobi tem promoção com desconto de R$ 9 mil; veja o preço,4,14.919577,19.128063,False,False,False,False,False
742744,2024,Nova Dakota vem aí? Ram confirma picape acima da Rampage para 2025,0,14.31543,42.067223,True,True,False,False,False
731977,2024,F1: Marko 'faz campanha' para Lawson no lugar de Ricciardo,5,24.043259,-54.98055,False,False,False,False,False
733233,2024,Ford Mustang: vendas disparam após fim dos rivais Camaro e Challenger,5,-51.04199,1.0527487,False,False,False,False,False
704071,2024,Fiat Argo e Cronos começam 2024 com preços até R$ 4.000 mais caros,4,16.524538,23.087618,False,False,False,False,False
722521,2024,Volkswagen investe bilhões para melhorar seus motores a combustão,5,4.6477976,-22.32848,True,False,False,False,False
711534,2024,Stellantis prepara investimento de R$ 2 bilhões para a Argentina,5,22.278477,6.6481166,False,False,False,False,False
724539,2024,"Em breve no Brasil, novo Peugeot 208 é flagrado sem disfarces na Argentina",0,19.864847,7.944908,False,False,False,False,False
744065,2024,Saveiro dispara e BYD Shark vai mal: as picapes mais vendidas de novembro,1,80.23788,-13.966444,False,False,False,False,False
715340,2024,JAC Hunter já está homologada e lançamento será em junho ou julho,0,-34.171265,-19.611715,False,True,False,True,True
717914,2024,Omoda/Jaecoo e Caoa preparam reabertura da fábrica em Jacareí (SP),5,-33.853954,-27.099035,False,True,False,False,False
715160,2024,"VW tem descontos de até R$ 67 mil para Amarok, Polo Track e Saveiro",4,-19.50472,23.116367,False,False,False,True,False
731202,2024,Montadoras europeias não cumprem metas de emissões e podem ser multadas,5,5.2583156,-20.780777,True,True,False,True,False
732211,2024,"John Deere apresenta novidades para 2025, incluindo pulverizadores",4,-29.298431,-4.04174,False,False,False,False,False
721942,2024,Argentina em maio: 208 lidera em Cruze é 6º mesmo fora de linha,5,41.97981,11.5776205,False,False,False,False,False
712112,2024,Greve no Ibama deixa 30.000 carros importados à espera de licença ambiental,5,-10.585149,-0.7572126,True,True,False,False,True
737125,2024,Reino Unido: Kia Sportage lidera vendas pela 4ª vez em cinco meses,1,64.16138,-0.8232422,True,False,False,False,True
707292,2024,McLaren MP4/4 de Ayrton Senna vira Lego com homenagem ao piloto brasileiro,5,19.494484,-52.662052,False,False,False,False,False
731994,2024,F1: Russell faz a pole em casa e lidera primeira fila da Mercedes,5,28.279024,-57.134815,False,False,False,False,False
736314,2024,Ford lança Ranger Black 2025 com motor 2.0 turbodiesel por R$ 219.990,4,-52.215073,25.59955,False,False,False,True,False
704852,2024,Novo VW Magotan aparece na China e é o Passat que ninguém mais pode ter,0,-24.935797,5.0097904,False,False,False,False,False
712984,2024,Toyota começa a registrar Hilux de R$ 64 mil no Brasil,0,-23.114101,43.53503,False,False,False,True,False
728411,2024,Volkswagen Golf atual pode seguir em linha por mais 10 anos,5,-35.795643,28.45542,False,False,False,False,True
731229,2024,Encontro celebra os 60 anos do Ford Mustang no Dream Car Museum,5,-51.679543,-0.76763034,False,False,False,False,False
705789,2024,Novo VW Golf 2024 foca em motores híbridos e versão GTI de até 300 cv,0,-35.13248,30.560644,True,True,False,True,False
731642,2024,Jeep está de olho em SUV mais barato com base do Citroën C3,0,36.51057,-9.865446,False,False,False,False,True
708874,2024,Fiat Argo Drive 2024 é ofertado em promoção com R$ 4.500 de desconto,4,16.155968,20.420496,False,False,False,False,False
707609,2024,Novo Mini Cooper mantém motores 1.5 e 2.0 turbo vivos em nova geração,4,-44.212704,-11.082885,True,False,False,False,False
735748,2024,Volvo pede à Europa que mantenha prazo para fim do motor a combustão,5,4.305625,-21.5749,True,True,False,True,False
738016,2024,Oficial: nova BYD Shark tem os preços revelados,4,-32.40461,-11.343782,True,True,False,False,False
728087,2024,"Renegade 1.3 Turbo ou T-Cross Sense: PcD ou não, o que cada um traz?",4,42.75154,-2.5285978,False,False,False,False,True
731862,2024,F1: Norris bate Verstappen no fim e crava pole para GP da Espanha,5,30.426079,-58.247814,False,False,False,False,False
736908,2024,"""Será uma picape emocionante"", diz Nissan sobre nova Frontier",0,-7.4641156,-52.28336,True,True,False,True,False
736743,2024,Híbridos da Stellantis chegam em novembro; veja o que sabemos,5,22.160986,-1.5614419,True,True,False,True,False
719648,2024,De baterias a carros: a evolução da BYD em menos de 30 anos,5,-34.42588,-14.828339,True,False,False,False,False
717510,2024,Novo Toyota Corolla Cross XR 2025 vira prioridade para vendas diretas,4,-6.276286,36.472786,False,False,False,False,True
743496,2024,Honda lança a nova ADV 160 2025: veja o preço e o que muda,2,38.612442,45.489414,False,False,False,False,False
721291,2024,Volkswagen lança série especial Rock in Rio para o Polo: veja o que muda,4,-18.630487,18.104227,False,False,False,False,False
739777,2024,Novo VW Tayron: o que sabemos sobre o substituto do Tiguan no Brasil,0,-34.665157,-7.788667,False,True,False,True,True
730159,2024,Ford Bronco Sport terá novo visual revelado no dia 26 de agosto,0,-62.381382,13.454687,False,False,False,False,True
735273,2024,SUV da Chevrolet leva nota zero em teste de segurança e GM se explica,5,38.92124,-37.87312,False,False,False,False,True
718467,2024,"De olho no DCT da Honda, BMW lança sistema de embreagem automática",2,-13.359992,-2.1435704,False,False,False,False,False
736618,2024,Jeep Commander 2025 recebe aumentos de até R$ 3.000 no preço,4,45.024292,-2.0714874,False,False,False,True,True
742199,2024,Jeep desiste do Cherokee elétrico e lançará nova geração híbrida,0,34.465317,-8.229098,False,True,False,False,True
731857,2024,"F1: Russell e Verstappen 'empatam', mas inglês conquista pole",5,29.673712,-58.391174,False,False,False,False,False
722533,2024,Novo Mercedes-AMG GLC 43 4Matic Coupé chega ao Brasil por R$ 695.000,4,-25.16633,-63.16686,False,True,False,False,False
711273,2024,Fiat 500 Tributo Trepiuno celebra 20 anos do conceito como edição especial,5,26.362291,23.465654,False,False,False,False,False
737975,2024,"Aos 25 anos, Porsche 911 GT3 2025 chega mais potente e caro",5,-33.317677,-45.588295,False,True,False,False,False
715347,2024,"Jeep dará garantia de 1 ano para Compass, Commander e Renegade usados",5,38.67833,-3.1702049,False,False,False,False,True
713497,2024,Novo motor seis-em-linha da Ram é mais econômico que V8 (mas não muito),4,10.5469,39.39636,False,False,False,False,False
737488,2024,Novo Aston Martin homenageia 007 com ouro de verdade,5,-13.695991,-16.355247,False,False,False,False,False
711714,2024,Picapes mais vendidas: Ram Rampage ultrapassa Chevrolet Montana em fevereiro,5,37.390614,19.229828,False,False,False,False,False
724666,2024,Volkswagen tem Polo Track com R$ 6.300 de desconto ou parcelas de R$ 990,4,-17.403803,25.302105,False,False,False,False,False
741887,2024,Segredo: Hyundai e Chevrolet trabalham juntas em picapes para o Brasil,5,1.528684,10.305096,False,False,False,False,False
717495,2024,F1: Chassi de Albon muda rota e é enviado para Inglaterra para reparos,5,20.56646,-53.886185,False,False,False,False,False
705742,2024,"Governo dará R$ 300 bi para renovar indústria, incluindo a automotiva",5,6.0035906,-17.375387,False,True,False,False,False
732192,2024,"VÍDEO F1 - Verstappen para Hamilton: ""Conversamos depois""",5,27.715603,-57.420174,False,False,False,False,False
744552,2024,"VW teria desistido de vender fábricas, segundo imprensa alemã",5,-12.165771,4.7941356,False,False,False,False,True
729420,2024,Nova VW Amarok 2025 será apenas V6 no Brasil; apresentação na semana que vem,0,-36.039055,14.723351,False,False,False,True,False
737367,2024,Fazer 250 marca 5 milhões de motos Yamaha feitas no Brasil,2,49.25625,42.01677,True,False,False,False,False
729704,2024,Nissan Versa 2025 tem aumento de preço em quase toda linha; veja tabela,4,-4.781245,-43.145615,False,False,False,False,False
764013,2025,"Novo Fiat Fastback 2026 é lançado: veja versões, equipamentos e preços",4,22.130058,28.98166,False,True,False,False,True
762281,2025,Ferrari Purosangue que viajava de Ushuaia ao Alasca sofre acidente no Peru,5,15.694776,-60.06595,False,False,False,False,True
760969,2025,Yamaha lança a nova XMax 300 no Brasil; veja preço e equipamentos,2,45.841686,43.712036,False,False,False,False,False
756972,2025,Fiat Fastback Hybrid 2025 está saindo por preço de Pulse em abril,4,20.205782,29.157465,True,True,True,False,True
762436,2025,GM estuda trazer Cadillac e GMC ao Brasil em 2026,0,-28.575861,-8.175781,True,False,False,False,True
754193,2025,Jaecoo 7 trará Sistema Super Híbrido com consumo de até 50 km/l,5,-29.66555,-24.796677,True,True,False,False,True
757519,2025,Conheça a picape chinesa que dará origem à nova VW Amarok,0,-37.713963,12.297177,False,False,False,True,False
759563,2025,"Nissan apelará para grande nome do passado, mas há um porém",0,6.644307,-41.888065,True,True,False,False,True
777117,2025,Best Of The Best 2025: Motor1.com Brasil anuncia prêmio para eleger destaques do ano,5,0.26829588,-6.09393,False,True,False,False,False
755544,2025,Este é o último VW Golf GTI com câmbio manual no mundo,0,-33.268955,27.584677,True,True,False,False,True
766372,2025,Ford prepara volta de carros pequenos na Europa após queda nas vendas,5,-48.97108,7.2805967,True,False,False,False,True
753771,2025,Fiat Mobi sobe de preço e já passa dos R$ 80 mil; veja a tabela,4,24.904333,49.20504,False,False,False,False,True
777634,2025,Omoda-Jaecoo confirma fábrica no Brasil: meta de 50 mil carros/ano em 2026,5,-31.505117,-26.558588,True,True,False,False,False
760210,2025,"Citroën C3 Aircross 7Feel T200 AT 2026: ponto a ponto, como é?",4,47.83878,-17.644285,False,False,False,False,True
779211,2025,GM a fornecedores: 'evitem peças chinesas',5,0.72490656,8.854413,True,False,False,False,False
761250,2025,Polo líder e Compass ameaça Corola Cross: os mais vendidos no final de maio,1,71.300415,21.153553,False,False,False,False,False
758115,2025,Estes foram os carros blindados mais buscados de 2025,5,-17.253918,35.66876,False,False,False,False,False
782580,2025,Nissan NX8 é novo SUV elétrico com extensor de autonomia que pode ser lançado no Brasil,0,-2.9953918,-45.5581,True,True,False,False,True
758739,2025,Novo Jeep Compass 2026: compare o SUV atual com a nova geração,0,39.324722,-7.3341465,True,True,False,False,True
757931,2025,Chevrolet S10 2026 fica mais segura e equipada,4,-2.8338664,26.990192,False,False,False,True,False
778419,2025,Cobertura de US$ 30 milhões tem Pagani Utopia como opcional,5,-8.444836,-9.909586,False,False,False,False,False
752917,2025,BYD terá picape para brigar com Fiat Toro e Ford Maverick; veja flagra,0,-35.61268,-18.664415,True,True,False,False,True
771191,2025,"Fora das pistas, Daniel Ricciardo quer R$ 17,6 mi em seu Aston Martin 2023",5,19.161734,-52.594864,False,True,False,False,False
762981,2025,"Nissan lança o novo Kicks 2026; veja os preços, equipamentos e versões",4,-5.3100834,-49.222065,False,False,False,False,True
767359,2025,"Lançado em 2022, Fiat Fastback chega às 150 mil unidades fabricadas",4,22.809095,28.15906,True,True,False,False,True
769152,2025,"Recém-chegado ao Brasil, Mustang Dark Horse ganha versão Shelby de 861 cv",4,-50.60244,-2.157207,False,False,False,False,False
749485,2025,Veja quais foram os 100 carros mais vendidos da Europa em 2024,1,62.328514,-4.0382676,False,True,False,False,False
776742,2025,Novo BYD Yuan Pro híbrido DM-i chega em 2026 com até 1.020 km de alcance,4,-31.438717,-14.413048,True,True,False,False,True
751342,2025,Chevrolet Tracker deixará de ser produzido na China,0,5.0336585,12.40296,True,True,False,False,True
760215,2025,"Antes de inagurar fábrica, BYD chega a 180 concessionárias no Brasil",5,-34.31075,-15.774142,True,True,False,False,False
782715,2025,BYD cria óleo exclusivo para híbridos plug-in com a Mobil,5,-33.821457,-14.765469,True,True,False,False,False
774244,2025,Yamaha registra scooter de R$ 8 mil com motor de NMax no Brasil,2,48.495964,43.112373,False,False,False,False,False
758082,2025,"Parcial abril: Polo líder, Corolla Cross em destaque e pódio disputado",1,71.103386,20.67201,False,False,False,False,False
781877,2025,Veja o quanto você vai pagar de IPVA em SP em 2026,5,12.498593,-5.787852,True,True,False,False,False
772922,2025,No vermelho: VW pode não conseguir para bancar novo Golf elétrico,0,-36.978752,27.439732,True,True,False,False,True
780478,2025,Contran aprova CNH sem autoescola; veja como fica processo,5,11.75559,-10.834196,False,False,True,False,False
770947,2025,Audi Concept C: o futuro visual dos modelos da marca começa agora,5,-57.296688,-35.007416,True,False,False,False,False
753487,2025,SUVs compactos: veja o ranking de mais vendidos em fevereiro,1,75.16923,-6.588367,False,False,False,False,True
760587,2025,Porsche 718 Boxster e Cayman a gasolina saem de linha em outubro,5,-35.65966,-42.230633,True,True,False,False,True
751217,2025,Mitsubishi Outlander ganha cara mais off-road com série especial,4,10.905061,-33.752876,True,False,False,False,False
750839,2025,Toyota despenca e BYD é vice: os SUVs médios mais vendidos de janeiro,1,77.28922,-20.756235,False,False,False,False,True
773705,2025,"Villeneuve detona Antonelli: ""Talvez a F1 seja demais para ele""",5,22.347187,-55.028053,False,False,False,False,False
752418,2025,Novo Jeep Compass aparece em teaser com nova plataforma,0,38.145172,-8.059565,False,True,False,False,True
779088,2025,Vimos a Volkswagen destruir um Tera para mostrar como se faz um carro 5 estrelas,5,38.285603,-36.00497,False,False,False,False,True
751761,2025,Audi mostra primeira foto da nova A6 Avant,5,-56.095795,-33.945145,True,False,False,False,False
750034,2025,Chevrolet deixará de oferecer Blazer a combustão em 2025,5,-1.633883,13.308839,True,False,False,False,True
774637,2025,Chevrolet Tracker 2026 tem o preço reduzido em até R$ 15 mil; veja a tabela,4,-1.782034,30.832165,False,False,False,False,True
752800,2025,Projeção: como o novo BMW M5 2027 ficará ao estilo Neue Klasse?,3,-63.76653,-15.092503,True,False,False,False,False
767215,2025,Flagra: Renault Duster de nova geração é visto em testes; será que vem?,0,27.93024,-29.845875,True,True,False,False,True
754002,2025,"BMW X3, Hyundai Inster e Kia EV3 são os finalistas do World Car Awards 2025",5,-6.0945344,-21.684809,True,False,False,False,True
754282,2025,Flagra: nova Chevrolet Silverado 2027 terá detalhe de Blazer,0,-4.2372437,23.458515,False,False,False,False,True
750390,2025,"Chefão da VW entrega visual final do Nivus GTS, que chega ""em breve""",0,-25.502176,17.495373,False,False,False,False,True
770684,2025,Novo Renault Clio 2026 será revelado em Munique com design mais ousado,0,23.971134,-28.752098,True,True,False,True,False
775891,2025,99 sai do ar e empresa corre para desmentir boatos sobre seu fechamento,5,2.4213107,-8.31194,False,False,False,False,False
764575,2025,CAOA Chery Tiggo 5X 2026 chega mais equipado e mantém preço,4,-41.619656,-26.839153,False,True,False,False,False
782751,2025,Fim do carro popular nos EUA: e o Brasil chegou lá antes,5,2.6582031,-46.2382,True,False,False,False,False
752841,2025,Oficial: Ford confirma novo Bronco Sport 2025 para o Brasil,0,-63.03872,13.524697,False,False,False,False,True
781017,2025,Audi celebra 50 anos de seu motor de 5 cilindros,4,-51.742573,-34.727207,False,False,False,False,False
754707,2025,Veja como declarar seu carro no Imposto de Renda 2025,5,13.483668,-4.874437,False,False,False,False,True
759330,2025,GAC mostra rival para BYD Shark; marca já tem data para estrear no Brasil,5,-33.565624,-18.978853,False,True,False,False,False
772355,2025,"Com chegada do iOS 26, Apple atualiza Carplay; veja todas as novidades",5,4.2649093,-3.3192601,False,False,False,False,False
758758,2025,Jeep Commander diesel tem unidades 2024 com desconto de R$ 60 mil,4,40.041985,1.2999496,False,False,False,True,True
748824,2025,VW oferece Polo Rock in Rio mais barato que Track em promoção,4,-18.986849,22.181149,False,False,False,False,False
782882,2025,"Indústria automotiva da China cresce, mas lucra só R$ 11 mil por carro",5,36.33077,9.233264,True,True,False,False,False
755187,2025,"Fora do site, Fiat Pulse T200 dá adeus ao mercado brasileiro",4,22.844637,27.884604,True,True,False,False,True
782264,2025,Fim da linha? Forza Motorsport deixará de receber atualizações,5,20.95574,-46.69067,False,False,False,False,False
762267,2025,Novo Audi A3 Sportback 2025 chega aos país por R$ 324.990,4,-51.0307,-37.44433,False,False,False,False,False
761681,2025,Argentinos voltam a ter Toyota Hilux GR-Sport com spoiler,0,-20.62934,44.228962,False,False,False,False,False
755166,2025,"Nissan não terá ""Duster"" no Brasil por mudanças com a Renault",0,2.840432,-50.800106,True,True,False,False,True
769335,2025,VW Taos 2025 é oferecido com R$ 20 mil de desconto antes da reestilização,4,-19.716192,25.94359,False,False,False,False,True
754754,2025,Análise: a VW deveria fazer um Fusca elétrico?,5,-22.09321,2.5099235,True,False,False,False,True
746439,2025,Volkswagen T-Cross começa 2025 com aumento de até R$ 3.800; veja tabela,4,-21.902248,20.385645,False,False,False,False,True
774271,2025,CEO da Ford é mais um a dizer não ao novo Apple Carplay Ultra,5,3.9194717,-3.1647737,False,False,False,False,False
781169,2025,Estas são as 10 motos e marcas mais vendidas do Brasil em 2025 até agora,2,49.337364,17.549421,False,False,False,False,False
752582,2025,"Perto de mudar, Fiat Argo chega a 550 mil unidades vendidas",0,26.468845,26.974934,False,False,False,False,False
766986,2025,Novo Dodge Charger a gasolina ronca mais do que esperávamos,0,-11.260209,-12.339161,False,False,False,False,False
748969,2025,"Fiat Grande Panda, que pode suceder o Argo, terá versão 4x4",0,27.44627,24.944092,True,True,False,False,False
771178,2025,Picape mais barata da Toyota chega em 2027: o que já sabemos?,0,-24.991108,43.592556,True,True,False,False,True
769839,2025,Flagra: GAC GS3 se aproxima do lançamento e preço pode partir de R$ 130 mil,4,-26.120272,-7.6062446,True,True,False,False,True
753728,2025,Alguém encontrou dois Escort Cosworth apodrecendo num celeiro,2,30.885357,56.704704,False,False,False,False,True
759232,2025,Vendas de hatches derretem quase 20% em abril; VW Polo lidera,1,77.416565,-16.187408,False,False,False,False,False
779875,2025,"Hyundai anuncia garantia 'de 0km' para HB20, Creta e Tucson seminovos",5,-11.024574,68.44203,False,False,False,False,False
747436,2025,Porsche abre pré-venda do Panamera Turbo E e S Hybrid 2025 no Brasil,4,-31.026312,-47.71968,True,True,False,False,False
776211,2025,Nissan mantém domínio com o Versa e puxa alta no mercado do México,1,67.98478,0.2893043,False,False,False,False,False
780851,2025,"Europa muda de ideia e não proibirá motores a combustão, mas há um porém",5,4.5984693,-21.412247,True,True,False,True,False
776961,2025,BMW já sente impacto da nova crise dos chips na Europa,5,-9.302657,3.0320477,False,False,False,False,False
765670,2025,Cadillac Lyriq e Optiq aparecem no Brasil antes da chegada da marca,5,-28.69485,-8.785811,True,False,False,False,False
773502,2025,"F1: Com Max punido, Piastri vence na Espanha; Bortoleto é 12º",5,29.984592,-57.717243,False,False,False,False,False
753206,2025,Toyota Corolla Cross 2026 encosta nos R$ 220 mil com novo aumento,4,-2.3802927,37.06571,True,True,False,False,True
761100,2025,Bajaj lançará moto ainda mais barata no Brasil em junho; veja qual é,2,42.86938,38.053284,False,False,False,False,False
771347,2025,Compass Sport 2026 tem R$ 20 mil de desconto com usado na troca,4,43.279507,-1.2719626,False,False,False,False,True
762760,2025,O estranho conceito que deu origem ao Toyota RAV4,5,-15.416213,42.017338,False,True,False,False,True
773313,2025,F1: Bortoleto traça paralelo com Russell e início difícil,5,21.538853,-53.46903,False,False,False,False,False
782274,2025,SP aprova IPVA zero a motos de até 180 cilindradas em tempo recorde,5,17.350882,-9.972641,False,False,False,False,False
780618,2025,CAOA Chery já exibe o novo Tiggo 5X 2027 em seu site oficial,0,-38.84416,-28.20385,False,True,False,False,True
757763,2025,"Novo VW Polo 2026: preços, versões e equipamentos",4,-22.318342,23.305237,False,False,False,False,True
752704,2025,Nova Chevrolet Silverado 2027 é flagrada rodando nos EUA,0,-3.7994235,23.666315,False,True,False,False,False
749128,2025,Nova geração do Apple CarPlay atrasa e não tem data de lançamento,5,4.440966,-3.306439,False,False,False,False,False
755305,2025,Projeto quer liberar picapes em transporte turístico e fretado,5,11.342357,-12.657675,True,True,False,False,True
748697,2025,Peugeot 208 está saindo por preço de Kwid e Mobi em promoção,4,14.624111,13.999412,False,False,False,False,False
758313,2025,Novo Aston Martin DBX S tem 727 cv e mira na Ferrari Purosangue,4,-15.493193,-17.637074,False,False,False,False,True
778897,2025,Conceitos esquecidos: VW quase teve SUV da Amarok para rivalizar com SW4,0,-36.798134,11.952161,False,False,False,True,True
775878,2025,"'Fala, OTTO!': VW estreia a primeira IA automotiva feita no Brasil",5,-19.470034,6.529895,False,False,False,False,False
773454,2025,Mercedes-Benz Sprinter pode ganhar câmbio automático já em 2026,5,-16.003887,-61.163643,True,False,False,False,False
752312,2025,VW: carros icônicos não se tornarão SUVs,5,-18.500479,0.7079876,True,False,False,False,True
752306,2025,"KTM não irá falir, mas ninguém sabe quem a salvou",5,19.409037,-8.744866,False,False,False,False,False
757263,2025,Novo Fiat Cronos 2026 é lançado na Argentina com quatro airbags,0,20.354435,25.137173,False,False,False,False,False
772778,2025,Ford Bronco Sport recebe o primeiro reajuste de preço da linha 2025,4,-63.393814,13.124605,False,False,False,False,True
782471,2025,Nem o apelo da Kombi salvou: VW ID. Buzz vai sair de linha nos EUA,5,-21.543348,2.3358052,False,True,False,False,False
774858,2025,Fim dos carros a combustão? Itália e Alemanha dizem 'ainda não',5,5.007891,-19.13455,True,True,False,False,False
758317,2025,Nova tecnologia da ZF mostra que o motor a combustão ainda tem futuro,5,-24.003704,-15.588035,True,True,False,False,False
767045,2025,Tarifaço: EUA aceitam diminuir taxas sobre carros importados do Japão,5,1.0927739,6.4570775,False,False,False,False,True
746948,2025,Renault mostra interior do novo Twingo E-Tech,0,22.623995,-27.209185,False,False,False,False,False
749578,2025,Flagra: Ford Maverick reestilizada aparece no Brasil,0,-58.07543,22.015518,True,True,False,False,False
770928,2025,Honda lança a CG 160 2026: veja os preços e o que muda,2,35.94253,45.24581,False,False,False,False,False
746637,2025,"Renegade, Compass e Commander ficaram mais fracos em 2025",4,40.09364,-4.3992686,False,False,False,False,False
746791,2025,Mustang Mach-E vendeu mais o que Mustang a gasolina em 2024,5,-52.020573,-0.74779606,True,False,False,False,True
758312,2025,Ford pode trazer de volta o Fiesta com ajuda da Volkswagen,5,-48.681202,6.832383,True,False,False,False,False
765347,2025,Oficial: Renault Boreal é revelado apostando em tecnologia e luxo,4,20.438147,-32.482296,True,True,True,False,True
779424,2025,Oficial: nova geração da Nissan Frontier é uma Triton rebatizada,0,6.6301975,-37.157173,False,False,False,True,False
781876,2025,Como a Bajaj saiu do zero e virou a 6ª maior marca do Brasil em 3 anos?,5,43.584427,20.549686,False,False,False,False,False
746970,2025,Citroën C3 e Aircross 2025/2025 chegam às lojas mais equipados,4,46.473526,-17.296364,False,False,False,False,True
750805,2025,"Flagra: novo SUV médio da Renault, rival de Compass, aparece novamente",0,25.576797,-28.78426,False,True,False,False,True
773727,2025,"F1: 'Erros de Piastri mostram que carro não é fácil', diz Norris",5,25.553415,-55.40166,False,False,False,False,False
765781,2025,Oferta: Jeep tem bônus especial de até R$ 36 mil em julho,4,42.882816,0.13520575,False,False,False,False,True
778220,2025,Ford Maverick Hybrid 2025 ganha tração integral e mantém preço de R$ 239 mil,4,-58.49094,21.312866,True,True,False,False,True
770368,2025,"""Inatingíveis"": montadoras disparam contra regras de emissões da Europa",5,5.574642,-19.713568,True,False,False,False,False
766418,2025,SUVs dominam o top 3 no Reino Unido com liderança do Nissan Qashqai,1,64.227325,-0.365021,False,False,False,False,False
761258,2025,"Picape elétrica da Geely, Riddara ganha versão híbrida plug-in",4,-31.880177,-11.026038,True,True,False,False,False
758223,2025,Carros feitos na China para a China: os 10 mais curiosos de Xangai,5,-1.3366281,-22.861544,True,True,False,False,True
766207,2025,Flagra: inédito Nissan Kait começa a perder camuflagens,0,2.2298265,-50.17381,False,False,False,False,True
755197,2025,Novo Mini Cooper S Cabrio 2026 chega ao Brasil por R$ 319.990,4,-43.95,-10.802033,True,True,False,False,True
747885,2025,GWM Tank 300 é flagrado e deve ser lançado em abril no Brasil,0,-30.329231,-19.313387,True,True,False,False,True
783141,2025,"No Brasil em 2026, Honda Prelude não terá versão Type R como o Civic; entenda",2,27.537304,56.82494,False,True,False,False,False
781322,2025,Citroën C3 chega às 100 mil unidades feitas no Brasil desde 2003,0,48.622086,-20.221668,False,False,False,False,True
756398,2025,"Tera causará dança das cadeiras na VW, afetando T-Cross, Polo e Virtus",4,-22.580143,18.36495,False,False,False,False,True
782248,2025,BYD registra perua Seal 06 com 2.000 km de autonomia no Brasil,4,-32.398354,-12.777465,True,True,True,False,False
760840,2025,Flagra: Chevrolet Tracker 2026 reestilizado perde disfarces,0,3.4166484,29.288103,True,True,False,False,True
771328,2025,"Honda Prelude, cupê baseado no Civic, ganha nova geração",2,28.280106,57.229527,True,True,True,False,False
770592,2025,Honda lança a nova PCX 160 2026: veja os preços e o que muda,2,39.093548,46.055195,False,False,False,False,False
748148,2025,"Graças ao Brasil, Fiat foi a marca mais vendida da Stellantis no mundo",5,32.881313,16.239922,False,False,False,False,False
762914,2025,Brasil já tem Harley-Davidson feita especialmente para a última viagem,5,45.14209,29.259329,False,False,False,False,False
761876,2025,Honda diz que foi forçada a acabar com o Civic Type R na Europa,2,27.140343,56.18784,False,False,False,False,False
777099,2025,Triumph quer lançar 29 motos nos próximos 6 meses,5,43.359413,31.41213,False,False,False,False,False
781980,2025,Arrizo em Le Mans? Chery quer entrar nas corridas de Endurance até 2030,5,-2.068953,-13.234506,False,True,False,False,False
757981,2025,Flagra: VW já distribui o Nivus GTS para as concessionárias,0,-25.261232,17.426355,False,False,False,False,True
772886,2025,"Disfarçada de Tiguan, nova picape da VW pode chegar até 2028 já híbrida",0,-34.99449,9.278294,True,True,False,False,True
770343,2025,Alemães destroem VW Golf clássico para mostrar insegurança de carros velhos,5,-32.65584,29.33764,False,False,False,False,False
763732,2025,Electric Days: Hyundai exibe Nexo e Ioniq 5 no Rio de Janeiro,5,-17.941177,60.26586,True,False,False,False,True
748953,2025,Renault oferece Oroch com desconto de até R$ 13 mil no preço,4,12.482301,15.167011,False,False,False,False,False
770149,2025,Flagra: Toyota já testa nova geração do RAV4 no Brasil,0,-10.848229,40.348015,True,True,False,False,True
752733,2025,BMW oferece F 900 R com R$ 16 mil de desconto no preço,3,-76.40201,-7.6500793,False,False,False,False,False
774033,2025,Oficial: novo Jeep Avenger será feito na fábrica da Citroën,0,36.973904,-9.575383,True,True,False,False,True
774723,2025,Vendas diretas em setembro: VW Tera lidera entre os SUVs,1,79.98007,9.688159,False,False,False,False,False
753893,2025,Novo Honda HR-V 2025 híbrido parte de R$ 215 mil na Europa,2,28.220135,60.61065,True,True,False,False,True
776012,2025,Scania inaugura megafábrica na China e reforça presença na Ásia,5,-8.906391,0.36642185,False,False,False,True,False
777621,2025,Volvo recua: motores a combustão terão vida mais longa até 2030,5,2.7067406,-22.42973,True,True,False,True,True
761033,2025,Moto Morini chega ao Brasil com 3 motos e preços partindo de R$ 45.990,2,43.924446,37.93226,False,False,False,False,False
746907,2025,Quando volta o rodízio veicular de São Paulo (SP) em 2025?,5,12.782485,-8.199978,False,False,False,False,False
756962,2025,Vendas em abril: VW Polo líder e Toyota Corolla Cross em alta,1,70.98418,20.817244,False,False,False,False,False
769832,2025,BYD decepciona lojistas em pesquisa; GWM perde apenas para a BMW,5,10.393596,-3.009733,False,False,False,False,False
762290,2025,Novo Audi Q3 será revelado em 16 de junho; veja as primeiras imagens,0,-55.46748,-33.382626,True,True,False,False,True
768065,2025,SUV híbrido da GWM estreia com visual que lembra o Tank 300,0,-29.930069,-18.572792,True,True,False,False,True
762538,2025,Renault vende Kardian turbo por preço de VW Tera aspirado,4,16.815882,16.485994,False,False,False,False,True
771598,2025,Próximo BMW Série 3 elétrico chega em 2026 com 800 km de autonomia,3,-64.592865,-15.985634,True,False,False,False,True
763866,2025,Electric Days: HORSE apresenta extensor de alcance com motor de Kardian,5,-23.928558,-15.311516,True,False,False,True,False
778640,2025,Novo SUV do Chevrolet Onix aparece sem disfarce,0,4.0874324,28.418385,False,False,False,False,True
779705,2025,Nova Toyota Hilux já virou carro de rali para o Dakar 2026,0,-21.603357,44.703926,False,False,False,False,False
771428,2025,Novo Porsche 911 Turbo S é híbrido e o mais potente da história,4,-32.565735,-48.179367,True,True,False,False,False
750504,2025,Como a GM fez do Corsa um sucesso mundial sem querer,0,0.9216814,15.275683,False,False,False,False,False
752143,2025,"Honda Bros da Argentina, XR 150L 2025 é mais fraca e custa R$ 28 mil",2,32.01029,47.83411,False,False,False,False,False
775644,2025,F1: Russell é pole em Singapura; Bortoleto é 14º,5,28.97225,-58.20804,False,False,False,False,False
762874,2025,Efeito Tera faz VW Polo custar o mesmo que Renault Kwid em junho,4,-18.02829,23.007383,False,False,False,False,True
760352,2025,Nova Ford F-150 Tremor 2026 chega ao Brasil por R$ 580 mil,4,-55.841022,20.885017,False,False,True,False,False
760622,2025,GAC estreia no Brasil com 5 modelos eletrificados; veja versões e preços,4,-29.417112,-11.598406,True,True,True,False,True
746344,2025,SP divulga valores de IPVA 2025: mais caro chega a R$ 500 mil,5,11.962698,-4.2046165,False,False,False,False,False
772023,2025,"Ford Focus pode retornar, mas será mais um SUV",0,-50.97494,8.088989,True,True,False,False,True
768456,2025,Flagra: Peugeot acelera testes do 2008 Hybrid antes do lançamento,0,21.349144,10.9723625,True,True,False,False,True
757216,2025,Hennessey acaba de lançar o carro a combustão mais potente do mundo,5,-12.951034,-16.30593,False,False,False,False,False
779595,2025,Denza anuncia chegada ao Brasil e estreia com SUV híbrido B5,5,-33.161755,-16.324295,True,True,False,False,True
773469,2025,BMW R 1300 RT 2026 será produzida no Brasil e entra em pré-venda,3,-74.40007,-7.5347867,False,False,False,False,False
754376,2025,Bugatti Tourbillon terá pacote com 8 ponteiras de escapamento,2,-8.225972,-4.358464,True,True,False,False,True
756958,2025,HORSE apresenta conceito de motor híbrido que pode ser usado em elétricos,5,-24.030588,-15.401252,True,True,False,False,False
748677,2025,Novo Volkswagen T-Roc 2026: veja em projeção como ficará o SUV do Golf,0,-26.220037,7.858519,True,True,False,False,True
756708,2025,Novo Nissan Kicks 2026 já é feito no Brasil e marca fala em novo SUV,0,2.3340416,-50.16697,False,False,False,False,True
746626,2025,Golf no México e mais: os pseudo-alemães da Volkswagen,5,-37.85301,26.345604,True,False,False,False,True
747310,2025,Fiat argentina confirma reestilização de Toro e Cronos,0,18.135664,35.782925,False,False,False,True,True
769063,2025,Vendas em queda: o que está acontecendo na Stellantis?,5,25.904982,-1.788279,True,False,False,False,True
780622,2025,"Porsche volta a fabricar tecidos clássicos, mas atualizados",5,-35.136745,-44.538567,False,False,False,False,False
779886,2025,Novo Fiat 500 híbrido pode ter adiantado mecânica do sucessor do Argo,0,27.74338,25.47152,True,True,False,False,False
770944,2025,VW Polo vira elétrico com versão GTI; combustão ainda segue em linha,0,-24.136583,2.329943,True,False,False,False,True
753300,2025,Jeep Compass Sport 2025  tem desconto de R$ 32 mil e taxa zero,4,42.799026,0.21377091,False,False,False,False,True
750967,2025,"Carlos Miranda, o eterno Vigilante Rodoviário, morre aos 91 anos",5,-1.33006,-9.732784,False,False,False,False,False
781274,2025,Oficial: Renault fabricará carros para a Ford na Europa,5,-49.226063,7.6937094,True,False,False,False,False
752177,2025,Aston Martin Cygnet V8: mini carro de 436 cv baseado no Toyota iQ,5,-13.782244,-16.590391,False,False,False,False,False
763148,2025,"Com Captiva elétrico confirmado, Chevrolet pode trazer versão híbrida",0,-29.29047,-8.837386,True,True,False,False,True
758775,2025,Veja quais foram os 50 carros mais vendidos do Brasil em abril,1,82.50363,6.6686134,False,False,False,False,False
782031,2025,Ford celebra 30 anos da Ranger no Brasil; relembre sua história,0,-55.223766,29.309137,True,True,True,True,False
755717,2025,Veja os automóveis mais vendidos em diretas em março; Kicks é destaque,1,80.09532,9.714689,True,True,False,False,True
748314,2025,"Nos EUA, Stellantis está otimista com liberdade após saída de CEO",5,26.91825,-1.3979433,False,False,False,False,True
753475,2025,Furo global? Novo (e limitado) BMW Skytop é registrado no Brasil,3,-65.90968,-11.316273,False,False,False,False,True
758598,2025,Marca de elétricos da VW usará motores a gasolina nos EUA,5,-24.222128,-2.018329,True,False,False,False,True
748038,2025,"BMW lançará 7 motos no Brasil em 2025, começando pela R 1300 GSA",3,-74.48134,-8.776177,False,False,False,False,False
761407,2025,Bajaj anuncia mudanças na Dominar 400 e não aumenta preços,2,41.11838,34.240734,False,False,False,False,False
746638,2025,Vendas em 2024: Renault passa Jeep e BYD entra no Top 10,1,72.92266,-5.576715,False,False,False,False,False
778353,2025,Promessas do Salão: Lifan 320 era cópia assumida do Mini,5,-37.642365,-7.0505424,False,False,False,False,True
770477,2025,T-Roc usou antigo truque do Golf para ser híbrido e impactará novo T-Cross,0,-32.840652,21.597982,True,True,False,False,True
761018,2025,GM vai investir mais de R$ 5 bilhões para manter V8 vivo,5,-1.2878721,8.262963,True,False,False,False,False
756858,2025,Alfa Romeo troca de logotipo para celebrar 115 anos,5,-9.732705,-7.060515,False,False,False,False,False
782374,2025,"Oficial: nova picape da Ram para os EUA será a Dakota, mas não a nossa",0,14.125923,41.774017,False,True,False,True,False
766902,2025,Conceitos esquecidos: o Mini original quase foi assim,5,-12.567539,-26.857536,False,False,False,False,False
756139,2025,Bentley se rende ao híbrido e apresenta carros com 80 km de autonomia elétrica,5,-16.426933,-19.452812,True,True,False,False,False
774809,2025,"Afinal, o que querem dizer P, R, N e D no câmbio do seu carro?",4,-3.815793,-18.160223,False,True,False,False,False
767190,2025,Chevrolet lança nova Montana 2026 com painel de Tracker; veja os preços,4,-1.3699875,27.24244,False,False,False,False,True
777950,2025,Ford Territory híbrido chega à Argentina por menos que o nosso a combustão,4,-28.222567,-11.129617,True,True,True,False,True
778863,2025,"Jeep Wrangler V8 não vai a lugar algum, afirma a marca",4,34.637688,-3.5138233,False,False,False,False,True
758753,2025,Flagra: Ford Territory 2026 poderá trazer inédita versão híbrida contra BYD,0,-54.205456,15.097108,True,True,False,False,True
777760,2025,Nissan fechará fábrica no México e afetará o Mercedes-Benz GLB,5,-10.542252,-55.548706,True,True,False,False,True
752012,2025,BYD Denza B5 desembarca no Brasil; veja o que sabemos,4,-28.33481,-13.404785,True,True,False,False,True
754598,2025,"Em breve brasileiro, Jeep Avenger vira híbrido na Europa",4,38.85458,-6.0185475,True,True,False,False,True
748688,2025,VW Amarok 2025 tem desconto de R$ 39 mil no preço,4,-19.571844,23.237648,False,False,False,True,False
748707,2025,VW T-Cross Highline 2025 tem desconto de R$ 11 mil no preço,4,-18.642206,25.150398,False,False,False,False,True
758716,2025,Stellantis suspendeu desenvolvimento do novo Jeep Compass para os EUA,5,37.24666,-7.5759583,True,True,False,False,True
771220,2025,Estes foram os carros que mais dependeram de vendas diretas em agosto,1,80.374695,9.689309,False,False,False,False,False
778102,2025,Mercedes-Benz CLA ganha versões híbridas na Europa,4,-24.164194,-65.32415,True,True,False,False,False
749228,2025,Veja quais foram os carros mais vendidos da Alemanha em 2024,1,61.188896,-3.9313388,False,False,False,False,False
764305,2025,Venda de inverno no Carde: museu promove leilões de carros antigos e arte,5,2.5643425,-27.635023,False,True,False,False,False
781522,2025,Omoda & Jaecoo confirma motor flex nacional para 2027 e Omoda 4 para 2026,4,-30.784462,-26.187605,True,True,False,False,True
771590,2025,Honda perde participação entre as motos e vendas de 0km caem em agosto,2,47.57606,17.043854,False,False,False,False,False
751731,2025,Mercedes-Benz admite: telas gigantes não são sinônimo de luxo,5,-18.18241,-61.764137,True,False,False,False,True
762891,2025,Foton Tunland é picape híbrida com preços partindo de R$ 279.990,4,-36.948772,-8.274217,True,True,False,True,False
760856,2025,"Dúvida no Brasil, Suzuki Jimny ganha versão de 4 portas na América Latina",0,4.0005307,54.050262,False,True,False,False,True
756694,2025,"Parece brinquedo, mas este carro supera os de Fórmula 1",5,-17.532665,-15.928555,False,False,False,False,False
767724,2025,Nova Fiat Toro 2026 tem as primeiras imagens oficiais reveladas,0,22.049948,32.60037,False,True,False,False,False
748337,2025,Ford desaba 17% na Europa após fim do Fiesta e prepara volta do EcoSport,0,-48.786335,9.131608,True,False,False,False,True
782422,2025,Novo esportivo elétrico da Jaguar terá mais de 1.000 cv,5,-12.617843,-24.210016,True,False,False,False,False
780005,2025,SBM 600: nova custom da Shineray chega ao Brasil com 56 cv,2,42.77834,38.6042,False,False,False,False,False
763191,2025,"Antes do lançamento, Fiat Fastback 2026 aparece com mudanças e teto panorâmico",4,22.314945,29.058996,True,True,False,False,True
764835,2025,Ford nega ter dado Ranger Raptor para dono que saltou dunas,0,-52.879166,27.408394,False,False,False,False,False
756593,2025,"Stellantis: parceria com Sem Parar para tags em Fiat, Jeep e mais",5,14.524999,-0.36683422,False,False,False,False,False
768826,2025,Save the wagons? Audi RS6 Avant nunca vendeu tanto,0,-52.673714,-31.856478,True,True,False,False,False
769146,2025,GWM inaugura fábrica no Brasil e terá mais 3 lançamentos em 2025,5,-30.573895,-21.302649,True,True,False,True,True
760031,2025,Chevrolet S10 2026 está até R$ 10 mil mais cara; veja versões e preços,4,-3.529483,28.354218,False,False,False,True,False
769056,2025,"VW Argentina escolheu preço, não segurança, para o Tera",0,-20.939592,10.339033,False,False,False,False,True
772897,2025,"Polo do Leste Europeu, Skoda Fabia muda em 2026 e pode ganhar versão RS",0,-26.747454,18.011026,False,True,False,False,False
758258,2025,VW Nivus GTS ou Fiat Fastback Abarth: qual SUV esportivo levar para casa?,4,23.222118,30.527504,False,False,True,False,True
767012,2025,"Projeção: Bentley vai ""baixar o nível"" e ter SUV compacto",0,-8.686239,-18.508137,True,False,False,False,True
765941,2025,Mercedes-Benz apresenta a CLA Shooting Brake 2026  com 761 km de autonomia,4,-24.910793,-67.61712,True,True,False,False,False
778121,2025,Google Maps vai “enxergar” a estrada com os radares do seu carro,5,5.0645494,-4.552138,True,False,False,False,False
753050,2025,Oficial: Royal Himalayan 450 2025 chega ao Brasil por R$ 29.990,4,44.17385,38.365314,True,True,False,False,True
751903,2025,Fiat Toro 2024 sobra nas concessionárias e tem bônus especial,4,18.218592,34.704685,False,False,False,True,False
751996,2025,VW Tera: novo rival de Pulse e Kardian tem mais imagens reveladas,0,-25.40485,15.781718,False,False,False,False,True
779852,2025,Nova Mitsubishi Triton Savana 2026 é limitada e custa R$ 349.990,4,11.541652,-29.869322,False,False,True,True,False
772719,2025,"CEO da Renault Argentina: 'se o carro lhe parece caro, provavelmente você não é público-alvo'",5,18.85177,-17.462461,False,False,False,False,False
750330,2025,Flagra: Fiat Argo será reestilizado para seguir no mercado,0,26.370161,27.304338,False,False,False,False,False
781639,2025,Nova Yamaha R15 2026 é lançada; veja o preço e o que muda,2,45.796368,44.497986,False,False,False,False,False
778969,2025,E se a nova Toyota Corolla Fielder 2026 fosse assim?,0,-11.848181,41.97418,True,True,False,False,False
753461,2025,Honda anuncia chegada de nova Hornet e mais 3 lançamentos para 2025,2,34.163166,51.68975,False,False,False,False,True
779411,2025,"Nissan: ''vamos ter novo GT-R, só não sabemos como'",5,1.1061547,-46.953674,True,True,False,False,False
749735,2025,SUV da Hilux se aproxima de R$ 500 mil após novo reajuste,4,-5.088882,35.521,False,False,False,True,True
770949,2025,BMW aposta na eletrificação enquanto Tesla enfrenta queda na Europa,3,-64.21041,-17.20905,True,False,False,False,True
756333,2025,Veja quais foram os hatches mais vendidos do Brasil em março,1,77.1906,-16.19182,False,False,False,False,False
757001,2025,"Toyota GR Corolla 2025 perderá versão, mas terá câmbio automático",4,-15.716082,44.27575,False,False,False,False,False
748577,2025,Veja quais foram os carros mais vendidos do Reino Unido em 2024,1,64.12817,-0.4457144,False,False,False,False,False
750791,2025,Projeção: Mercedes-AMG de 1.000 cv chegará em breve,5,-23.81792,-61.338478,True,False,False,False,False
777642,2025,Fiat Doblò faz 25 anos: o carro “feio” que virou sucesso no Brasil,5,25.0383,22.569391,False,False,False,True,False
756997,2025,"Não, o Audi R8 não irá voltar ao mercado",0,-34.583954,28.779228,False,True,False,False,False
773112,2025,"Miura do Zico: 45 anos depois, um carro reencontra seu primeiro dono",5,3.4080684,-12.965853,False,False,False,False,False
748041,2025,Ford Everest é lançado na Argentina com motor de 300 cv do Mustang,4,-52.761105,22.130135,False,False,True,True,True
762400,2025,Flagra: novo Chevrolet Tracker 2026 já está indo para as lojas,0,3.126408,29.555273,True,True,False,False,True
771734,2025,Ferrari Testarossa está de volta com 1.050 cv e três motores elétricos,5,15.726532,-63.95384,True,True,False,False,False
778365,2025,F1: Norris domina e é o pole da sprint do GP de São Paulo; Bortoleto larga em 14º,5,29.016684,-57.880234,False,False,False,False,False
761874,2025,Brasil foi o segundo país que mais comprou picapes no mundo,5,34.904583,10.453487,False,True,False,False,False
776259,2025,F1: Verstappen se impõe e é pole sprint em Austin; Bortoleto é 20,5,30.12819,-57.1656,False,False,False,False,False
768210,2025,Efeito Haval H6? CAOA Chery reduz preços do Tiggo 8 Pro em R$ 10 mil,4,-41.378117,-27.816479,True,True,False,False,True
756886,2025,"AUDI, não Audi, mostra teaser de seu 1º carro",5,-57.443237,-35.649372,True,False,False,False,False
759185,2025,T-Cross lidera e Tracker vai mal: os SUVs mais vendidos de abril,1,75.064926,-6.651789,False,False,False,False,False
763607,2025,VW Tera rouba clientes de hatches e empurra vendas até do Nivus nas lojas,5,-12.899394,8.955354,False,False,False,False,True
775906,2025,Você sabe por que o Brasil voltará a produzir quase 2 milhões de motos?,5,46.525154,16.093803,False,False,False,False,False
749145,2025,Forza Horizon 5 deixa de ser exclusivo do Xbox e vai para o PS5,5,-3.3377388,-8.127419,False,False,False,False,False
773686,2025,F1 - Norris detalha passo a passo de largada ruim na Hungria,5,25.802864,-55.784584,False,False,False,False,False
769319,2025,Oficial: Citroën ressuscitará versão aventureira XTR para C3 e Aircross,0,48.276237,-19.88122,True,False,False,False,True
758599,2025,Jeep lança Novo Compass 2026; SUV fica maior com opções híbridas e elétrica,0,39.215515,-7.001736,True,True,False,False,True
766106,2025,BEXP inaugura loja Porsche Approved com esportivos seminovos,5,-35.513996,-44.477158,True,True,False,False,False
777218,2025,"Uber recua e Citroën Basalt volta a ser aceito no Black, mas há um porém",5,1.1305909,-8.004822,False,False,False,False,True
779009,2025,SUV da Chery tentou - e não conseguiu - copiar a subida de escada viral do Range Rover,5,-14.533244,-32.176666,False,True,False,False,True
759358,2025,Nissan pode ter que demitir 1 em cada 7 funcionários no mundo,5,3.8194375,-45.32187,False,False,False,False,True
760040,2025,Nova Fiat Titano 2026 tem versões reveladas na Argentina,4,25.110615,15.643241,False,False,False,True,False
772001,2025,Novo Nissan Sentra 2026 é revelado antes da hora,0,-0.7666678,-49.429306,True,True,False,False,False
751995,2025,Navio da BYD chega ao Brasil com mais 5.524 carros da China,5,-34.10957,-14.875337,True,True,False,False,False
762399,2025,GWM confirma picape Poer e Haval H9 nacionais para setembro,0,-31.14682,-20.277056,False,True,False,True,True
750526,2025,Bomba: Renault negocia produção de carros chineses da Geely no Brasil,5,20.16064,-29.956894,True,False,False,False,True
764401,2025,Prepare o bolso! A maior coleção de McLaren do mundo está à venda,5,20.327457,-53.2201,False,False,False,False,False
781668,2025,"Este 911 especial faz homenagem a Ferry Porsche, 'pai' do esportivo",5,-35.411846,-45.318314,False,False,False,False,False
778744,2025,Chevrolet Sonic: marca resgata nome do passado para SUV do Onix,0,4.1809425,28.487843,False,False,False,False,True
760030,2025,Toyota falou com a Nissan após fusão fracassada com a Honda,5,4.039353,-44.399197,True,True,False,False,False
773674,2025,Forza Horizon 6 leva série para o Japão e chegará também ao PS5,5,-3.6425889,-7.820233,False,False,False,False,False
782002,2025,General Motors vai oferecer streaming gratuito no lugar do Carplay,5,4.796028,4.429256,True,False,False,False,False
749006,2025,Novo Mustang com câmbio manual terá apenas 200 unidades no Brasil,0,-51.146915,-1.5411404,False,True,False,False,True
759942,2025,Flagra: Kia Tasman é flagrada no Brasil e pode brigar com Ranger e cia,0,-31.670296,56.25511,False,False,False,True,False
771233,2025,Confira o consumo do novo Peugeot 208 GT T200 Hybrid 2026,4,12.948293,6.565053,False,True,False,False,True
750386,2025,"Salão do Automóvel: palco de CES, 1 milhão de visitantes e test-drive indoor",5,-3.810647,-27.390743,False,True,False,False,False
749690,2025,Nissan do Brasil exportará para mais de 20 países e monitora EUA,5,3.7756884,-45.39368,False,False,False,False,False
776004,2025,VW Tera já é o 2º carro mais vendido do Brasil em outubro; veja a lista,1,71.38321,21.030256,False,False,False,False,False
765947,2025,"Para PcD, Nissan Sentra pode sair mais barato que o Kicks 2026",4,-3.3656754,-47.9893,False,False,True,False,True
755630,2025,Aston Martin DB7 de Elton John procura um novo dono,5,-14.436091,-16.227251,True,True,False,False,True
767175,2025,Nova Fiat Toro 2026 se aproxima do lançamento após flagra sem camuflagens,0,21.928524,32.693592,False,True,False,False,False
769162,2025,Jeep quer mais V8 nos SUVs após elétricos patinarem,5,27.78809,-2.1860101,False,False,False,False,True
773591,2025,"F1: Bortoleto prevê classificação ""apertada"" no Canadá",5,21.054253,-53.940575,False,False,False,False,False
754832,2025,Aston Martin revela o Vanquish Volante 2026,5,-13.29571,-17.37811,False,False,False,False,True
760858,2025,"Fiat revela preços do novo Pulse 2026, que fica mais barato que o VW Tera",4,21.703602,28.61309,False,True,False,False,True
773128,2025,Reino Unido: Jaecoo 7 entra no top 10 pela 1ª vez em agosto,1,64.28052,-0.03564534,True,False,False,False,False
751916,2025,Mini jipe da Toyota pode atrasar; veja o que sabemos,0,-16.922272,46.73651,True,True,False,False,True
771607,2025,Chevrolet Spark EUV será montado no Brasil em ex-fábrica da Troller,4,-29.269419,-8.225354,True,False,False,False,True
756250,2025,Chineses criam cópia bizarra da VW Kombi com motor PHEV,5,-28.12814,-15.960327,True,True,False,False,False
779317,2025,Novos Jaecoo 5 e 8 serão lançados no Brasil em 2026,5,-31.044449,-26.090044,True,True,False,False,True
776055,2025,Veja os BMW de luxo que o Real Madrid vai usar em 2025,4,-26.881918,-11.404623,True,True,False,False,False
778078,2025,Esse conceito será a inspiração do novo Peugeot 208,0,18.191017,5.997457,False,False,False,False,False
747545,2025,Fiat Strada líder e Chevrolet Tracker em destaque: mais vendidos na quinzena,1,70.83702,20.04475,False,False,False,False,False
770768,2025,Audi confirma novos Q5 e Q5 Sportback no Brasil ainda em 2025,0,-53.66061,-33.79506,True,True,False,False,False
761295,2025,Honda confirma novas Hornet 750 e Transalp 750 para o brasil,2,36.34882,48.721813,False,False,False,False,False
771586,2025,Novo Renault Clio 2026 ganha cara nova e será último hatch a combustão da francesa,4,19.797312,-26.39129,True,True,False,True,False
752918,2025,Novo VW Nivus GTS aparece para o grande público pela primeira vez,0,-25.605059,17.591173,True,True,False,False,True
759884,2025,"Renault desmente fusão com Stellantis, mas quer ""salvar carro europeu""",5,9.305325,-21.880306,True,True,False,False,False
779425,2025,Toyota lança novo Yaris Cross no Brasil com preços entre R$ 161.390 e R$ 189.990,4,-7.5049076,42.296623,True,True,False,False,True
749424,2025,Citroën C3 vs Fiat Panda: veja o que cada um oferece,0,29.798664,25.746918,True,True,False,False,False
749482,2025,Hyundai HB20 fica mais caro e sedã já passa dos R$ 130 mil,4,-5.339217,63.62525,False,False,True,False,True
772308,2025,Flagra: SUV do Onix começa a perder camuflagem e terá toque de Equinox,0,4.2550125,28.486708,False,False,False,False,True
776159,2025,Rival da Toyota para Bronco Sport vai ser apresentado ainda este mês,0,-16.96859,46.85439,False,True,False,True,True
747600,2025,Omoda & Jaecoo inaugura sede e abre vagas em SP,5,-31.210049,-26.669727,False,True,False,False,True
746754,2025,Novo Bigster chega à Alemanha mais barato que o T-Cross,0,25.864166,-29.869091,True,True,False,True,True
765030,2025,M1 nas lojas: BYD Song Pro 2026 recebe ADAS mais completo e cor preta,4,-32.140594,-15.45225,True,True,True,False,True
771373,2025,Varejo em agosto: Hyundai Creta lidera pelo 3º mês consecutivo,1,81.52638,7.478621,True,False,False,False,False
756739,2025,VW Tera 2026 ganha série especial The Town antes do lançamento,4,-25.112156,15.950126,False,False,False,False,True
773627,2025,"F1 - Horner: Se Verstappen sair, iremos atrás do Piastri",5,25.275555,-55.614872,False,False,False,False,False
780352,2025,Honda aposta no motor 1.5 aspirado por confiabilidade e normas futuras,2,30.245918,55.4695,False,False,False,False,False
780230,2025,"Flagra: SUV do Onix, Chevrolet Sonic está prestes a ser lançado",0,3.9605162,28.531725,False,False,False,False,True
763025,2025,Nissan Kicks vs. Kicks Play: veja o que muda entre as gerações,0,-5.181183,-49.390343,False,False,True,False,True
751440,2025,Por que Elon Musk está de olho nas fábricas da Nissan?,5,5.2903004,-43.003582,True,False,False,False,False
763487,2025,Flagra: Fiat Fastback 2026 manterá versão mais potente,0,22.798756,29.020302,False,True,False,False,True
779977,2025,Não curte carro elétrico ou marcas chinesas? O Salão também tem clássicos...,5,-16.227726,-16.595161,True,False,False,False,False
777313,2025,Nissan Kait: primeira imagem oficial do SUV nacional é revelada,0,2.6916127,-49.685097,False,False,False,False,True
761336,2025,Hyundai está trabalhando em picape média para rivalizar com Hilux,0,-29.597563,57.16492,True,True,False,True,False
760047,2025,Chevrolet Spin 2026 ganha versão PcD por R$ 119.900,4,-2.7263396,29.654108,False,False,False,False,False
779073,2025,Como assim? A Porsche comprou uma BMW para esconder seu primeiro carro com motor dianteiro,5,-32.295025,-42.054874,False,False,False,False,False
753768,2025,"Flagra: VW Tera 2025 terá versão turbo com calotas, a Comfort",4,-24.72171,18.233143,False,False,False,False,True
771741,2025,Mercedes-Benz: SUV menor da marca não será apenas um mini-Classe G,0,-16.810665,-66.14735,False,False,False,False,True
749241,2025,Novo VW Nivus GTS aparece sem camuflagem e pode chegar em breve,0,-25.50257,17.426727,False,False,False,False,True
774057,2025,Suzuki muda seu logotipo e a culpa é dos celulares; entenda,0,4.078278,53.99251,True,False,False,False,True
755502,2025,Novo Jeep Compass 2026 já está na fábrica; veja o que sabemos,0,38.001377,-8.057304,True,True,False,False,True
758914,2025,Segredo mundial: Nissan Kait é o nome do inédito SUV brasileiro,0,2.2798069,-50.02668,False,False,False,False,True
782445,2025,Novo BMW iX3 esgota quase toda a produção europeia de 2026,3,-70.36088,-14.508094,False,True,False,True,False
757226,2025,Primo do VW Jetta aparece de cara nova na China,0,-24.67427,5.169285,False,False,False,False,True
781292,2025,Kei cars: Trump abre caminho para a chegada de minicarros japoneses aos EUA,5,1.1244414,5.7393484,False,True,False,False,False
754057,2025,Toyota inaugura na Europa fábrica que produz e recicla veículos,5,1.9796464,42.556854,False,True,False,False,True
771082,2025,Novo Omoda 5 híbrido tem mais detalhes revelados e chega até dezembro,0,-30.656202,-26.16005,True,True,False,False,True
748856,2025,BMW vai acabar com painéis de grandes telas e adotar nova abordagem,3,-66.00028,-16.964634,False,False,False,False,False
751424,2025,Omoda & Jaecoo anuncia lojas e vendas no Brasil começam até março,5,-31.396055,-26.881382,False,False,False,False,False
763967,2025,Novo BMW Série 3 2026 chega com novidade e marco histórico,3,-64.17588,-6.7427707,True,True,False,False,True
778524,2025,Bajaj passa de 3.000 motos vendidas em um mês pela primeira vez,5,43.825405,20.2595,False,False,False,False,False
758728,2025,Audi apresenta os novos A6 Sedan e Avant híbridos plug-in; veja o que muda,4,-50.807476,-33.318478,True,True,False,False,False
757412,2025,Fiat Idea: amassados que contam histórias em uma relíquia do Papa Francisco,5,25.141418,22.363964,False,False,False,False,False
771321,2025,"SUV mais luxuoso da Mercedes-Benz, Classe G vai ganhar versão sem teto",0,-17.394194,-66.408936,False,False,False,False,True
752059,2025,Linha Ford Tremor de picapes é confirmada para o Brasil em 2025,0,-53.690605,25.047335,False,False,False,False,False
778850,2025,Hatches em outubro: Fiat Argo e Hyundai HB20 deixam VW Polo para trás,1,77.20043,-16.305437,False,False,False,False,False
771187,2025,M1 Numbers: o mundo está comprando mais carros 4x4 do que nunca,5,1.630399,-4.2818847,False,False,False,False,False
779871,2025,Grande Panda vai abrir lançamentos da Fiat em 2026 como sucessor do Argo,0,28.538227,25.879995,True,True,False,False,True
762141,2025,"Com meses de atraso, picape da Foton começa a ser distribuída no Brasil",0,-56.896,20.78657,True,True,True,True,False
761457,2025,Energy Summit e Electric Days trazem mobilidade em debate na transição energética,5,8.432191,-18.246702,True,True,False,False,False
753941,2025,"The Grand Tour não vai retornar, mas já se prepara algo novo",5,-0.8551926,-78.36003,False,False,False,False,True
767460,2025,"BYD ataca VW, GM, Stellantis e Toyota em carta: ""dinossauros gritam""",5,-10.666648,-1.001882,False,False,False,False,False
752799,2025,Hyundai Santa Fe é o melhor carro do mundo de acordo com as mulheres,5,-18.048473,59.008717,False,True,False,False,True
762147,2025,Oficial: novo Chevrolet Tracker será fabricado na Argentina,5,3.8941178,13.188064,False,False,False,False,True
778319,2025,Triumph tem promoção com taxa zero para suas motos em novembro,5,12.417542,13.699375,False,False,False,False,False
762862,2025,"Flagra: Fiat 500 híbrido, que terá motor de Mobi, é visto em testes",0,27.737133,25.374743,False,True,False,False,False
770803,2025,"História: há 35 anos, Fiat Mille marcava início dos populares 1.0",5,25.15207,22.862785,False,False,False,False,False
756351,2025,Mustang GTD volta a Nürburgring como o mais rápido da história,5,-49.015003,-3.3055322,False,False,False,False,False
761878,2025,"Análise: emblema ""Símbolo de Protesto"" da Ram para o V8 é ridículo e genial",5,12.756294,39.876102,False,False,False,False,False
756706,2025,Lada Niva vira motorhome e custa menos que um T-Cross,5,-11.893591,-15.761109,False,False,False,False,False
750044,2025,Ford diz que perderá bilhões com carros elétricos em 2025,5,-49.420563,6.2076936,True,True,False,False,True
761591,2025,"BMW registra R 1300 RT e R 12 G/S no Brasil, mas têm chances para cá?",3,-74.338394,-8.378141,False,False,False,False,False
759572,2025,Os 13 segredos da Fiat Titano fabricada na Argentina,5,25.20481,15.577869,False,False,False,True,False
774550,2025,"Chery articula até três fábricas no Brasil para Omoda, Jaecoo e Jetour",5,-33.82923,-27.083918,True,True,False,False,True
749859,2025,Situação financeira da Mitsubishi não está nada bem,5,8.315141,-35.56057,False,False,False,False,False
747453,2025,Fiat Argo 2025 aumenta de preço e parte de R$ 90 mil,4,15.80498,24.148527,False,False,True,False,False
749718,2025,"Ferrari revelará seis novos carros em 2025, incluindo elétrico",5,12.833061,-64.362755,True,True,False,False,True
776005,2025,Ram confirma nova picape média nos EUA com produção em 2028,0,14.046953,41.59109,True,False,False,False,True
766432,2025,VW Gol e Fiat Strada soberanos: confira usados mais vendidos em junho,1,74.714264,17.950207,False,False,False,False,False
777791,2025,Fiat oferece Fastback em versões Hybrid com desconto de R$ 25 mil,4,20.251392,29.172974,True,True,False,False,True
774827,2025,O fim do Kia Soul: como o carro mais excêntrico da Kia fez história,5,-40.16407,51.845314,True,False,False,False,True
764862,2025,Veja quais foram os carros mais vendidos do Brasil no 1º semestre,1,82.61009,6.5019403,False,False,False,False,False
781703,2025,BYD dispara e bagunça ranking dos SUVs mais vendidos em novembro,1,77.25679,-20.526707,False,False,False,False,False
754699,2025,"Teaser mostra novo Nissan Sentra, já visto no Brasil e que chega em 2025",2,0.045345943,-49.12159,True,False,False,False,True
779743,2025,Caoa Chery exibe a picape Himla no Salão de SP e estuda lançamento no Brasil,0,-36.325832,-22.2948,True,True,False,False,False
781435,2025,Carros elétricos com extensor de autonomia: o que são e por que estão crescendo?,5,1.8577255,-22.41568,True,True,False,False,False
775002,2025,Hatches em setembro: Renault Kwid supera Fiat Mobi entre modelos mais baratos,1,77.30503,-16.176306,False,False,False,False,False
772876,2025,"Fiat lança plano de assinatura para Fastback, Strada e mais partindo de R$ 1.723 ao mês",4,-22.678768,-10.245582,False,False,True,False,False
764715,2025,Flagra: Nissan acelera testes do novo Sentra 2026,0,-0.2622594,-49.620308,True,True,False,False,False
756407,2025,"T-Cross, Nivus e Virtus perdem revisões grátis na linha 2026",4,-22.398506,17.820116,False,False,False,False,True
780885,2025,Vazou: novo Nissan Versa 2027 vai ganhar visual de Kait,0,0.08636738,-49.92007,False,False,False,False,False
776622,2025,Europa estuda CNH aos 17 anos; funcionaria no Brasil?,5,10.042331,-11.080789,False,False,False,False,False
751918,2025,Grupo Geely já vende SUV híbrido com 1.100 km de autonomia,0,-27.146786,-13.053078,False,True,False,False,True
764006,2025,"Koenigsegg lança Jesko Sadair’s Spear, sua versão mais rápida",5,-14.187985,-15.001498,False,False,False,False,False
755300,2025,"Petrobrás reduz preço do diesel em R$ 0,17 por litro",5,23.12786,-9.435294,True,True,False,True,True
769867,2025,Agora vai! Novo VW Golf GTI começa a ser vendido no Brasil em setembro,4,-32.397484,28.437502,False,False,True,False,False
754135,2025,"Chegando ao Brasil em abril, GWM Tank 300 2026 já pode ser reservado",4,-29.091938,-18.6641,True,True,False,False,True
758265,2025,Nova BMW R 1300 RT estreia mais potente e tem chances para o Brasil,3,-74.10232,-7.5095916,False,False,False,False,False
754565,2025,"Esperado no Brasil, novo Nissan Kicks foi o SUV mais vendido no México",1,68.08812,0.24678461,False,False,False,False,True
770790,2025,Novo Kia Stonic 2026 tem cara de carro elétrico em mudança profunda,4,-38.351612,49.20345,True,True,False,False,True
778871,2025,"Novo motor V8 para Chevrolet e Cadillac terá ao menos 5,7 litros",5,-1.3077836,8.294447,True,False,False,False,False
782964,2025,"IPVA SP 2026: datas de pagamento, valores e isenções",5,12.353612,-5.687975,False,False,False,False,False
779136,2025,GWM lança novo Haval H6 2026 antes de ser nacional e corrigindo falhas do antecessor,4,-29.581024,-19.40077,True,True,False,False,True
779893,2025,Fiat aumenta preços do Fastback 2026;  Abarth ja encosta nos R$ 180 mil,4,21.561302,29.116,True,True,False,False,True
767040,2025,Flagra: VW Amarok 2027 será quase uma picape grande,0,-37.009094,12.437004,False,True,False,True,False
753046,2025,Flagra: Nova Ram 2500 já roda no Brasil e pode chegar em breve,0,11.865601,37.998028,True,True,False,False,True
754541,2025,Aleluia! Motor V8 Hemi voltará ao mundo ainda este ano,2,26.491703,-3.5870526,True,False,False,False,True
765622,2025,Joint venture entre Stellantis e GAC é declarada falida na China,5,24.371975,-2.4671109,False,False,False,False,False
755178,2025,Audi promete 13 lançamentos para o Brasil em 2025; veja possíveis modelos,0,-52.26243,-32.003048,True,True,False,False,True
746433,2025,"Toyota Yaris: perto do fim, carro fica até R$ 4.700 mais caro",4,-5.2784305,38.276608,False,True,False,False,True
752210,2025,"Vendas na Alemanha: VW cresce com elétricos, Opel despenca",1,61.408733,-3.6773283,False,False,False,False,False
767767,2025,Honda lança a XRE 300 Sahara 2026: veja os preços e o que muda,2,36.09907,45.597874,False,False,False,False,False
779280,2025,Nova Ram Dakota 2026 apostará no luxo; veja o que oferece e quando chega,4,14.113858,37.309334,False,False,True,True,False
765133,2025,Chevrolet lança o novo Tracker 2026: veja as versões e os preços,0,2.8561687,29.420313,False,True,False,False,True
754258,2025,VW Golf GTI ganhará edição especial para comemorar 50 anos,0,-34.556507,30.173256,True,False,False,False,True
763718,2025,Ford Everest esbarra na preferência do público e importação para vir ao Brasil,0,-56.915863,27.906866,False,False,False,True,True
770915,2025,Novo Kia Stonic 2026 vem ao Brasil de olho em Pulse e Tera,0,-38.240448,49.122005,True,True,False,False,True
746927,2025,Stellantis: meta para 2025 é vender mais elétricos competitivos,5,24.859407,-0.7095224,True,False,False,False,False
783081,2025,Caso de trabalho escravo na BYD: acordo de R$ 40 mi encerra ação no MPT,5,10.444696,-3.466012,False,False,False,False,False
752236,2025,Este é Volkswagen Tera: novo SUV é apresentado mirando Pulse e Kardian,0,-25.269072,15.825803,False,False,False,False,True
752796,2025,Novo Chevrolet Tracker 2026 terá visual mais robusto e local; veja projeção,0,3.4350708,29.315886,True,True,False,False,True
781698,2025,Harley-Davidson X440T: tudo o que sabemos sobre a nova moto de R$ 17 mil da marca,2,44.683628,36.02271,False,False,False,False,False
773162,2025,F1: Norris estraga festa de Piastri em casa e é pole,5,29.564041,-58.311077,False,False,False,False,False
769715,2025,Peugeot confirma 208 e 2008 híbridos em breve; veja o que muda,0,20.965239,10.389241,True,True,False,False,True
781281,2025,"Produção de carros ficará abaixo da meta em 2025, diz Anfavea",5,41.56353,13.65136,False,False,False,False,False
763681,2025,Carro híbrido ou plug-in: qual é realmente mais econômico,5,-22.595337,-14.981983,True,True,False,False,False
761732,2025,Tamanho não é tudo: Bentley tem V8 que anda mais que W12,4,-16.632362,-14.947821,False,True,False,False,True
760329,2025,Fiat Panda apela a combustão e câmbio manual para ser mais barato,0,28.148558,25.83288,True,True,False,False,False
776204,2025,BMW Group faz 30 anos no Brasil e amplia operação com novos carros e motos,3,-72.21951,-13.692499,True,True,False,False,True
757764,2025,Novo Porsche 911 Turbo 2026 é flagrado quase sem disfarces,0,-32.026783,-48.472183,True,True,False,False,False
749565,2025,CAOA Chery mostra teaser de Tiggo 7 e 8 híbridos plug-in nacionais,4,-38.772892,-29.205187,True,True,False,False,False
773398,2025,F1: Piastri é pole da Emilia Romagna; Bortoleto larga em 14º,5,29.22069,-56.999268,False,False,False,False,False
766225,2025,Destinator: Mitsubishi revela SUV maior que o Outlander,4,12.815309,-30.652048,False,False,False,False,True
747586,2025,CEO da Jeep se encanta pelo Avenger e diz ter interesse em lançá-lo nos EUA,0,36.36992,-9.14765,False,True,False,False,True
776921,2025,Flagra: será esse o novo VW Nivus 2028 híbrido?,0,-30.619135,6.1397724,True,True,False,False,True
780626,2025,Substituto do Ford Focus será SUV híbrido da família Bronco em 2027,0,-64.001175,16.68938,True,True,False,False,True
777913,2025,"Honda revela a CB 1000 GT, a Hornet para viajar",2,34.43348,47.23441,False,False,False,False,False
748498,2025,Imagem pode ter vazado o novo Toyota RAV4,0,-11.877571,41.817173,False,True,False,False,True
779682,2025,Caoa Chery Tiggo 5X 2027: os detalhes do SUV que será híbrido,0,-38.583702,-28.41815,True,True,False,False,True
750672,2025,"Isolada, Rússia apela a carros chineses para manter indústria local",5,-36.309032,-27.046417,False,False,False,False,True
749723,2025,Nissan Kicks antigo tem R$ 13 mil de desconto no preço,4,-6.911263,-42.50525,False,False,False,False,True
773711,2025,"F1 - Bortoleto projeta GP da Itália: ""Monza é sempre especial""",5,23.206076,-54.509567,False,False,False,False,False
755304,2025,Chinesa CFMoto virá ao Brasil com a 450 MT; veja o que sabemos,2,43.623775,38.884136,True,True,False,False,True
764269,2025,Nova geração da VW Amarok aparece em testes já no Brasil; estreia em 2027,0,-37.64936,12.512306,False,True,False,True,False
762855,2025,Sedãs de luxo perdem espaço com avanço dos SUVs no segmento premium,5,40.01563,9.479181,False,False,False,False,False
775475,2025,Toyota mantém ofensiva de esportivos e antecipa novo carro da GR,5,-15.735363,42.32204,False,True,False,False,False
756591,2025,BMW lança a nova R 1300 R com 145 cv; veja os detalhes,3,-73.32329,-7.262758,False,False,False,False,False
770482,2025,Novo Golf GTI: importação independente pode custar o mesmo e não tem restrições da VW,5,-33.93003,29.392946,False,False,True,False,False
766264,2025,Porsche Macan chega a 1 milhão de unidades produzidas,5,-35.51175,-43.294495,False,True,False,False,True
758491,2025,BMW i2 será um sedã elétrico e deve chegar só em 2030,3,-64.09792,-16.122232,True,False,False,False,True
773631,2025,F1: Norris vence caótico GP da Grã-Bretanha; Bortoleto abandona,5,29.529398,-57.48352,False,False,False,False,False
782382,2025,"Fábrica do VW Tera, planta de Taubaté (SP) já fez 8 milhões de carros",5,-12.12227,6.2314796,False,False,False,False,True
757414,2025,CAOA Chery reduz preços da família Tiggo em até R$ 8 mil reais,4,-41.44073,-27.781374,False,True,False,False,True
775158,2025,Motor1.com Brasil ganha 2 categorias do Prêmio SAE Brasil de Jornalismo com mega teste de carros elétricos,5,0.55112803,-5.9181476,True,True,False,False,False
773156,2025,"VÍDEO: Com Bortoleto, F1 lança abertura oficial de 2025",5,21.665916,-53.47571,False,False,False,False,False
780893,2025,VW T-Cross: oito em cada dez emplacamentos vieram de vendas diretas em novembro; veja o ranking,1,79.74418,9.761002,False,False,False,False,False
777496,2025,Novo Nissan Kicks 2026 aumenta de preço 5 meses após lançamento,4,-5.4191065,-49.43991,False,False,False,False,True
752296,2025,VW Tera vs. Fiat Pulse: compare em imagens os dois novos SUVs,0,24.005491,30.449614,True,False,False,False,True
775746,2025,Capricorn 01 Zagato: um hipercarro nascido sob o signo da tradição,5,-14.83632,-18.023163,True,False,False,False,False
779218,2025,SBM 600T: Shineray lança sua maior e mais cara moto no Brasil,2,41.082253,42.3275,False,False,False,False,False
754266,2025,Yamaha lança as novas MT03 e MT07 no Brasil; veja os preços,2,42.54305,45.23433,False,False,False,False,True
776052,2025,CNH sem autoescola: entenda a proposta do governo federal,5,11.90224,-12.002266,False,False,True,False,False
752737,2025,"Flagra: chegando em breve, Onix e Tracker 2026 aparecem juntos",0,4.4692883,27.054516,True,False,False,False,True
776167,2025,M1 numbers: BYD supera Hyundai e se torna a 4ª maior montadora do mundo,5,36.315052,7.6500325,True,False,False,False,False
760864,2025,"Citroën Jumpy: linha 2025 equipada com novo motor chega, enfim, às lojas",4,21.765995,13.211924,False,False,False,True,False
748367,2025,Chevrolet terá 10 lançamentos no Brasil em 2025; veja o que sabemos,0,5.555332,26.639038,True,True,False,False,True
773418,2025,Flagra: carro elétrico da Ferrari é ainda mais estranho com carroceria final,5,12.6917305,-63.549023,True,False,False,False,True
766985,2025,"No Brasil em setembro, GWM Poer e Haval H9 já estão no site da marca",0,-31.038633,-20.103848,True,True,False,True,True
761285,2025,Projeção: este deve ser o novo Mercedes-AMG CLA 45 2026,0,-21.872875,-63.151024,True,False,False,False,False
781556,2025,Santana renasce na Espanha — e o que isso tem a ver com o Brasil,0,-12.086703,-46.022125,True,True,True,True,False
774400,2025,"Honda investirá R$ 1,6 bi no Brasil até 2029 para fabricar 1,6 mi de motos ao ano",2,32.663544,49.64727,True,True,False,False,False
754610,2025,Fiat lança o novo Argo 2026 no Brasil; veja o preço e o que mudou,4,18.329466,27.512348,False,False,True,False,True
773291,2025,Novo Toyota Yaris Cross 2026 tem detalhes vazados antes da hora na Argentina,4,-7.658129,42.358803,False,True,False,False,True
753804,2025,Veja quais foram os SUVs médios e grandes mais vendidos de fevereiro,1,77.25328,-20.686129,False,False,False,False,True
773662,2025,"F1: Tsunoda defende que comparações com Verstappen são ""injustas""",5,25.301075,-55.173374,False,False,False,False,False
747466,2025,Sistemas autônomos não enxergam roupas de alta visibilidade,5,6.734891,-5.857461,False,False,True,False,False
750779,2025,Flagra: novo Mercedes-Benz CLA está pronto para o lançamento,0,-20.469515,-65.75637,True,True,False,False,False
769435,2025,Citroën Basalt ganhará série especial Dark Edition em breve,4,46.849228,-18.540617,False,False,False,False,True
779715,2025,Renault Koleos: o que esperar do SUV híbrido de topo que chega em 2026,0,20.094198,-32.074547,True,True,False,False,True
754561,2025,Conheça um dos últimos carros que levaram o Papa Francisco antes da morte,5,25.888432,22.372093,False,True,False,True,False
753641,2025,Hamilton refaz cena icônica com Ferrari de Curtindo a Vida Adoidado,5,19.156967,-57.492893,False,False,False,False,True
758452,2025,GWM Tank 300 esgota lote de 1.000 unidades e mantém preço de R$ 333 mil,4,-28.607805,-18.475574,True,True,False,False,True
749880,2025,Motor a combustão pode sobreviver na Europa após 2035,5,3.8490274,-21.038351,False,True,False,True,False
760956,2025,"Ex-América do Sul, Antonio Filosa é nomeado CEO global da Stellantis",5,25.680868,-0.18200003,False,False,False,False,False
767714,2025,Ranking revela os 30 carros mais vendidos da Argentina em julho,1,71.16407,8.825866,False,False,False,False,False
769068,2025,Fiat Pulse 2026 mais barato já está mais caro: quase R$ 100 mil,4,15.485556,24.002466,False,False,True,False,True
756689,2025,Mitsubishi interrompe exportação para os Estados Unidos,5,5.6747813,-34.750526,False,False,False,False,False
764008,2025,"Após críticas, VW promete que novos carros terão botões no painel",5,-22.795527,2.9631808,False,False,False,False,False
776185,2025,Toyota vai dar garantia de dez anos também para blindados,5,-15.744358,37.4482,False,True,False,False,True
748711,2025,"Fiat Toro Ultra volta sem motor a diesel, 4x4 ou câmbio de 9 marchas",4,19.255695,30.28737,False,False,False,True,False
750811,2025,Dodge quer esportivo mais barato: será o retorno do Neon?,5,-9.834116,-9.375981,False,False,False,False,True
794856,2026,"Depois de lançar I3, BMW agora acelera (literalmente) testes do Série 3",3,-63.739437,-16.038048,True,False,False,True,True
796479,2026,Novo Mercedes-AMG GT 4 Door Coupé é elétrico com mais de 1.100 cv,5,-24.228346,-61.494225,True,False,False,False,False
788993,2026,"Conceitos esquecidos: muito antes do T-Roc, VW testou híbrido a diesel com o Golf",0,-35.10171,23.889654,True,True,False,True,False
789699,2026,"Flagra: VW ""T-Cross indiano"" aparece rodando de cara nova",0,-26.217323,14.668571,True,True,False,False,True
794230,2026,"BYD mostra picape Mako, esportivo da Denza e caminhão na Agrishow 2026",5,-33.682827,-16.724903,True,True,False,False,True
784663,2026,Novo VW Taos 2026 chega mais barato e parte de R$ 199.990,4,-23.419697,26.10983,False,False,False,False,True
790556,2026,Dafra quer quadruplicar vendas no Brasil apostando na parceria com a SYM,5,43.108463,21.11488,False,False,False,False,False
783968,2026,Proibição de maçanetas retráteis na China: veja quais carros serão afetados,5,0.06838682,-16.861,True,False,False,False,False
797973,2026,Renault tem Kwid 0km com parcela de R$ 700 reais; veja se vale a pena,4,28.582605,-17.888058,False,False,True,False,False
797348,2026,Honda Pop 110i ou Biz 125 ES: qual comprar na linha 2027 pelo preço?,2,34.778343,47.08092,False,False,False,False,False
794227,2026,"Omoda 2: mais barato da marca, chega ao Brasil em 2028 e será flex",5,-31.574966,-26.411253,True,True,False,False,False
784331,2026,Oficial: nova Ford Ranger Tremor chega ao Brasil ainda em 2026 com novo motor flex,0,-54.19614,29.08641,False,False,False,False,False
791963,2026,Jeep Avenger nacional está em produção e vem diferente do europeu,0,37.646904,-9.474751,False,True,False,False,True
794650,2026,BYD negocia fábrica da Volkswagen na Alemanha em movimento inédito,5,-12.677152,3.3712711,True,False,False,False,False
794430,2026,Mais vendidos: Fiat Strada lidera abril e BYD Dolphin Mini avança,1,70.14724,19.506372,True,False,False,False,False
796652,2026,Jeep prepara renovação total no Brasil; híbridos ganham força,0,38.223877,-8.275943,True,True,False,False,False
793737,2026,Mitsubishi Triton Tarmac agora é versão de série e parte de R$ 264.990,4,11.595352,-29.39067,False,False,True,True,False
795372,2026,Picapes em abril: Fiat Strada registra 3º melhor resultado de sua história,1,80.23087,-14.087956,False,False,False,False,False
794224,2026,"Nova Honda Pop 110i 2027 segue Biz, perde freio no pé e muda visual pela primeira vez desde 2007",2,37.218227,46.364964,False,False,False,False,False
789211,2026,Lacunas do mercado: dez modelos que deveriam ser vendidos no Brasil,0,-10.362991,-20.800928,True,True,False,True,False
784543,2026,Jeep Renegade atinge 700 mil unidades e terá motor híbrido em 2026,0,39.882053,-8.590089,False,True,False,True,True
787244,2026,SUVs compactos: quais os mais potentes do Brasil?,4,9.249865,8.5758095,False,True,False,False,False
797346,2026,Mitsubishi mostra como será o Pajero de nova geração,5,10.145926,-35.352707,True,True,False,False,True
785312,2026,"Confirmado para o Brasil, Toyota GR Yaris ganha série especial",0,-15.738989,43.512268,False,False,False,False,False
785323,2026,Chevrolet pode lançar Colorado híbrida no Brasil acima da S10,0,-0.9873751,22.972633,False,True,False,True,False
783692,2026,Ford tem Territory em oferta por preço de Honda HR-V; vale a pena?,4,-44.69899,15.165958,True,False,False,False,True
786903,2026,Flagra: Nissan Frontier híbrida se aproxima do Brasil e mira BYD,0,-12.31752,-46.756046,True,True,False,True,False
787241,2026,"Porsche terá novo SUV como o Macan a combustão até 2030, mas com novo nome",5,-34.332947,-41.72494,True,False,False,False,True
787018,2026,Citroën Aircross ganha motor do Fiat Argo na Argentina,4,47.5186,-16.052511,False,False,False,False,True
784454,2026,BMW M3 elétrico chega em 2027 com 4 motores e tração individual,3,-67.368065,-15.287724,True,False,False,False,False
784696,2026,Voge confirma mais duas motos para o Brasil e mira Honda NX500 e Yamaha XMax,2,45.12571,41.718525,False,False,False,False,False
789448,2026,Picapes em fevereiro: Fiat Strada tem melhor resultado para o mês em doze anos,1,80.21939,-14.083675,False,False,False,False,False
796031,2026,Ford Maverick está menos colorida em todas as versões; entenda,4,-56.512054,20.97255,True,False,False,False,False
790674,2026,30% é pouco? Ministério já estuda 35% de etanol na gasolina comum,5,10.01885,-14.798712,False,False,False,True,False
796722,2026,"Stellantis terá 24 carros híbridos plenos até 2030 entre Jeep, Fiat e demais marcas",5,22.994804,-1.2801219,True,True,False,False,False
783450,2026,"No Brasil em 2026, CFMoto revela moto com suspensão semiativa",2,43.25326,41.332184,False,False,False,False,False
797486,2026,GWM Haval H6 mais barato voltou e custa o mesmo que um Nissan Kicks topo de linha,4,-28.55673,-20.270353,False,True,False,False,True
798586,2026,"Novo BMW M3 elétrico aparece, terá 4 motores e lançamento em 2027",3,-67.78546,-14.613163,True,False,False,False,False
789592,2026,Audi lança o RS3 Competition Limited com 5-cilindros e 400 cv,4,-52.294533,-35.103462,True,False,False,False,False
791933,2026,Como fica o rodízio em São Paulo (SP) no feriado da Páscoa?,5,12.8003025,-8.25814,False,False,False,False,False
787024,2026,Hyundai lança Creta 2027 com motor 1.6 turbo flex e preços passam de R$ 200 mil,4,-11.715653,64.013176,False,False,False,False,False
788758,2026,Nissan Kait ganha duas novas versões mais baratas; veja os preços,4,-5.374678,-49.03248,True,False,False,False,True
796236,2026,BMW M3 CS se despedirá com série limitada e câmbio manual,3,-63.852646,-10.546276,False,False,False,False,False
785627,2026,Suzuki e-Vitara: marca confirma seu primeiro 4x4 100% elétrico no Brasil,0,3.8743765,54.46954,True,False,False,False,True
796017,2026,Dolphin G será 1º BYD feito para Europa e mira no Golf PHEV,0,-32.19997,-14.208013,True,True,False,False,True
799469,2026,Novo Hyundai i20 terá versão esportiva com motor híbrido de 300 cv,0,-11.037103,65.39361,True,True,False,False,False
784403,2026,Chevrolet Captiva PHEV é flagrado no Brasil; veja o que sabemos,4,-29.24282,-8.7462015,False,True,False,False,True
790952,2026,Nissan Z Nismo volta a ter câmbio manual em nome da emoção,4,-0.6174519,-47.632538,False,False,False,False,False
798395,2026,Hatches em maio: chineses registram recordes de vendas,1,77.36535,-16.359562,False,False,False,False,False
793898,2026,Nissan Sentra garante 3º lugar entre mais vendidos na China em março,1,67.5238,-4.57646,False,False,False,False,False
788267,2026,"Sete lugares em 3,99 metros: o milagre indiano da multiplicação do espaço",0,-34.824703,-4.6548114,False,False,False,True,True
790036,2026,"Flagra: CAOA Changan terá CS75, rival de Tiggo 8, no Brasil",4,-35.95844,-9.973005,True,True,False,False,True
785849,2026,Jeep Compass Blackhawk 2026 vira flex com 272 cv,4,40.23788,-4.3858194,False,False,False,True,True
788311,2026,China exporta mais de 50% das picapes e GWM lidera avanço,5,-9.190925,-0.6447351,False,False,False,False,False
794987,2026,"Toyota terá Corolla Cross de sete lugares e investirá R$ 9,8 bilhões",0,-7.980401,44.002914,True,True,False,False,True
784146,2026,BMW: nova F450 GS substituirá a G 310 GS e chega agora no 1º semestre,3,-74.16301,-8.05122,False,False,False,False,False
797618,2026,Oferta: VW Taos Highline em promoção custa menos que um Kicks 1.0,4,-20.045326,25.75459,True,False,False,False,True
798768,2026,Hyundai i20 2027: a diferença entre o básico e o topo vai muito além do motor,4,-8.868566,61.48576,False,False,True,False,False
785965,2026,Yamaha lança a Lander 250 2026; veja o preço e o que mudou,2,46.473545,44.19205,False,False,False,False,False
790821,2026,Combustível: Governo aperta cerco contra preços abusivos e notifica distribuidoras,5,14.357108,-7.272867,False,False,False,False,False
796010,2026,Stellantis fabricará Jeep na China com a Dongfeng para exportação,5,24.804089,-1.6119369,True,False,False,False,False
798114,2026,Audi Nuvolari já foi conceito de 2003 com jeito de TT e motor V10 de R8,5,-57.56569,-35.362392,False,False,False,False,False
783828,2026,"Fora de linha na China, BYD Song Plus será feito no Brasil ainda em 2026",0,-32.68552,-15.297897,True,True,False,False,True
789259,2026,"Em três anos, Bajaj emplacou 50 mil motos no Brasil",5,43.681744,20.369492,False,False,False,False,False
799494,2026,"Não, a Ferrari não está obrigando os clientes a comprar a Luce",5,13.6808815,-61.838467,False,False,False,False,False
797706,2026,Varejo em maio: BYD Dolphin Mini comanda top 10 com presença maciça de modelos chineses,1,81.18248,7.260818,False,True,False,False,False
787799,2026,Chefe da BMW M: 'o câmbio manual não faz muito sentido',3,-66.92652,-12.372116,False,False,False,False,False
791070,2026,Nova VW Tukan seguirá receita do Tera e será apresentada durante a Copa do Mundo,0,-34.429237,9.65805,False,True,False,False,True
789447,2026,Porsche pode unificar Taycan e Panamera para cortar custos,5,-35.37215,-42.647316,False,True,False,False,True
791679,2026,"Chery e Land Rover mostram novo Freelander, agora como marca própria",0,-15.035033,-32.150333,True,True,False,False,True
790557,2026,"Já disponível com tração dianteira, Jetour T2 terá 4x4 em breve",4,-36.435276,-8.600119,True,True,True,False,True
787900,2026,Fábrica Anchieta da VW chega a 15 mi produzidos e se prepara para híbrido flex,5,-30.289625,5.036776,True,True,False,False,False
787776,2026,Flagra: novo BMW X5 2027 vai apostar no retrofuturismo,3,-63.406628,-15.264159,True,True,False,True,True
788835,2026,Renault testa picape Niagara e SUV Bigster no Brasil; veja o que esperar,0,29.30115,-28.056232,True,True,False,False,True
792170,2026,Citroën deixa C3 mais eficiente e se torna o carro mais barato do Brasil,4,46.20692,-17.364004,False,False,False,False,False
788053,2026,Lamborghini cancela seu primeiro elétrico e os chama de 'hobby caro',5,-7.2332153,-17.557423,True,True,False,False,False
786595,2026,Vendas diretas em janeiro: Fiat Mobi líder e nenhum sedã no top 10,1,79.829155,9.790157,False,False,False,False,False
793102,2026,História: Ford Ka chega aos 30 anos ainda marcando gerações,0,-51.235153,12.960201,False,False,False,False,False
798503,2026,"Hyundai lança novo i20 2027 no Brasil por R$ R$ 99.990 contra Polo, Onix e até SUVs",4,-12.008094,65.75836,True,False,False,False,True
784918,2026,GM anuncia Thomas Owsianski como presidente na América do Sul,5,1.9991719,10.25531,True,False,False,False,False
787296,2026,Alfa Romeo de uniforme: as viaturas dos Carabinieri italianos,5,-9.742132,-6.9626007,False,True,False,True,True
783556,2026,Exclusivo: novo Toyota Yaris Cross 2026 já tem data para chegar às lojas,4,-6.888016,36.050728,True,True,False,False,True
786260,2026,Amarelo canário: de nome genérico nos anos 70 a cor oficial da VW em 2026,5,-17.93132,6.485303,False,False,False,False,False
798791,2026,Novo Audi A6 Allroad é perua aventureira que segue viva mesmo com SUVs,4,-49.40711,-32.851818,True,True,False,True,False
793213,2026,Hyundai Creta vice e dois BYD no top 10: confira mais vendidos na 1ª quinzena de abril,1,69.88457,20.492933,False,False,False,False,False
796661,2026,"Flagra: Anti-Dolphin da Dongfeng, DFM Box acelera testes no Brasil",5,-11.631473,-45.115074,True,False,False,False,True
794033,2026,Segredo: novo GWM Ora 5 será feito no Brasil com versões flex e híbridas,0,-30.113487,-20.201683,True,True,False,True,True
786054,2026,Volkswagen inicia produção de nova arquitetura e prepara cinco lançamentos,5,-14.181272,2.6142023,True,True,False,False,False
785508,2026,Que fim levou: Renault Clio foi abandonado no Brasil e virou mini-Boreal,0,23.889194,-28.532818,False,True,False,False,True
787302,2026,Câmara avança em novas regras para blindagem de carros,5,11.130552,-12.284143,False,False,False,False,False
787918,2026,Jaecoo 7 surpreende e é vice-líder de vendas no Reino Unido em janeiro,1,64.52683,0.16060026,False,False,False,False,False
794620,2026,Novo Jeep Compass vai contra tendência e rejeita visual de SUV cupê,0,33.193394,-10.424033,False,False,False,False,True
787915,2026,Apple Carplay poderá ter função de reprodução de vídeos em breve,5,5.0586934,-3.7811666,False,False,False,False,False
785093,2026,Diretoria do FBI substitui Chevrolet Suburban por BMW X5 blindado,3,-66.701836,-17.06002,False,True,False,False,True
790946,2026,Novo Nissan Kicks tailandês será Kait híbrido que o Brasil não tem,4,-2.0182612,-46.611343,True,True,False,False,True
788603,2026,Caoa Chery Tiggo 5X chega a 7.000 reservas em 4 dias: lojas esticam até 22h,4,-39.23828,-28.537397,False,True,False,False,True
786803,2026,"GWM anuncia novas cores para Haval H6, Haval H9 e Poer P30",4,-29.96175,-20.579819,False,True,False,True,True
787916,2026,Mini Mercedes-Benz Classe G pode ficar assim e chegar em 2027,0,-16.910322,-66.37715,False,True,False,True,True
797610,2026,"Toyota revela o GRMN Corolla, que pretende ser a versão definitiva do esportivo",4,-15.6155,43.94736,False,False,False,False,False
788391,2026,Caoa Chery Tiggo 5X Sport ou VW T-Cross Sense: qual levar por R$ 120 mil?,4,-40.235546,-26.09393,False,False,False,False,True
793308,2026,Placa Mercosul vai mudar? Comissão aprova volta das bandeiras e nomes de cidades,5,12.013227,-11.327471,False,False,False,False,False
783285,2026,Honda WR-V passa pelo primeiro reajuste de preços e fica mais caro,2,25.457756,51.16527,False,False,False,False,True
788432,2026,Flagra: Nova Ford Ranger mais barata se aproxima do lançamento,0,-53.74983,26.657103,False,False,False,True,False
788189,2026,Chery mostra inédita picape diesel PHEV que pode ser dor de cabeça para Shark,0,-35.84853,-20.952467,True,True,False,True,False
793228,2026,Geely EX5 EM-i: como é e quanto custa o SUV da prova do finalista do BBB 26,4,-28.45122,-12.223249,True,True,False,False,True
785933,2026,Vida longa aos GTI e R: VW se compromete a longo prazo com esportivos,0,-34.72152,29.088474,True,False,False,False,False
789979,2026,BYD expandirá produção no Brasil para exportar carro para Argentina e México,5,-10.51875,-1.0603551,False,False,False,False,False
792550,2026,Fiat Strada lidera e BYD domina no DF: mais vendidos por estado,1,69.285484,17.94359,False,False,False,False,False
795540,2026,Corsa GSE elétrico tem base de Peugeot e é mais rápido que Golf GTI,0,-35.17819,23.640322,True,False,False,False,False
788404,2026,Mini 1965 Victory Edition (2026): com as emoções do Rali de Monte Carlo,5,-43.610317,-11.572667,False,False,False,False,False
797991,2026,O que é a MotoChefe? Marca chamou atenção em jogo da Seleção,5,3.3129184,-16.594645,True,False,False,False,False
791228,2026,Lembra do V-Drive? Nissan ressuscita nome para vender Versa antigo no México,4,-2.398325,-48.676476,False,False,False,False,True
792955,2026,GAC anuncia fábrica no México com início das operações ainda em 2026,5,-9.041499,-0.32370472,False,True,False,False,True
797734,2026,Novo Chevrolet Onix Activ 2027 chega por R$ 116.190 e substitui duas versões do hatch,4,1.6705354,27.490526,False,False,False,False,False
792978,2026,Tem placa ou nome com as letras GAC? Marca dá desconto em carro novo,5,-8.029908,-0.89786255,True,True,False,True,False
794229,2026,Mitsubishi Triton Terra 2027 resgata série especial com foco no agro de luxo,4,11.544855,-29.632376,False,False,False,True,False
794978,2026,BAIC no Brasil: planos ganham força no Salão de Pequim 2026,0,-19.402876,-7.657928,True,True,False,True,False
794602,2026,Jaecoo 7 Elite chega por R$ 179.990 e vira SUV PHEV mais acessível,4,-30.39065,-25.663647,False,True,True,False,True
783814,2026,CNH brasileira em Portugal? Agora você pode; veja regras,5,12.491713,-10.2685585,False,False,False,False,False
784581,2026,"Produção de carros vai crescer no Brasil em 2026, projeta Anfavea",5,41.002747,14.102054,False,True,False,False,False
783987,2026,Volkswagen revela SUV elétrico com motor gerador e 1.000 km de autonomia,0,-24.167189,-1.6053373,True,True,False,False,True
786050,2026,"Argentina começa 2026 em queda, com VW líder e Hilux no topo",1,71.07578,8.645045,False,False,False,False,False
794477,2026,Agrishow: Mitsubishi Triton Terra 2027 une luxo e mais capacidade por R$ 364.990,4,11.563912,-29.723293,False,False,False,True,False
794943,2026,"VW: painel inoperante gera mega recall de 118 mil Polo, Tera, T-Cross e mais",5,-19.636906,6.922208,False,False,False,False,False
792720,2026,Novo Chevrolet Sonic RS Turbo 2027 aparece por completo em SP,0,3.7506647,28.369387,False,False,False,False,True
787286,2026,SUVs e crossovers em janeiro: Jeep Compass lidera com chineses no pódio,1,77.27859,-20.522568,False,False,False,False,True
789229,2026,"Rival de T-Cross, GAC GS3 chega com porte de Compass e motor 1.5 turbo",0,-26.053196,-7.1361656,True,True,True,False,True
798574,2026,Dona da Fiat pode produzir carros da chinesa DongFeng no Brasil,5,24.334675,-0.8703167,True,False,False,False,False
796595,2026,"Stellantis revela STLA One, plataforma global para 30 carros",5,24.739641,-0.4511741,True,True,False,False,False
790970,2026,Novo Hyundai i20 brasileiro será posicionado como um crossover acima do HB20; e o Bayon?,0,-13.151018,67.138596,True,False,False,False,True
788726,2026,Hyundai anuncia 3º modelo no Brasil; aposta é nova geração do i20,0,-13.220898,67.598305,True,True,False,False,False
790680,2026,Flagra: Nova VW Tukan aparece em carroceria final pela primeira vez; lançamento em 2027 como híbrida-leve,0,-35.971344,6.9921093,False,True,False,False,False
786002,2026,Yamaha R15 2026 ganha nova cor no Brasil; veja o preço e o que muda,2,45.96258,44.39358,False,False,False,False,False
795789,2026,Modelo que marca o renascimento da Jaguar é enfim batizado: Type 01,5,-12.507539,-24.232597,True,False,False,False,False
788981,2026,"Lac Hong, a Maybach do Vietnã, revela transporte VIP em dose dupla",5,-19.159119,-7.6487584,True,False,False,False,True
784310,2026,"Strada e Onix ainda lideram o mercado uruguaio, mas Yuan Pro acelera no ranking",5,35.390285,13.420743,False,True,False,False,False
790009,2026,Novo DPVAT? Câmara aprova criação de seguro obrigatório para licenciamento de veículos,5,11.747794,-11.014241,False,False,False,False,False
789385,2026,"Caminhão, táxi e motofrete isentos de pedágio? Entenda o projeto que tramita na Câmara",5,12.011684,-12.94041,False,False,True,False,False
796756,2026,BMW M 1000 RR ganha edição limitada Isle of Man TT de 115 unidades,3,-71.47054,-8.893575,False,False,False,False,False
788973,2026,BYD lança o Atto 8 no Brasil com 488 cv; veja o preço,4,-30.782114,-13.456737,True,True,False,False,True
787290,2026,Fiat Strada líder e Hyundai Creta no pódio: confira mais vendidos na 1ª parte de fevereiro,1,70.11762,20.510729,False,False,False,False,False
790200,2026,Leapmotor tem 1º lucro e prepara produção no Brasil com Stellantis,5,24.24183,-2.4136293,True,False,False,False,True
791861,2026,Renault Koleos: como ele se compara a Haval H6 PHEV35 e BYD Song Plus?,4,-31.932728,-16.315573,True,True,False,False,True
789128,2026,"Honda anuncia retorno do Insight, que será totalmente elétrico",2,30.952232,59.82573,True,True,False,False,True
784259,2026,"Multa, pontos e carro retido: projeto reacende polêmica da vistoria veicular",5,12.088502,-12.911056,False,False,False,False,False
797690,2026,Fiat mostra mais detalhes dos sucessores de Pulse e do Fastback,0,28.839571,26.11578,False,True,False,False,False
785073,2026,Volvo EX60 é revelado e promete “mudar o jogo” dos carros elétricos de luxo,0,-25.92884,-12.639963,True,False,False,False,True
786382,2026,Estratégia brasileira da Geely pode ser repetida na Europa,5,-48.07967,7.4975476,True,False,False,False,False
791594,2026,Mais de US$ 2 mi: coleção de Porsche de Magnus Walker supera expectativas em leilão,5,-29.740704,-41.624836,False,False,False,False,False
786639,2026,Picapes comandam 85% do Brasil em janeiro: mais vendidos por Estado,1,69.39426,17.961582,True,False,False,False,False
787750,2026,"Prometida no Salão, Kia Tasman já tem previsão de chegada ao Brasil",0,-31.785753,56.249565,False,False,False,True,False
785156,2026,Corolla tem pior resultado em 18 anos; veja os sedãs mais vendidos de 2025,1,76.060905,-19.278587,False,False,False,False,False
789550,2026,Renault apresenta novo plano de crescimento com novo SUV apontado para o Brasil,0,20.881655,-29.878351,True,True,False,False,True
787273,2026,Produção de motos dispara e registra melhor janeiro em 18 anos,5,46.786987,15.978266,False,False,False,False,False
794973,2026,Vai mudar? PEC do IPVA por quilo será analisada hoje pela Câmara,5,11.755408,-10.865704,False,False,False,False,False
785092,2026,"Rival de T-Cross, GAC GS3 tem consumo e versões reveladas pelo Inmetro",4,-26.113283,-7.2995954,True,True,False,False,True
797954,2026,VW acredita que carros a combustão vão se tornar obsoletos... como os cavalos,5,4.7743797,-21.645859,True,False,False,True,False
789988,2026,Google Maps terá navegação 3D imersiva e IA para criar rotas,5,5.0796776,-4.007045,False,False,False,False,False
791466,2026,BYD Dolphin Mini bate recorde e Fiat Strada domina: os mais vendidos no final de março,1,69.959564,20.32373,False,False,False,False,False
796863,2026,Zeekr bate 1.000 carros vendidos no Brasil em pouco mais de 1 ano,5,-8.363603,-1.9143065,True,False,False,False,True
794922,2026,Flagra: novo Hyundai Creta 2029 terá multimídia de Tesla e Volvo EX30,0,-14.159337,67.698456,True,True,False,False,True
789265,2026,"Rival de Dolphin e EX2, GAC Aion UT chega ao Brasil ainda em 2026",4,-34.674072,-9.190032,True,True,True,False,True
790832,2026,Ram Dakota ganha versão Big Horn no Uruguai antes do Brasil,4,13.34833,36.956173,False,False,False,True,False
787255,2026,Flagra: próximo Hyundai Creta apostará no espaço e em tecnologia,0,-14.103138,67.488785,False,True,False,False,True
790062,2026,Os carros mais vendidos na 1ª quinzena: Strada lidera e Yaris Cross cresce,1,70.07172,20.614546,False,False,False,False,False
799329,2026,"M1 nas lojas: Toyota Yaris Cross XR é versão para táxi, Uber e PCD",4,-6.7273793,36.30223,False,True,True,False,True
790522,2026,"Jetour segue com preços de pré-venda, mas sobem em maio; veja a tabela",4,0.7451327,-2.0022235,False,True,False,False,True
791700,2026,Toyota GR Yaris chega ao Brasil com 304 cv e lote esgotado na pré-venda,4,-15.875232,44.43061,False,False,False,False,False
795773,2026,Novo Jeep Avenger 2027 nacional tem interior relevado e é mais simples que europeu; veja fotos,0,37.43683,-9.703898,False,False,False,False,True
798638,2026,Marrocos: os carros do primeiro rival do Brasil na Copa de 2026,5,11.330388,-21.361395,True,False,False,False,False
796216,2026,Royal Enfield terá nova fábrica e produzirá 900 mil unidades a mais por ano,5,46.19278,31.526566,False,False,False,False,False
788393,2026,Triumph lança as séries Alpine e Desert para as Tiger 900 e 1200,4,40.75556,37.52424,False,False,False,False,False
790686,2026,"Para PcD, Citroën C3 turbo automático pode ter parcelas de R$ 99",4,30.530937,5.7105217,False,False,False,False,False
784266,2026,Nova Toyota Hilux elétrica: veja autonomia e a capacidade de carga,0,-24.14496,42.62613,True,True,False,True,False
786545,2026,"Por taxação, Bajaj estuda lançar Dominar e Pulsar 350",5,42.930214,31.627684,False,False,False,False,False
799024,2026,"Acredite: depois de quase 50 anos, Lada Niva terá airbag de série",0,22.47683,-28.097328,False,False,False,False,True
796957,2026,BYD lança o Sealion 07 no Brasil: veja quanto custa o SUV derivado do Seal,4,-30.473345,-13.134466,False,False,False,False,True
796877,2026,Ram Dakota Night Edition 2027 entra na moda das picapes escurecidas por R$ 329.990,4,12.848398,36.79595,False,False,False,True,False
789449,2026,VW ID.Cross: como o 'T-Cross elétrico' se compara ao SUV a combustão,0,-23.665907,2.8026226,True,True,False,False,True
794091,2026,"Ora 03 reestilizado estreia em Pequim, mas Brasil terá antes o Ora 5",0,-30.074606,-19.878414,True,True,False,False,True
783672,2026,"BYD, Honda e Hyundai lideram satisfação dos clientes; Fiat e Jeep ficam na lanterna",5,10.92018,-2.6168292,False,False,False,False,False
783553,2026,World Car Awards 2026: finalistas de cada categoria são anunciados,5,-0.05428958,-6.0279765,False,False,False,False,False
795791,2026,"Super Veloce entrega o primeiro UNICO ao proprietário; carro vale R$ 1,5 mi",5,-15.783043,-16.228212,False,False,False,False,False
785043,2026,Volvo ES90: sedã elétrico de topo chega ao Brasil no 2º semestre,0,-25.508131,-12.98729,False,False,False,False,True
783936,2026,Peugeot 208 e 2008 2026 recebem novidade apresentada no Salão do Automóvel,0,19.794119,9.628141,False,True,False,False,True
795788,2026,"Renovação automática de CNH para bons motoristas é aprovada, mas não será automática",5,11.94244,-11.033332,False,False,False,False,False
787646,2026,China e Europa se posicionam contra comandos na multimídia; entenda,5,6.178293,-6.161877,False,True,False,False,False
790314,2026,Volvo mata EX30 nos EUA e culpa é de Donald Trump,4,-27.733446,-9.942105,True,True,False,False,True
791559,2026,CAOA Changan confirma novos SUVs CS75 e CS55 e lançamentos a cada 2 meses,0,-35.971737,-9.861908,True,True,False,False,True
788093,2026,Royal Enfield Bear 650 chega ao Brasil: veja os preços e equipamentos,2,42.07397,40.065105,False,False,False,False,False
796352,2026,"BMW revela futuro da divisão Alpina, com V8 e sem limitador",3,-67.840965,-14.416164,True,True,False,False,False
783185,2026,"Ram revela Power Wagon 2027, picape a diesel com quase 150 kgfm de torque",4,12.750054,38.77837,False,False,False,True,False
794002,2026,Mais uma: Chery confirma vinda da Exeed também para o Brasil,0,-35.40847,-27.143166,False,True,False,False,True
790653,2026,Promoção da BYD tem Dolphin Mini com parcelas de R$ 999 ao mês,5,-35.238747,-14.456152,True,True,False,False,False
799197,2026,"BYD lança o Great Tang elétrico com 950 km de autonomia e 0-100 km/h em 3,9 s",4,-32.146576,-12.265946,True,False,False,False,True
795526,2026,GWM já tem data para revelar Ora 05 no Brasil; confira quando,0,-30.184772,-19.504198,True,True,False,False,True
794702,2026,GWM pode ter picape híbrida no Brasil para atender pedido de concessionários,0,-34.231945,-19.640642,True,True,False,True,False
795235,2026,Flagra: VW já testa motor 1.5 TSI e sistema híbrido na Argentina,0,-30.790335,6.5624614,True,True,False,True,True
787607,2026,Novo motor para Renault e Geely promete 30 km/l; veja como,0,20.02121,-25.822077,False,True,False,False,False
796498,2026,Omoda 5 entra no top 10 britânico em mês de forte alta para elétricos,1,64.46414,0.12576947,False,False,False,False,False
790566,2026,"BMW i4 logo sairá de linha, mas terá sucessor",3,-64.23245,-16.115202,True,False,False,False,True
783977,2026,Jeep Grand Cherokee 4xe sai de linha nos EUA; e o Brasil?,0,38.27297,-6.7617674,False,True,False,False,True
793062,2026,GAC lança Hyptec HT 2027 no Brasil com mais potência e autonomia,4,-28.23547,-11.803841,True,False,False,False,True
792278,2026,Conhecemos: Chevrolet Sonic 2027 é rival de VW Nivus e Fiat Fastback e chega até junho,0,4.6890926,28.810654,False,False,False,False,True
784007,2026,"Reino Unido cresce 3,5% em 2025, com recorde de elétricos e Ford no topo",1,64.41546,-0.10603336,True,False,False,True,False
787009,2026,Alemanha: fornecedores reduzem investimentos e migram para outros países,5,-9.450717,3.0447907,True,False,False,False,True
799477,2026,Flagra: VW usa novo T-Roc no Brasil como base para novo sistema híbrido,0,-30.826982,6.586103,True,True,False,False,True
792184,2026,Mercedes-Benz GLC 300 ganha som 3D Burmester e custa R$ 527.900,4,-25.934952,-65.90821,False,False,True,False,True
784533,2026,Acredite se quiser: JAC passa Toyota e vira a líder do mercado... na Venezuela!,5,35.021275,10.311153,True,True,False,True,True
785464,2026,Jetour S06 estreia no Brasil : veja o preço do SUV híbrido PHEV,4,-28.53271,-12.366548,True,True,False,False,True
791094,2026,Não é só o público: CEO da VW também não gosta de carros sem botões,5,-22.962076,2.7099464,False,False,False,False,False
788618,2026,40% dos executivos do setor automotivo temem demissões em 2026,5,5.930203,-17.446907,True,False,True,False,False
786937,2026,Jeep Renegade híbrido vem aí: SUV ganhará mudanças em breve,4,39.69246,-5.737586,True,True,False,False,True
798673,2026,Nissan admite: está aprendendo com a China para fazer carros mais rápido,5,3.829932,-42.683113,True,False,False,False,False
789605,2026,"Com recorde do BYD Dolphin Mini, vendas de hatches crescem em fevereiro",1,77.29182,-16.5392,False,False,False,False,False
786185,2026,Volkswagen Tukan é o nome da nova picape substituta da Saveiro,0,-35.285057,8.972741,True,True,False,False,True
788517,2026,BMW dos EUA deixa vazar todos os próximos lançamentos da marca,3,-65.05324,-15.450938,False,False,False,False,True
795507,2026,Jetour lança série Dark Knight inspirada no Batman para o T1 e T2,4,-29.266087,-11.172656,True,True,False,False,False
789270,2026,Nova Amarok 2027 deve terá mais de 470 cavalos de potência,0,-36.977936,12.996335,True,True,False,True,False
788192,2026,Novo Nissan Versa 2027 é revelado oficialmente e vira um “Kait sedã”,0,0.51379836,-50.00678,False,False,False,False,False
799573,2026,E-Days começa hoje e quer mostrar que o futuro da mobilidade terá várias soluções,5,8.169886,-18.390446,True,True,False,False,False
799460,2026,Projeto quer obrigar Uber e outros aplicativos a ampliar segurança dos motoristas,5,11.386153,-12.508573,False,False,False,False,False
784112,2026,"Portugal em 2025: Renault Clio lidera, mas crescimento dos elétricos assusta",1,62.91352,-3.9116685,True,False,False,False,False
796444,2026,Stellantis usará chinesa Dongfeng para acelerar produção de carros elétricos,5,24.750532,-1.2108326,True,True,False,False,False
784117,2026,As marcas de carros que você reconhecerá no grid da F1 em 2026,5,22.243181,-55.695698,True,True,False,False,False
790864,2026,Por que os carros estão voltando a ter cores sólidas?,5,0.38275152,-10.639996,True,False,False,False,False
789272,2026,Picapes dominantes e BYD Dolphin Mini em destaque: confira mais vendidos por estados em fevereiro,1,69.30191,17.94577,False,False,False,False,False
783297,2026,Flagra: novo VW Taos 2026 desembarca nas concessionárias para vendas em janeiro,4,-23.598494,26.142069,False,False,False,False,True
788580,2026,"Ford confirma novos hatches e sedãs, mas fora do Brasil",5,-49.263,7.7735567,True,True,False,False,False
793869,2026,"Novo BMW Série 7 2027 mantém grade gigante, mas está menos polêmico",3,-64.429184,-13.796656,True,True,False,False,False
790191,2026,Novo BYD Yuan Plus cresce 20 cm e ganha tração traseira,0,-33.91684,-11.433984,True,False,False,False,True
797394,2026,"Lotus estreia no Brasil com esportivos, elétricos e um hipercarro de mais de 2.000 cv",5,-24.292831,-16.827526,True,False,False,False,True
790796,2026,"Geely lidera, Tesla sobe e BYD desaparece do top 20 na China",1,67.485756,-4.62308,False,False,False,False,False
793933,2026,"Com Omoda 4 e Jaecoo 5, marca da Chery terá SUVs ainda mais baratos em breve no Brasil",5,-31.21507,-26.219896,False,True,False,False,True
797582,2026,AC Cobra ganha versão fechada com V8 de 720 cv e visual de Le Mans,4,-14.896077,-18.139122,False,True,False,False,False
794929,2026,Adicione o Motor1.com Brasil às suas fontes favoritas; leva apenas 15 segundos,5,-0.58205867,-7.1340256,False,False,False,False,False
785711,2026,Sucesso do Toyota Yaris Cross híbrido faz fila de espera chegar a agosto,4,-7.4754796,42.23144,True,True,False,False,True
793911,2026,Segredo: Chevrolet Tracker será primeiro híbrido leve da marca no país,0,5.6132426,27.35994,True,True,False,False,True
797715,2026,Hyundai i20: essa é a primeira imagem do futuro nacional da marca,0,-13.385222,66.90334,True,False,False,False,True
796049,2026,Carros híbridos voltam a fazer parte da estratégia das montadoras; entenda,5,3.3440826,-22.541231,True,True,False,True,True
798900,2026,Novo CAOA Changan CS75 é SUV médio com porte de grande e parte de R$ 199.990,4,-37.026096,-9.357896,True,False,False,False,True
792865,2026,Nissan X-Trail e-Power 2027: nova geração é revelada e deve chegar ao Brasil,0,-1.8480945,-46.03529,True,True,False,False,False
796319,2026,Novo BMW Série 1 ganhará versão elétrica com tração traseira em 2028,3,-64.15671,-16.463888,True,False,False,False,False
788079,2026,"Líder há cinco anos, Fiat Strada atual chega as 850 mil unidades",0,19.194357,32.901897,False,False,False,False,False
798616,2026,"Prestes a virar nacional, Geely EX5 ganha motor de 333 cv na China",0,-27.873827,-15.551022,True,True,False,False,True
796051,2026,Tesla mira nos robôs e tira de linha os Model S e X,5,-6.248606,-11.565088,True,False,False,False,False
791202,2026,"Após investir R$ 5 bi, CAOA Changan Uni-T inaugura produção nacional",5,-36.606953,-26.43639,True,True,False,False,True
795188,2026,"Efeito Sonic? Citroën dá descontos de até R$ 25 mil no preço de C3, Aircross e Basalt",4,29.829065,6.2059593,False,False,False,False,False
794211,2026,"BYD aposta em híbridos antes dos elétricos no Brasil, diz Stella Li",5,-33.921654,-14.736283,True,True,False,False,False
792974,2026,Porsche 911 GT3 S/C (2026): GT3 conversível com câmbio manual,4,-33.15165,-45.63409,False,False,False,False,False
791582,2026,"Fiat Mobi fica, sobreviverá ao novo Argo e será mini SUV até 2028, diz site",0,29.117506,28.102152,False,True,False,False,True
796055,2026,EXCLUSIVO: novo Hyundai Bayon já iniciou testes no Brasil,0,-13.271992,67.272995,False,False,False,False,True
786414,2026,Saga Velozes & Furiosos já tem data para acabar; veja o que sabemos,5,-2.330648,-9.104656,False,False,False,True,False
789085,2026,"Líder, BYD Dolphin Mini já vende mais que VW Tera no varejo",1,81.27095,7.379519,True,False,False,False,False
793889,2026,VW revela sistema híbrido que estará no futuro T-Cross,0,-30.838757,6.6048746,True,True,False,False,True
783146,2026,Ela voltou! Nova Ram TRX 2027 é revelada com V8 e 787 cv,4,13.0433,39.10906,False,False,False,False,False
783243,2026,Novas regras para ciclomotores começam a valer; veja quais e o que são,5,9.445035,-12.389456,False,False,False,False,False
798012,2026,Carro elétrico por R$ 99 mil? Veja todos os descontos do Move Brasil,4,15.293256,15.863401,True,True,True,False,True
796729,2026,Flagra: Jaecoo 5 Hybrid já está desembarcando no Brasil e custará menos de R$ 160 mil,0,-31.066103,-25.981037,True,True,False,False,True
798511,2026,GWM Haval H6 se aproxima do Jeep Compass nas vendas de SUVs em maio,1,77.277855,-20.42911,False,True,False,False,False
786171,2026,Oficial: nova geração do VW Tiguan 2026 chega em março; motorização é dúvida,0,-28.17384,9.872611,True,True,False,False,True
787165,2026,Oficial: Chevrolet Sonic 2027 tem data para chegar ao Brasil,0,4.1870627,28.436396,False,False,False,False,True
796745,2026,Oficial: novas Fiat Toro e Ram Rampage crescerão e poderão ser híbridas,0,16.025599,40.81303,True,True,False,True,False
795320,2026,Doze minutos de vendas do novo Tiguan podem render R$ 1 bi à VW,4,-34.465763,-7.515979,False,False,False,False,True
799059,2026,Nissan Kicks ganha opção aventureira e híbrida que faria sucesso no Brasil,0,-1.5967423,-46.974,True,True,False,False,True
787047,2026,Hyundai Creta retoma versão Action por R$ 119.990 para PCD,4,-8.687557,65.29322,False,False,False,False,True
799305,2026,Flagra: Fiat Argo nacional será mais simples e menos colorido que o Panda,0,27.434729,26.83474,False,False,True,False,True
788746,2026,BMW M2 com kit M Performance Track fica mais rápido sem mexer no motor,3,-65.606415,-10.469643,False,False,False,False,False
792431,2026,"EXCLUSIVO: Nova VW Amarok 800 TSI terá 81,6 kgfm e mais de 470 cv",0,-36.814857,13.09036,True,True,False,True,False
789225,2026,Projeto quer exigir mais um item obrigatório no seu carro: colete refletivo,5,11.076147,-12.623743,False,False,False,False,False
796902,2026,"Dossiê Stellantis: o futuro de Fiat, Jeep, Peugeot e Ram até 2030",0,26.351856,0.35144138,True,False,False,True,True
787614,2026,Audi RS5: primeiro híbrido plug-in da RS começa a aparecer,0,-52.530846,-32.437187,True,True,False,False,False
786791,2026,"Strada, Toro, Fastback e mais: como venderam os carros da Fiat em janeiro?",5,33.64149,16.241438,False,False,False,False,False
783480,2026,Toyota adota home office na Venezuela após prisão de Maduro,5,-17.706312,38.00438,False,False,False,False,True
790675,2026,Ford do Papa? Marca cria Explorer híbrido exclusivo para Leão XIV,0,-53.001953,11.618268,False,True,False,False,True
783798,2026,"Jeep Renegade tem desconto de R$ 21 mil e sai por preço de Basalt, vale a pena?",4,41.74361,-1.9049215,False,True,False,False,True
784580,2026,Confirmada: Ford Ranger cabine simples chega ao Brasil em 2026,0,-54.40548,27.01581,True,True,False,True,False
783962,2026,Subaru WRX STI: Novo protótipo é o que mais se aproxima da versão final,5,-9.769678,-14.546491,False,False,False,False,False
789100,2026,BYD Song Plus 2027 ou GWM Haval H6 PHEV19 2026? Qual o melhor por R$ 250 mil?,4,-32.03317,-16.133005,True,True,False,False,True
786162,2026,Strada dispara e VW domina top 5: os 50 carros mais vendidos de janeiro,1,69.79183,20.983223,True,False,False,False,False
784816,2026,Chevrolet Tracker RS 2026 recebe interior preto e atende pedidos de clientes,4,1.447004,28.08644,True,True,False,False,False
789970,2026,"Sem unidades novas desde 2025, Suzuki Jimny some do site oficial",4,4.098107,54.194798,True,True,False,False,True
788262,2026,Novo BMW M135 2026 chega por R$ 459.950 e quer encarar Golf GTI,3,-58.40136,-8.104093,False,False,False,False,False
788882,2026,GM é processada por suposta venda de dados de clientes,5,7.095009,-7.1214747,False,False,False,False,False
784159,2026,A indústria automotiva enfrentará 3 grandes desafios em 2026; veja quais,5,1.6828269,-22.191095,True,True,False,True,False
793297,2026,Kia Carnival 2026 deixa de lado V6 e vira híbrido de R$ 684.990,4,-38.59515,-4.55148,True,True,False,False,True
797511,2026,Honda NX500 muda para 2027 para seguir competitiva entre as aventureiras médias,2,37.859737,46.11236,False,False,False,False,False
787783,2026,"M1 numbers: BYD supera vendas globais de GM, Ford e Honda em 2025",5,36.22954,7.7359467,False,False,False,False,False
797957,2026,Adeus à correia banhada a óleo: Stellantis atualiza motor PureTech,5,10.384624,7.356506,True,False,False,True,False
789676,2026,BYD pode seguir receita da BMW com novo Dolphin; entenda,0,-31.649414,-14.23549,False,True,False,False,True
789964,2026,Nissan Leaf robotáxi estreia nas ruas de Tóquio ainda este ano,5,2.9709911,-41.03202,True,False,True,False,False
787886,2026,"Os carros ""super híbiridos"" em breve se tornarão ""hiper híbridos""",5,-22.73249,-15.256825,True,True,False,False,False
788570,2026,"Fiat Toro, 10 anos: picape segue líder carregando história",4,18.572876,34.274227,False,False,False,True,True
795196,2026,Geely está interessada em fábrica da Ford e pode criar novo Fiesta,5,-48.919666,7.9853907,False,True,False,False,True
790848,2026,CAOA Chery Tiggo 5X ganha versão híbrida que faz 1.000 km com um tanque,4,-38.833336,-27.6016,True,True,False,False,True
794013,2026,Yamaha lança ZR Hybrid Connected 2026 no Brasil por R$ 13.990,2,45.073166,44.758896,True,True,False,False,False
796725,2026,O Citroën 2CV está quase pronto para voltar: eis sua primeira imagem,5,11.372791,-21.029001,True,True,False,False,False
791705,2026,"Lançado há 10 anos, Fiat Mobi chega às 600 mil unidades vendidas",4,25.202831,23.733076,False,False,False,False,False
799052,2026,Hyundai I20 gringo começa a dar adeus para chegada do brasileiro,4,-10.893521,65.37461,False,False,False,False,False
791397,2026,Novo BYD Song Pro híbrido flex chega em breve e feito na Bahia; veja o que sabemos,0,-32.591164,-15.152407,True,True,False,False,True
783989,2026,"Mercedes-Benz confirma Classe A até 2028, mas produção sai da Alemanha",5,-17.119299,-65.92037,False,False,False,False,False
794150,2026,BYD Mako é nome da picape híbrida flex que quer destronar a Toro,0,-35.64159,-18.563583,True,True,False,False,True
784437,2026,VW Passat B6: quando a marca do povo investiu no luxo,0,-25.059515,5.3786206,False,False,False,True,False
796493,2026,Carros chineses fabricados na Europa: o preço continuará competitivo?,5,-1.0953449,-16.025015,False,False,False,False,False
795092,2026,Geely desembarca 5 mil EX5 híbridos no Brasil e contornará aumento de impostos,5,-27.3832,-13.207927,True,True,False,False,True
796224,2026,Nova VW Tukan: tudo o que já sabemos da nova anti-Toro da marca,0,-35.034786,9.248429,True,True,False,False,False
787061,2026,Leopardo da Neve: um felino chinês se junta à fauna da Antártida,5,6.803385,-12.295443,False,False,False,True,False
794087,2026,Novo Jaecoo 5 chega ao Brasil em julho e preço pode partir de R$ 150 mil,0,-31.045969,-25.927872,True,True,False,False,True
790681,2026,Veja os 4 carros que a Jaguar matou em nome da dramática virada elétrica,5,-12.432412,-24.406408,True,True,False,False,True
797358,2026,"O que está por trás da Voyah, a segunda marca chinesa adotada pela Stellantis",5,23.151596,0.371491,True,True,True,False,True
785650,2026,"CEO global da Ram 'adoraria' ter a Rampage nos EUA, mas custos não batem",0,13.687188,41.8235,False,True,False,True,False
794589,2026,Novo Chevrolet Sonic tem interior revelado antes da estreia no Brasil,0,3.208407,28.452604,False,False,False,False,True
787961,2026,Da F-100 à F-1000: as grandes picapes da Ford fabricadas no Brasil,0,-56.356434,24.598297,False,False,False,True,False
784665,2026,Geely EX2 foi o modelo mais vendido no mercado chinês em 2025,5,36.391308,7.5867705,True,True,False,False,False
792863,2026,"Nissan redesenha futuro com menos carros, IA em 90% da linha e novos SUVs globais",5,3.5515711,-45.095608,True,True,False,False,True
795673,2026,SUVs em abril: VW T-Cross e Hyundai Creta travam disputa acirrada pela liderança,1,75.22753,-6.796411,False,False,False,False,False
790977,2026,"Land Rover Freelander, que será feito pela Chery, já tem data para chegar",5,-14.316458,-32.257187,True,True,False,False,True
798606,2026,Hyundai HB20 e Creta 1.0 turbo terão potência de i20 para pagar menos imposto,4,-12.057562,63.57291,True,False,False,False,False
795198,2026,"Motos em abril: Honda lidera, mas Bajaj chega à 5ª posição pela primeira vez",2,47.162422,17.235037,False,False,False,False,False
795195,2026,"Sem CNH física, habilitação em São Paulo é a mais barata do Brasil",5,11.952664,-10.282194,False,False,True,False,False
786812,2026,Novo Suzuki eVitara chega em breve; veja o que sabemos,4,-26.859756,-12.213565,False,False,False,False,True
792176,2026,Bajaj atinge 50 mil motos produzidas no Brasil em menos de 2 anos,5,43.855923,20.209646,False,False,False,False,False
791255,2026,Flagra: novo mini Classe G da Mercedes-Benz será exatamente o que esperávamos,0,-16.89318,-66.915535,True,True,False,False,True
791566,2026,Easter Jeep Safari 2026: o coelho da Páscoa trouxe seis 4x4 radicais,4,34.570656,-3.975275,False,True,False,True,True
796657,2026,"Além do Argo: Fiat terá novos Fastback, Pulse, Strada e SUV de 7 lugares",0,28.979984,27.901962,True,True,False,False,True
785065,2026,"Fiat Titano vs Ram Dakota: ponto a ponto, o que muda em cada uma?",4,13.366302,37.71161,False,False,True,True,False
791972,2026,Kymco lança scooter de 3 rodas que pode resolver um medo dos motociclistas,2,39.81553,32.00552,False,False,False,False,False
789221,2026,"M1 Numbers: depois dos elétricos, chineses também dominam EREVs",5,1.861959,-22.25671,True,True,False,False,False
796967,2026,BYD Dolphin híbrido chega em junho com mais de 1.000 km de autonomia; será flex no Brasil,5,-32.43056,-14.276151,True,True,False,False,False
797518,2026,GAC Aion UT estreia no Brasil com 204 cv e duas versões partindo de R$ 139.990,4,-28.151665,-12.039604,True,False,False,False,False
793325,2026,Shineray renova a SHI 175 de olho na Honda Bros; veja o preço e o que muda,2,38.982716,36.2227,False,False,False,False,False
793314,2026,Dacia terá substituto do Kwid elétrico como primo do Twingo,0,23.920486,-28.70469,True,False,False,False,False
783542,2026,Não foi só o Monza: Ford Focus também teve lote perdido da Venezuela,5,-50.42271,12.008081,False,False,False,False,False
785387,2026,EUA em 2025: Ford F-Series completa 44 anos no topo,1,68.73789,-2.1570308,False,False,False,False,False
786644,2026,Fiat Argo 2026 recebe reajuste e fica mais caro; veja os preços,4,18.027603,23.056698,False,True,False,False,False
787609,2026,Novo Renault Koleos 2027 híbrido já aparece no site da marca,0,20.126476,-31.955156,True,True,False,False,True
787922,2026,VW ressuscita Golf GTI Roadster V6 biturbo que nunca existiu,0,-34.31273,29.455454,False,False,False,False,False
793780,2026,Lepas; quinta marca do grupo Chery é confirmada para o Brasil,0,-35.322266,-27.131132,False,True,False,False,True
795621,2026,VW Tukan perde camuflagem antes de aparecer na Copa do Mundo,0,-35.953655,7.022546,False,True,False,False,False
792991,2026,"Após greve, governo derruba PL que regulamenta motoristas de app",5,11.9256935,-11.654189,True,False,False,False,False
790435,2026,Flagra: Mercedes-Benz já testa nova geração do CLA no Brasil,4,-24.865723,-67.459564,True,True,False,False,False
796615,2026,"Fiat revela os futuros Pulse e Fastback, que terão opções híbridas e até 7 lugares",0,27.87626,26.723282,True,True,False,False,True
797243,2026,CFMOTO estreia com oito lojas simultâneas e preços a partir de R$ 32.990; veja modelos,4,40.33817,34.22446,False,False,False,False,False
790021,2026,Ram Dakota chega às lojas mais cara para enfrentar Hilux e Ranger,4,13.413732,37.181423,False,False,False,True,False
798275,2026,Toyota volta atrás no preço do Yaris Cross XR e o deixa apto ao Move Brasil,4,-7.4047456,41.907806,True,True,False,False,True
793472,2026,Novo Nissan Skyline tem visual retrô e promete forte apelo emocional,0,-0.09413042,-47.882988,True,False,False,False,False
793608,2026,Chevrolet Sonic chega em maio para brigar com Nivus,0,3.5359664,28.479034,False,False,False,False,True
784098,2026,Flagra: nova geração do Hyundai HB20 crescerá e será quase um novo i30,0,-13.830918,67.217575,True,False,False,False,False
788888,2026,Novo Audi Q3 já é fabricado no Brasil e tem data para chegar às lojas,0,-55.08666,-34.345448,False,False,False,False,True
790019,2026,Vendas: Sedãs compactos perdem força no mercado e ficam atrás de SUVs,5,5.2429156,29.417465,False,False,False,False,True
798249,2026,KTM e Husqvarna agora estão sob gestão da Bajaj no Brasil,5,43.21803,21.104916,False,False,False,False,False
789108,2026,Vendas diretas em fevereiro: Fiat Mobi lidera top 5 exclusivo de hatches,1,79.90563,9.809253,False,False,False,False,False
786764,2026,STF avaliará Lei Renato Ferrari e pode mudar forma como os carros são vendidos no Brasil,5,14.664825,-60.105053,False,False,False,False,False
795657,2026,"Fiat Toro terá rivais de Toyota, BYD, VW e Renault nos próximos meses; veja quais são",0,-35.642784,8.181611,True,True,False,True,True
787657,2026,Toyota Yaris Cross já está disponível para assinatura; veja os preços,4,-7.3479285,42.06274,True,True,False,False,True
796234,2026,"Lada registra um novo Niva, que pode chegar até 2028",0,23.056047,-29.533304,False,False,False,False,True
786264,2026,Sentiu diferença? BMW muda seu logotipo de novo com chegada do IX3,3,-66.04788,-14.857937,False,False,False,False,False
786409,2026,"Nova CNH faz número de pedidos quadruplicar, diz Senatran",5,11.091154,-10.852617,False,False,True,False,False
794020,2026,GWM Tank 300 será o primeiro híbrido flex da marca no Brasil,0,-29.879625,-18.588095,True,True,False,False,True
792160,2026,BYD lança novos Yuan Plus e Dolphin 2027; veja os preços,4,-31.443014,-13.964691,True,False,False,False,True
787504,2026,Grupo Volkswagen fará cortes de custos e pode fechar fábricas,5,-13.0823965,3.0637937,False,False,False,False,False
799598,2026,Move Brasil: Jeep tem Renegade e Compass com até R$ 55 mil de desconto para táxi,4,42.945374,-1.2292122,False,True,False,False,True
793056,2026,GWM Haval H6 PHEV35 2026 passa a contar também com interior preto,4,-29.335064,-18.917124,True,True,False,False,True
798808,2026,"Flagra: ainda novo no Brasil, Honda WR-V já roda de cara nova na Índia",2,22.836334,59.015705,True,True,False,False,True
786650,2026,"Ford confirma novo carro ""acessível"" para a faixa de R$ 200.000",5,-50.325012,7.4828286,True,True,False,False,True
792867,2026,Nissan confirma nova Frontier Pro Híbrida na América Latina ainda em 2026,0,-12.194833,-46.6962,True,True,False,True,False
799198,2026,Nissan entra na onda e pede Endrick em campo no próximo jogo da Seleção,5,1.9379451,-43.62314,False,False,False,False,False
784151,2026,Lojas da Audi nos EUA amaram o novo Q9: 'o carro de mãe que precisávamos',5,-58.04225,-33.844933,False,False,False,False,True
784444,2026,"Vendas de veículos devem crescer de forma ""moderada"" em 2026 com Copa do Mundo e Eleições",5,40.019608,14.546882,False,False,False,False,False
789558,2026,Ford lança Ranger Cabine Simples e Chassi de olho no agro e frotas,4,-52.81991,24.076332,False,False,True,True,False
783562,2026,Yamaha lança a Fazer 250 (FZ25) 2026: veja os preços e o que muda,2,46.08852,44.284374,False,False,False,False,False
794454,2026,Mercedes-Benz oficializa chegada dos GLA e GLB Night Edition,4,-23.372318,-65.679565,False,True,False,False,True
791375,2026,Toyota pena para dar conta da produção da Hilux e culpa é do Brasil,0,-22.310514,40.712666,True,False,False,True,True
786801,2026,Picapes em janeiro: Fiat Strada tem melhor início de ano desde 2015,1,80.21783,-14.059587,False,False,False,False,False
786003,2026,Setor automotivo enfrenta gargalos entre custo de produção e preço final,5,16.020514,-5.0578055,False,False,False,False,False
790147,2026,Foton lança comerciais elétricos no Brasil; preços partem de R$ 235 mil,4,-26.989967,-10.764209,True,False,False,True,False
798367,2026,Novo Hyundai i20 tem primeira imagem do interior divulgada no Brasil,0,-13.327776,66.79381,False,False,False,False,True
795637,2026,Nova Tukan? VW do Brasil faz suspense e apaga feed do Instagram,5,-34.00076,9.558404,False,False,False,False,False
788426,2026,"Híbrida, Yamaha Fluo 125 chega à linha 2027; veja o preço e o que mudou",2,44.97643,44.716217,True,True,False,False,False
784261,2026,Novo Renault Filante é SUV de luxo com plataforma Geely e pode chegar ao Brasil,0,20.686716,-31.555046,True,True,False,False,True
784319,2026,Marcas mais vendidas de 2025: Fiat completa cinco anos seguidos na liderança,1,72.96196,-5.576261,False,False,False,False,False
789315,2026,Novo Mercedes-AMG GT 4 Coupé: os detalhes do interior do novo supercarro,5,-24.164398,-61.484463,True,False,False,False,False
784306,2026,Os carros das Helenas: relembre o que dirigiam as personagens das novelas de Manoel Carlos,5,-1.0639789,-9.778718,False,False,False,False,True
798805,2026,O novo BMW X5 2027 está prestes a ser lançado,3,-66.10006,-14.600575,True,True,False,True,True
797953,2026,Ford indica novo Mustang de quatro portas e reacende rumores,5,-52.530315,-0.5675711,True,False,False,False,True
793715,2026,"IM Motors, marca premium ligada à MG, é confirmada no Brasil em 2026",5,-25.870218,-13.679744,True,False,False,False,True
798605,2026,Ford oferece Ranger V6 por R$ 299.990 em promoção de aniversário,4,-52.30588,23.800453,False,False,False,True,False
791216,2026,CAOA Changan Uni-T estreia no Brasil com motor flex por R$ 169.990,4,-37.92188,-24.507715,False,True,False,False,True
795227,2026,Motos em abril: Honda CG lidera e Mottu quase sai do Top 10; veja o ranking,2,49.500614,17.57068,False,False,False,False,False
791069,2026,"Tal qual Compass, Ram Rampage 2027 ganhará motor 2.0 turbo flex",4,14.887074,38.27857,False,False,False,True,False
788188,2026,"Em alta no Brasil, BYD despenca na China em janeiro",1,67.572136,-4.5183372,False,False,False,False,False
789124,2026,Harley-Davidson RMCR 1 conceito é uma moto que precisa sair do papel,5,45.302387,29.133598,False,False,False,False,False
783235,2026,"BMW assume controle da Alpina, preparadora lendária de veículos da marca",3,-69.039505,-13.694198,False,False,False,False,False
787651,2026,VW Tukan: veja como pode ficar nova picape substituta da Saveiro,0,-35.265926,8.88632,True,True,False,False,True
798468,2026,Porsche afirma: '911 jamais será elétrico',5,-35.65048,-43.01697,True,True,False,False,False
793612,2026,Mercedes-Benz dispara: ''ninguém compra mais peruas'',0,-16.497633,-66.92807,False,False,False,False,False
784576,2026,CG mais 9? Veja as 10 motos mais vendidas do Brasil em 2025,2,46.95651,16.515276,False,False,False,False,False
784457,2026,"Com ajuda do WR-V, Honda Automóveis chega a 2,5 milhões de carros produzidos",2,29.025936,59.066315,True,True,False,False,True
789690,2026,Vendas de motos em fevereiro: Honda CG 160 lidera e marca domina mercado,2,49.257,17.519224,False,False,False,False,False
795042,2026,Sportster 883 voltará: Harley-Davidson anuncia mudança de rumo e moto mais barata,5,45.04748,29.278706,False,False,False,False,False
787661,2026,VW tem T-Cross com bônus de até R$ 28 mil no mês de fevereiro,4,-18.837578,26.233803,False,False,False,False,True
790689,2026,Ford oferece Territory em promoção com taxa 0% no financiamento,4,-44.73766,15.198928,False,False,False,False,True
790677,2026,"Novas gerações de Onix, Tracker e Montana podem chegar já em 2028, diz site",0,6.2299433,25.96381,True,True,False,False,True
784004,2026,Mercedes-Benz CLA vence o Carro do Ano 2026 na Europa,5,-19.62919,-64.79063,True,False,False,False,False
787062,2026,"Depois do Corinthians, BYD fecha patrocínio com o Manchester City",5,-34.433807,-14.792138,True,False,False,False,False
794027,2026,Estreia mundial: Novo Porsche Cayenne Coupé Electric une luxo e 1.156 cv,5,-32.71418,-44.957302,True,False,False,False,True
786919,2026,BYD terá marca de baixo custo de olho em frotistas e taxistas,4,-34.531948,-9.482426,False,True,False,False,False
791426,2026,Geely coloca EX5 PHEV no site brasileiro e indica lançamento próximo,0,-30.295948,-17.49642,True,True,False,False,True
786420,2026,Varejo em janeiro: Creta é líder isolado e Ranger vende mais que Hilux,1,81.33081,7.348485,False,False,False,False,True
789662,2026,Novo Porsche Cayenne S elétrico tem até 657 cv por R$ 1.080.000,4,-31.789375,-46.32646,True,False,False,False,True
785198,2026,As 10 scooters mais baratas do Brasil em 2026 podem passar de R$ 30 mil,2,45.066154,41.699955,False,True,False,False,False
798612,2026,Hyundai i20 2027 estreia no Brasil e deixa futuro do HB20 em aberto,4,-11.009598,65.521576,False,False,False,False,False
795203,2026,Novo motor V8 da Mercedes-AMG será revelado ainda em 2026,5,-22.725395,-61.524242,True,True,False,False,False
792555,2026,Chevrolet Camaro voltará à produção em 2027 com direito a motor V8,5,-0.4388674,12.835646,True,True,False,False,True
784757,2026,Hatches mais vendidos em 2025: VW Polo lidera com Fiat Argo na melhor fase,1,77.60214,-16.310017,False,False,False,False,False
795608,2026,Yamaha R15 e R3 ganham série especial de 70 anos da marca; veja o que muda,2,47.535,43.381878,False,False,False,False,False
790744,2026,Reino Unido tem melhor fevereiro para veículos novos desde 2002,1,64.38027,0.05945622,False,False,False,False,False
786667,2026,Toyota alerta para falta de RAV4 nos EUA e pede 'improviso' nas lojas,5,-16.757608,37.177307,False,False,False,False,True
799064,2026,Uber já tem datas para deixar de aceitar BYD Dolphin e VW Nivus; veja o calendário,5,-12.790483,-0.5736116,True,False,False,False,False
787147,2026,Toyota Corolla despenca e vendas de sedãs recuam mais de 30% em janeiro,1,75.95506,-19.180447,False,False,False,False,False
795374,2026,Exclusivo: fomos à fábrica de Gravataí (RS) ver como nasce o novo Chevrolet Sonic 2027,5,4.3046575,11.664853,False,False,False,False,True
783278,2026,"Mesmo com Sonic, Chevrolet Onix Activ volta em 2026, diz site",0,4.6148324,28.35227,False,False,False,False,True
790330,2026,Novo BMW i3 2027 é Série 3 elétrico capaz de rodar quase 1.000 km,3,-64.99486,-14.540808,True,False,False,False,True
796900,2026,"Ferrari mostra a Luce, sua primeira (e polêmica) 'macchina' elétrica",5,15.001457,-64.345116,True,False,False,False,False
785885,2026,Audi confirma que o RS5 híbrido plug-in chega este ano,0,-52.467537,-32.269505,True,True,False,False,False
794619,2026,Leapmotor B05 Ultra acelera como Golf GTI e aposta na fórmula elétrica,5,-35.114525,23.655655,True,False,False,False,False
788514,2026,Oficial: GAC confirma GS3 para o Brasil pela primeira vez; veja o que sabemos,0,-25.993937,-7.240503,True,True,False,False,True
784296,2026,BMW lança a R 12 GS 2026 no Brasil: veja o preço e o que ela traz,3,-76.69394,-7.5910206,False,False,False,False,False
788729,2026,"Primeiro híbrido da Renault, Koleos 2027 já está sendo distribuído",0,20.100746,-31.955334,True,True,False,False,True
792660,2026,BYD lança Shark 2.0 turbo de 475 cv contra Ford Ranger Raptor,4,-31.108196,-13.22352,True,True,False,False,True
791932,2026,Flagra: Renault Master pode ganhar nova geração e eletrificação em breve,0,19.752258,-26.618483,True,False,False,True,False
794851,2026,Shineray lança a SBM 250T de olho em Sahara e Lander; veja o preço,2,43.01081,41.45694,False,False,False,False,False
795765,2026,Flagra: novo Honda City 2028 aparece sem camuflagem e tem cara de Prelude,2,24.785593,60.12547,True,True,False,False,False
791808,2026,Citroën prepara volta do 2CV como elétrico de baixo custo,5,1.7475737,-16.166096,True,False,False,False,False
786494,2026,Novo T-Cross: Volkswagen acelera testes do sistema híbrido,0,-30.592712,6.091172,True,True,False,False,True
789431,2026,Caoa Changan divulga preço do Avatr 11 no Brasil,4,-27.272936,-14.44313,True,False,True,False,True
786130,2026,Jeep mata Grand Cherokee e Compass 4xe para focar em híbridos nacionais,0,38.26662,-7.016368,True,True,False,False,True
798270,2026,Porsche transformou personagens de Toy Story em carros de verdade — e eles são incríveis,5,-34.87699,-45.378662,False,False,False,False,False
796489,2026,"Avenger, próximo lançamento da Jeep no Brasil, é o 2º mais vendido na Itália em abril",1,65.01306,-3.885405,False,False,False,False,True
785193,2026,"Futuro híbrido e nacional, BYD Yuan Pro DM-i estreia primeiro na Argentina",0,-31.79505,-15.326927,False,True,False,False,True
797399,2026,Toyota Hilux e Ford Ranger comandam vendas na Argentina em maio,1,70.82553,8.635387,False,False,False,False,False
791715,2026,Oficial: Ram Rampage 2027 se torna a primeira picape flex da história da marca,4,13.03616,38.723576,False,False,True,True,False
786353,2026,"BYD passa Toyota, ameaça Hyundai e Fiat é líder isolada; veja o ranking",1,82.54246,6.488962,False,False,False,False,False
798500,2026,Chevrolet Montana 2027 ganha equipamentos e melhora acabamentos; veja preços,4,-1.5101525,27.142849,False,False,False,False,False
797353,2026,Nova Audi RS 6 terá V8 híbrido para ultrapassar os 700 cv e será lançada em breve,0,-52.23892,-32.596565,True,True,False,False,False
794834,2026,"Em parceria com a Google, Volvo terá Gemini que enxerga rua em seus carros",5,4.868634,-4.9805217,True,False,False,False,False
797624,2026,GAC Aion UT Elite ou BYD Dolphin SE? Comparamos os elétricos compactos chineses,4,-32.09614,-13.502572,True,False,False,False,False
785602,2026,Flagra: nova Nissan Frontier híbrida é vista no Brasil pela 1ª vez,0,-12.250494,-46.92662,True,True,False,False,False
799146,2026,"Polêmica hoje, desejada amanhã? Ferrari Luce pode virar item de coleção",5,13.530982,-62.669556,True,False,False,False,False
791081,2026,Deputados querem aumentar limite de peso para CNH B e culpa é dos elétricos,5,7.7615743,-14.473494,True,True,False,False,True
784960,2026,Renault aceita até celular usado na troca de um Boreal 0km,4,27.24403,-18.764412,False,False,True,False,True
791863,2026,BMW iX3 de nova geração é eleito o Carro Mundial do Ano 2026,3,-62.492104,-18.312164,True,True,False,False,True
798774,2026,Novo Fiat de 7 lugares derivado do Fastback é flagrado sem camuflagens,0,28.509193,27.526663,False,True,False,False,True
797759,2026,Chevrolet Onix ECO 2027: GM volta a produzir versão movida apenas a etanol,4,5.899172,23.485546,True,True,False,False,False
799575,2026,Flagra: Fiat acelera testes do novo Argo em sua versão mais barata,0,27.660872,26.672903,False,True,False,False,False
783262,2026,Jeep Compass e Commander terão 2.0 turbo flex e 1.3T híbrido-leve em 2026,0,40.098827,-4.512428,True,True,False,False,False
799038,2026,Novo Porsche 911 Targa 4 GTS 2027 já está em pré-venda por R$ 1.440.000,4,-31.236359,-47.776543,True,True,False,False,False
785306,2026,O que significam os adesivos nos vidros dos carros novos?,5,6.185532,-11.915591,False,False,False,False,False
794146,2026,Modelo da Chevrolet destrona Nissan Versa e lidera no México em março,1,68.015305,0.32666352,False,False,False,False,True
788288,2026,"Stellantis divulga seu balanço de 2025: prejuízo líquido de € 22,3 bilhões",5,25.541656,-0.9316156,True,True,False,False,False
790444,2026,GAC GS3 vs SUVs compactos topo de linha: quem leva a melhor?,4,-26.521883,-6.6016603,True,True,True,False,True
792972,2026,Hatches em março: Onix reage e cresce 60% enquanto Dolphin Mini bate recorde,1,77.200066,-16.485563,False,False,False,False,False
786285,2026,"Onix, Tracker e mais: como venderam os carros da Chevrolet em janeiro?",5,5.072769,28.712574,False,False,False,False,True
787910,2026,Yamaha lança a nova Crosser 2026; veja os preços e o que muda,2,46.194717,44.337917,False,False,False,False,False
791968,2026,Quer gastar menos combustível? Veja 8 dicas que funcionam,5,6.165751,-11.404598,False,False,False,False,False
789594,2026,ICar e Arrizo 6 somem do site oficial da CAOA Chery; entenda motivo,0,-37.21075,-27.47648,False,True,False,False,False
798797,2026,Audi inicia pré-venda de A5 Avant e A6 Avant e-tron no Brasil; veja os preços,4,-49.464066,-32.872696,True,False,False,False,True
791114,2026,"Feira de carros mais antiga do país, Autoshow voltará ao Sambódromo",5,15.162023,-6.2063265,False,False,False,False,False
797505,2026,Geely EX2 já encosta no Jeep Renegade; veja o ranking de maio,1,69.701836,20.795568,False,False,False,False,True
794353,2026,"Volkswagen ID. Polo 2027: ""anti-China"" da alemã estreia com  até 211 cv",0,-24.378986,2.0951538,True,False,True,False,True
793762,2026,Chevrolet Spin chega à linha 2027 com nova versão e equipamentos,4,-2.8023937,29.631304,False,False,False,False,False
794848,2026,Chery lança seu próprio Audi A5 com nova geração do Arrizo,0,-37.316055,-26.86275,True,False,False,False,False
793779,2026,Leapmotor estuda trazer SUV elétrico de entrada B03X ao Brasil,0,-29.554186,-15.507883,True,False,False,False,True
790568,2026,Novo Jeep Avenger 2027 chegará ao Brasil já com novo visual; veja projeção,0,39.905476,-8.640651,False,True,False,False,True
796750,2026,A guerra dos 1.000 cv: quando potência vira vitrine,5,-24.359755,-16.649994,True,True,False,False,False
799067,2026,Oferta: VW tem Nivus Highline por preço de Tera em junho; veja condições,4,-18.361084,25.802328,False,False,False,False,True
793852,2026,Itália em março: Leapmotor emplaca elétrico na terra da Fiat,1,65.046265,-3.8473535,False,False,False,False,False
791406,2026,Fiat dispara 113% e invade top 10 na Alemanha; VW segue líder,1,61.40216,-3.6254282,False,False,False,False,False
792806,2026,Novo Fiat Fastback 2027 estreará no Salão de Paris; veja o que sabemos,0,28.952072,27.474127,True,True,False,False,True
798894,2026,GWM Haval H9 Selection 2027 é lançado por R$ 339 mil com estilo de carro de luxo,4,-31.009243,-19.177122,False,False,False,True,True
789322,2026,VW Tera e Nivus dominam vendas de SUVs e crossovers compactos em fevereiro,1,75.23533,-6.762839,False,False,False,False,False
796865,2026,"Após superar o SW4, Haval H9 ganha atualização no Brasil",4,-29.478676,-19.621138,False,False,False,True,True
796237,2026,Motorista que matar no trânsito pode ficar 10 anos sem CNH; entenda proposta,5,12.228159,-12.946942,False,False,False,False,False
799172,2026,Honda renova CB650R E-Clutch 2027 e mantém tecnologia de embreagem automática,2,37.53947,46.432564,False,False,False,False,False
785343,2026,"Novo VW ID.4 vai mudar tanto que vai virar ID.Tiguan, diz sindicato",0,-23.220652,2.2415173,True,False,False,False,True
786356,2026,"Aceleramos: Nova Dakota tem ""sabor Ram"" e mira Hilux, Ranger, S10 e cia",4,13.531337,37.781822,False,False,False,True,True
790634,2026,Range Rover clássico recebe motor V8 de Corvette e preço de R$ 2 milhões,5,-17.786139,-30.84045,False,False,False,False,False
796660,2026,"Cadillac volta ao Brasil com lojas em São Paulo, Curitiba e Brasília",5,-1.4976091,11.064598,True,False,False,False,True
786133,2026,Fim do bocão? Audi planeja mudar grade de todos os seus carros,5,-56.8082,-34.393955,False,False,False,False,False
797233,2026,Novo Jeep Renegade 2028 pode ter sido relevado sem querer,0,38.365467,-8.40549,True,True,False,False,True
784272,2026,"Que fim levou o Corsa? Revolucionário no Brasil, agora é primo do 208",0,0.95929855,15.308986,False,False,False,True,False
785207,2026,Análise: o declínio do Salão de Detroit contado em números,5,-3.6201682,-25.89409,False,False,False,False,False
787347,2026,Subaru estuda picape para brigar com Ford Maverick e Ram Rampage,0,-58.242706,19.367579,False,False,False,False,False
787673,2026,Câmeras com IA mostram infrações com clareza e já aplicam multas no Brasil,5,10.439228,-8.818425,False,False,False,False,False
793921,2026,"Nissan NX8, SUV chinês feito com a Dongfeng, estreia em Pequim e vem ao Brasil",0,-2.9727306,-45.398617,True,True,False,False,True
792263,2026,Motor1.com estreia nova plataforma de comentários no Brasil,5,-0.5199562,-7.0511084,True,False,False,False,False
790861,2026,Moto elétrica da Honda ganhou um prêmio de design antes mesmo de chegar às lojas,2,35.85809,51.268284,True,False,False,False,False
783690,2026,"Fiat Strada ganha serviços conectados, mas apenas em 2 versões",5,23.800406,21.220474,False,False,False,False,False
790824,2026,"Toyota já prepara produção da nova Hilux na Argentina, incluindo elétrica",0,-22.368345,40.843513,True,True,False,True,True
784952,2026,Nova Ram Dakota 2027 já está em pré-venda por R$ 289.990,4,13.866092,37.699554,False,False,True,True,False
